id	spotify_id	popularity	release	danceability	energy	key	mode	valence	tempo	duration_ms
01rMxQv6vhyE1oQX	4UYpnpm7ZDdo0hyyZNXSpl	41.0	2016	0.598	0.722	6.0	0.0	0.382	104.001	209507
02ZnlCGZEbkfCDxo	7eiFkQw3snYtC8jtHNUWvf	36.0	2001	0.569	0.727	1.0	0.0	0.225	110.964	228840
04OjszRi9rC5BlHC	4BmtCb6sdMqECAItGmFDvU	45.0	2006	0.226	0.4	11.0	1.0	0.1009999999999999	88.67299999999999	314413
04iitW3ffa0mhpx3	34ceTg8ChN5HjrqiIYCn9Q	65.0	2008	0.6729999999999999	0.6829999999999999	1.0	1.0	0.713	171.86	232000
04xUDjAYC14jsHyH	3H3RrT7cDpfXWromZIZEfv	25.0	2014	0.411	0.924	2.0	1.0	0.59	103.36	193427
06HvNTU9M9lnH71I	29LTZ2Hs6t2pAvQCLDREvo	38.0	2003	0.257	0.2189999999999999	9.0	1.0	0.0767	142.835	239733
06WySIW5UDIHF2Ri	3JAqNq7ompz6iAQ0u9EJ47	17.0	1985	0.292	0.895	1.0	0.0	0.767	160.28799999999995	248040
07bR4m5Oo4lvHJFW	3VcH4AZzVtUtHdz5jjjuT5	30.0	2002	0.81	0.4029999999999999	5.0	0.0	0.272	105.017	233387
09mWmQm7ixF4cCjx	5OnmeOigUabKCugoB7Lwgq	43.0	2012	0.51	0.883	1.0	1.0	0.145	129.974	261680
0AUV4mCpGOuuWNUX	5bILDCXPGi8U8rgfS75gbo	29.0	2009	0.3229999999999999	0.944	2.0	1.0	0.5379999999999999	94.135	258187
0BVyGvdW4ntQDEcu	6rWiSclqazCogCXypYLOTv	30.0	2000	0.513	0.389	8.0	1.0	0.166	98.759	262333
0DNKXcAGmMYmJdjP	6IDDwI0YOCAUDhMZltQekS	52.0	2014	0.632	0.805	11.0	0.0	0.275	115.489	183093
0DXkmUpDJT0AyerU	1UVffD20CfHJ2wD0x0as8L	54.0	2006	0.362	0.945	10.0	0.0	0.487	114.797	243747
0E1zWP8MXmbXfTTX	0i9kFWe7doJf9sEd05yzOr	45.0	2017	0.56	0.363	0.0	0.0	0.128	73.215	274107
0EVEKKlvBiB0Dkge	6h2YXTAX6QN83w0gOTjDZa	44.0	2013	0.473	0.4679999999999999	8.0	0.0	0.4479999999999999	119.68	198000
0F5ITSxH0rBegwve	4vmTtO8qFF9StEVeQ1KftR	46.0	1977	0.637	0.4970000000000001	2.0	0.0	0.435	111.429	248867
0IqeNloQ3SuH1b4V	6tg9mQjd93dkEcrAsUzkE4	19.0	2007	0.618	0.207	8.0	1.0	0.45	90.851	162040
0JYaNceX5H5sSUJi	1TQnJtARi8nN54bb43B87X	23.0	1981	0.966	0.569	9.0	1.0	0.961	121.975	346640
0K2vsBA9smDZxKno	6Cc8UC0PICsByhiOnXUF3n	21.0	1994	0.3389999999999999	0.964	8.0	1.0	0.586	158.30100000000004	89507
0KrfpITRYCMTHZno	2ZSmbG7hYBy2ObB41JQ3WW	49.0	2019	0.61	0.919	7.0	1.0	0.495	111.998	184893
0LZdcvMJHDWZyVDS	31nItlXwgCCFpttS50Rbxf	51.0	2003	0.341	0.249	8.0	1.0	0.173	84.036	288133
0MMDu3QYnVUgnX2L	1DuRj46elVZRTFARz4CXWr	28.0	1966	0.366	0.361	2.0	1.0	0.405	115.99	150400
0MXDGjV7Qg5AEpGu	4H9RjenAWiqz9gdGKuVcAV	23.0	2002	0.428	0.964	2.0	1.0	0.359	126.223	255533
0NTv0wWYCzQNjE0m	1k2NAVkk5eETEerZwGGEia	39.0	1999	0.493	0.7829999999999999	5.0	1.0	0.684	167.972	198653
0NlLsUEZeTNagO3r	30uLviIQ59DMggZOC2VNpo	50.0	2002	0.499	0.725	4.0	0.0	0.37	160.16899999999995	176493
0O17o38iEPkl4FWD	7JtZONUkxYt3QYmHMnUVrp	19.0	2003	0.507	0.8	0.0	0.0	0.236	110.038	322467
0OuXKk7qlgvo6egK	2CiHoxPDpRjS6oxT6A8dod	29.0	2015	0.7090000000000001	0.536	11.0	0.0	0.562	103.948	268228
0QSQ3CDT5x4GRIgi	1lZ4j5WBURBwZ0M5TT46wP	49.0	1999	0.696	0.872	1.0	0.0	0.55	122.009	220160
0QSuci5nyuRojGbo	47HELc4c6ZTHqUyh0wkuGz	24.0	2005	0.132	0.288	0.0	0.0	0.244	142.501	454147
0RswMLgk4KS4GbIP	5lZZmityu9TAjNvSY6GLhR	70.0	2018	0.742	0.84	5.0	0.0	0.287	138.032	204360
0SpykgFTUzfUTJkN	5AD2njpbNgwMC2BJLJYYZO	37.0	2005	0.55	0.855	4.0	1.0	0.436	121.842	240253
0TanEa2QCnKAedsL	1KzNsOkpQthVwpCJrADJEQ	62.0	2017	0.745	0.7440000000000001	9.0	1.0	0.451	162.965	184964
0UHzuflmmfXZkZNQ	10iiXcxz5gJlGFoUs4j83E	39.0	2012	0.3879999999999999	0.967	11.0	0.0	0.27	145.082	270347
0Vbfs25K0D6Yuq5T	3Gr6fisu6QAHN49IHD6lGC	37.0	2010	0.4379999999999999	0.98	1.0	1.0	0.248	107.505	169467
0Wc7JGEjjUDM4vp2	3fIy4QxkRUeFLQEP48K1wK	36.0	2009	0.636	0.2269999999999999	2.0	1.0	0.758	132.047	92627
0We9TRA5zyjS7ush	1QuWaxZSKxaMx5wupfNqQr	30.0	2010	0.598	0.972	9.0	1.0	0.3289999999999999	133.025	211307
0WnFjxBFNLqMCT1i	3Xg7RAV68Y0l8xyqQsuKJe	41.0	1991	0.471	0.599	6.0	0.0	0.424	119.18	387573
0Y5TcGlWJnW7IVdK	1ZPlNanZsJSPK5h9YZZFbZ	68.0	1984	0.773	0.6559999999999999	3.0	0.0	0.971	119.754	218627
0ZLbSoXXsKlXYZ7a	56IQUfsUskt9VHe6YM6kue	49.0	1955	0.38	0.155	1.0	1.0	0.127	94.23	200440
0ZeUa6hsJJrS2bI4	7zx4AkvHQa7NiFRtGbF6yt	20.0	2009	0.491	0.654	9.0	1.0	0.287	113.026	420827
0Zhw8ngsZeMvxZM3	6dqiwfvxb1AM5y1vyVwaa0	60.0	2018	0.644	0.3289999999999999	1.0	1.0	0.2019999999999999	156.971	152375
0eQ9qGzhU6U8qBAh	7gCFsLwILXxos23Pd7mB6l	44.0	1987	0.608	0.813	0.0	1.0	0.608	132.099	208293
0ea5Bpmf3b40M50R	4iUEAUm9GfwOH1RHMHZEBA	22.0	2003	0.521	0.8809999999999999	1.0	0.0	0.317	127.061	249000
0h8G1bhVFVP6G9Km	33ZJkoSI4m9RzT4rZUthGn	38.0	2011	0.557	0.7090000000000001	1.0	0.0	0.154	119.959	240627
0hKlEmVgAORW1A02	6ZlEQ9EXDUiynEfO78xX4M	27.0	2011	0.5579999999999999	0.853	9.0	1.0	0.318	125.003	223257
0hhgAPscs36TcQI6	57rro2VcnlGgDu9l7QWXic	17.0	2004	0.483	0.0519	9.0	1.0	0.2319999999999999	101.548	101707
0hi5FGoizAXxin1K	5nAv07s2ga1RL6xSux5pSw	17.0	2004	0.5770000000000001	0.525	7.0	1.0	0.331	97.068	197147
0iBn5ZIwJYlSCtBX	2pElcD1PtPCBCWgUvst3Hw	29.0	1975	0.471	0.36	7.0	1.0	0.3429999999999999	96.694	229360
0iPuXAAtTUIXMSDs	7sfdLiZRT0l3Sx89b8LPRG	9.0	2006	0.6890000000000001	0.735	1.0	1.0	0.618	117.032	242107
0ihMyBXgcgrOCMul	2PJvCAUw2ibXPh97TtsGS3	22.0	2012	0.421	0.677	9.0	0.0	0.2239999999999999	81.015	111560
0jfEVJ5elKCKz8PO	7jzcoWGOQXGufcXbs7TFVN	47.0	2018	0.626	0.667	2.0	0.0	0.285	77.99600000000002	139718
0kAx1WluUmlF8EYA	3sNVsP50132BTNlImLx70i	65.0	2013	0.359	0.662	1.0	1.0	0.288	152.096	229147
0kSdTqYxL1L8fe9n	2KnpVIbSPdfFt1AKVPJ6nW	36.0	1978	0.818	0.418	4.0	0.0	0.609	148.588	216280
0mdmLBCg5qRqO9kw	45CPhDilfgK14IE7LbNvPh	57.0	2016	0.662	0.654	3.0	0.0	0.318	127.735	210427
0nroJEydVX4uCwDo	0DHbBvRnc9SaiUJVYj6g48	40.0	1999	0.22	0.96	1.0	0.0	0.3339999999999999	174.68099999999995	209267
0nwyK0P4QLADxbSz	1J8y0jdPs5kekjAG0Qoa8I	19.0	2004	0.496	0.93	10.0	1.0	0.2739999999999999	75.469	285240
0o1t8pmtIQGVNoRX	5AFgOnobSVBZUdrN0z7lth	21.0	2017	0.502	0.652	2.0	1.0	0.581	144.94799999999995	307800
0ou8VbSYp9yIzeQh	4EVu9dQCUpgLosa66xbYKC	27.0	2006	0.487	0.909	9.0	0.0	0.382	127.358	225867
0rmouv9XbAHY2XBZ	3TRm4fcK42qxfh5XTQ6Cvu	32.0	2001	0.7	0.588	4.0	0.0	0.391	114.098	212160
0roDBBFUmgkbD7Zg	4pDrMVAsQn0uqo9sb6C8E2	40.0	2011	0.585	0.6940000000000001	2.0	1.0	0.785	127.966	162747
0rplhtI8mUMSa59h	68pjqzEiYtLLgrNIY9FM9M	31.0	2012	0.474	0.23	7.0	1.0	0.0643	73.722	228080
0tYzcqyF8P0wgFFv	5Elk7eaZABBzaIQvGhNYcV	19.0	2012	0.782	0.723	7.0	1.0	0.6659999999999999	104.018	228115
0tbwoDIA62N3G9Sh	6cSiu0LASURO8HagemESMf	34.0	2003	0.6629999999999999	0.491	1.0	0.0	0.171	115.986	200187
0tzYEg8KodbJHl8p	5qlckstqDQ2RskL0SJsDYx	40.0	1970	0.368	0.204	0.0	1.0	0.2	72.667	323733
0vTCI3MyJ8ySMrWj	5Jy6qEhf3rDl1us388toad	27.0	2007	0.601	0.964	2.0	1.0	0.45	127.999	264267
0wuI3sWE1sY7j72q	4WKTN75uxxOviZaZTHpRXp	27.0	2010	0.569	0.8190000000000001	7.0	0.0	0.691	127.019	257244
0zhmog3KHJTjp2BX	2rMreweJkDadtWMOEv1w67	43.0	2012	0.495	0.81	2.0	0.0	0.422	193.552	242693
0zoJxZanHfdvKNJ9	33gFrueCaITQRhSKi1ARxm	33.0	2019	0.39	0.825	0.0	1.0	0.26	90.496	329613
10E4iAVRq4bJcMBe	2x2SotEkKozaFh6H1aVnOZ	55.0	2015	0.407	0.6559999999999999	6.0	0.0	0.39	173.954	249347
122YR0dLpuw1XTjl	5iDRu8lbk2TCsGiHeNjm8M	38.0	2016	0.687	0.836	1.0	1.0	0.586	93.94	182559
1424LaVTdRfu6RZc	7E76Y6YUSHeWKphIKvqMMQ	31.0	2016	0.547	0.994	5.0	1.0	0.0448	110.004	262363
15IMBIdwhKut5kF5	5TnHQX4kZylRUcL9L6CJ4o	25.0	2007	0.898	0.511	9.0	0.0	0.5489999999999999	117.0	255587
15IkVxmtBqsnmRND	0W95lYm8OamNfC75b1L8Qz	32.0	2014	0.68	0.8690000000000001	10.0	1.0	0.765	130.048	209027
15Zipf9NzLs5CoFL	5wBPIP7z3WN8aweHcF0AcW	17.0	1996	0.225	0.987	10.0	0.0	0.179	142.894	180453
15oQvCP96HHSz0XJ	7bF8Aje2EsEouzKkN8Q9cd	25.0	2017	0.211	0.956	5.0	0.0	0.238	155.056	172154
16RyPaV6dHRot8sb	4KjdLo9JWJEKYoAJ8spkat	51.0	2007	0.474	0.902	2.0	1.0	0.2789999999999999	96.342	209093
16jxfd07xBklQSCr	7tU8RNZhhrmdjkk0VOz311	35.0	2017	0.353	0.6559999999999999	7.0	0.0	0.195	153.747	245627
19qh48VRL4dKYaq7	1B5fbRxnB26duk77yCBWvS	54.0	2017	0.784	0.593	3.0	0.0	0.524	95.991	235000
1BxOomemaljnipHN	3R6Yl4rzMWEMJkz093QuGp	23.0	2002	0.502	0.48	4.0	0.0	0.336	76.125	282867
1CCSNgcHsP1fqhiE	0Uy3QQreDK5rkMn36leRn2	42.0	1993	0.599	0.3279999999999999	5.0	1.0	0.381	80.264	300893
1En5gzdgbSFWrbHA	2TW7jZ2yL2e2obokNOc8Nq	35.0	2003	0.602	0.973	7.0	1.0	0.812	102.027	190840
1FHsbrJnBPPP0g0k	41LmqBEQojWdLobJyf2xjG	57.0	2017	0.428	0.511	5.0	0.0	0.33	143.684	177172
1FlqCWlOLqMfibbg	59K0uuIQwelPQn0WYrJ6Sd	25.0	1995	0.445	0.954	7.0	1.0	0.5770000000000001	150.358	158200
1GxSKmrbSnZvDIJO	3zWzZjAzqlosUzLvKLfwLl	21.0	2017	0.584	0.573	7.0	0.0	0.159	119.957	296000
1HNbB2jYOPVyrBwZ	3ulQMEsdw7jYhLRTWblDTw	26.0	2017	0.528	0.298	7.0	0.0	0.286	149.93	242907
1IBHNIcbKXId8a0X	2wSmwBjoS5skbNYAMBi5qG	46.0	1988	0.285	0.89	0.0	1.0	0.3229999999999999	115.988	236933
1IVJoqcfyL51u825	7uYvKcX4hJ4YUVV06qsmer	23.0	1967	0.627	0.623	11.0	1.0	0.762	80.844	140440
1JFk1KCd5RcO71wq	2Dp9Mx3nKl3zi8fZyOU9BC	20.0	2011	0.119	0.515	0.0	0.0	0.225	72.92699999999998	126280
1JdR8MUN8KuSqrym	1BfR5GMOgW0peHkPxrwf11	64.0	2017	0.373	0.931	2.0	1.0	0.74	175.92	234600
1Jp0SeFFOQ4i6y3R	0Mg3kjR5OJCjZAKiWH840n	27.0	2007	0.7240000000000001	0.4370000000000001	5.0	0.0	0.716	78.04	247680
1JsRL3O4FexW31yz	3Pl1pbe9iyJluWukeekYG7	29.0	2012	0.748	0.8190000000000001	10.0	0.0	0.889	118.975	231773
1L5YgJUNjt0kE3rf	7MoYR0QMqa5FueYIuVRfHZ	36.0	2010	0.64	0.936	6.0	1.0	0.973	123.932	334653
1LIU230Djug8BC9l	7mIiDiPYWsUXH6h8dSkVHb	24.0	2013	0.5589999999999999	0.894	1.0	0.0	0.456	120.05	186213
1LT0r4NH6Fnd3PmQ	5sYU2A8hh1up0MzY4nf1iH	30.0	2017	0.239	0.936	1.0	1.0	0.292	98.432	143688
1LVCIU4fWhE8ms3W	7vTENp2sLS3sPY5z4npYNr	39.0	2005	0.805	0.371	7.0	0.0	0.8079999999999999	119.974	215481
1Ms0rf2jUwBxuECj	4iPkafvcL6CeyAcsvZERCk	25.0	2006	0.701	0.515	1.0	0.0	0.386	116.498	220145
1Mzdkzp94lWU1VP8	7JZp14b9lnWgfoDmoylB5J	14.0	2010	0.336	0.2189999999999999	7.0	0.0	0.0752	107.366	325800
1NbQrEAwwvXGqD2n	0eKD0jYnNQPzSHfVwEvSSK	23.0	1987	0.421	0.738	7.0	0.0	0.6659999999999999	150.906	268533
1NmthD0bJAk8r1ZC	7rFNyShNdXvg4j6qK9lBSC	17.0	2016	0.653	0.907	7.0	1.0	0.82	96.3	148040
1NqEMzdMVUt7GvP3	0hgEsoAu23ap8V5GFX9Y3i	45.0	2003	0.752	0.544	9.0	1.0	0.723	115.803	219267
1PYQMBk8LERTncVr	21i0SMRb6uK63t73sYIZY5	39.0	2019	0.632	0.768	0.0	1.0	0.515	126.3	180040
1QvEYR38ignsKr7b	0PFRTA04YOjj4VT3O6MpgP	44.0	1976	0.529	0.7959999999999999	9.0	0.0	0.889	136.431	240960
1Rehvis6TPbGd7Je	0zBNc7XcWXNHxeszwFsKiL	42.0	1997	0.772	0.368	3.0	0.0	0.564	143.834	318200
1SxZLIiC4YM6zzO7	7wfG6wEX3kCA97l3gzZEjo	42.0	2005	0.579	0.883	6.0	0.0	0.8220000000000001	129.045	208187
1TBoK8eQ9EG9TULK	66zJZw4rbRizY9M7Qp5sC3	15.0	2013	0.0929	0.8320000000000001	7.0	0.0	0.1939999999999999	179.929	263059
1TKUB7W3vmrtq7Ak	7w6QlKAOcNEnqRgrnJvQtr	50.0	2011	0.58	0.682	4.0	1.0	0.774	77.53	211053
1UF8e5PqXKb5srFA	67HXZV6V4bD1PhHfafolBv	61.0	2018	0.7170000000000001	0.732	0.0	1.0	0.598	82.045	197000
1VGASJntDh6QN0sA	0Wl33FzpvOf6SpMw0FfGd0	33.0	2019	0.635	0.718	2.0	1.0	0.507	107.998	226387
1VtWYqp59eTfRKXY	3EY4O2ZQFIgVU4BSz5rSYx	35.0	2016	0.532	0.85	9.0	1.0	0.741	142.47	176520
1XAwfc2P5qzSe9SF	7wvCbGXKghjSskWGMWY3k5	38.0	2017	0.256	0.8740000000000001	1.0	1.0	0.347	110.634	244760
1XWVVvhUWhjBTVBH	670owD7N5oF90HVwMPTzCv	26.0	2011	0.503	0.376	0.0	0.0	0.4370000000000001	88.854	241107
1XZP3bEawLbWfSkM	7hm4HTk9encxT0LYC0J6oI	64.0	2001	0.5379999999999999	0.52	9.0	1.0	0.6779999999999999	106.031	183440
1YOagKsFqTS8BDK2	4Q4jmPHwu0wrJvqrld0FQ6	60.0	2017	0.486	0.713	2.0	0.0	0.297	121.028	226720
1bDlj3qS3HiW5RXE	5g1Izt4F2GxmVDZFPJSS4d	25.0	2009	0.561	0.619	9.0	0.0	0.452	90.995	207608
1cKGmPvdSdGq8jg9	5Q0X6dZ1TvPijf1HU5bk4D	36.0	2011	0.8029999999999999	0.675	2.0	1.0	0.898	130.007	194132
1cUUnlwxUH9rXdBd	0dnrhLqgQNYnUWzWkSkdmy	43.0	2018	0.506	0.984	4.0	0.0	0.2239999999999999	156.906	202755
1d0rrZRbKBwrZZgz	2mobr1UlKjhxDTOVqng3jw	51.0	2006	0.4429999999999999	0.853	6.0	1.0	0.3379999999999999	143.986	255652
1dRg09BK9AaMKXDp	2PbbWaQk1ex4pC9Gi1cAXR	29.0	1996	0.705	0.792	6.0	1.0	0.346	126.818	307893
1f13MAfipcAOI0Ju	32TcXGY4h0Lluw6G6UvWn7	36.0	2017	0.633	0.964	4.0	0.0	0.629	107.029	205629
1fDah5r1pTHBacmr	6J5i2bdUfegPgZH1wyAya7	30.0	2017	0.466	0.76	6.0	0.0	0.295	108.933	180880
1fV600W83BiFAQ1G	16Zr8TfCuVq2A9d33jfWMr	30.0	2010	0.679	0.916	11.0	0.0	0.828	128.035	295600
1fawLHtXMYdojJyy	0tQr3AmNiQFqmc05NqR4GC	10.0	1963	0.263	0.211	11.0	1.0	0.223	83.936	171467
1gGCHiKSl6C1BHMA	6TWfoLi2Bpy8UmSLrrDqSy	27.0	2018	0.257	0.911	2.0	1.0	0.237	161.17600000000004	423373
1gbld8XcMm2kb75U	50StUp6r3xxzBPnWmE8Xrz	44.0	2018	0.466	0.948	10.0	1.0	0.241	140.05100000000002	269965
1gdgQLMaOVxRYj3e	0q6Qyd2QaHMHp7APKyQsyi	48.0	2000	0.4679999999999999	0.974	9.0	1.0	0.324	111.264	188960
1igMFcoVZ7NmcTRl	1gJ102uytr61D94SPsnUab	40.0	1997	0.494	0.911	4.0	0.0	0.547	76.848	260733
1jGJykqHcf51qsbE	28mP2vfW3oGYmxE0slVqia	33.0	1981	0.634	0.375	0.0	1.0	0.242	126.239	161173
1jGTlM1C9DAdISn3	4yeB1e6hiIrTOVB0Q5LDbN	33.0	2014	0.6559999999999999	0.188	11.0	0.0	0.142	117.228	202653
1lCMmYgppb2NUsL8	74lOFKyzUJz0pz1TCcECjf	18.0	2008	0.606	0.499	7.0	1.0	0.746	159.286	112849
1lhDOBoSftrYQJ1Y	5qDP8iEGvXUmnbnNGiqL3w	51.0	2019	0.466	0.726	9.0	1.0	0.633	169.976	195075
1nluAgAtCW9YJOn5	1IkCG9jkzCrl3TadPTh4dU	42.0	1973	0.5529999999999999	0.685	0.0	1.0	0.57	137.898	218960
1nzxan7gzSjP5y5p	0upmTdxGVCNNAbuJpadks9	31.0	2013	0.426	0.88	1.0	0.0	0.551	146.92	225360
1oO29RDo0cdUTIdu	2h4Lh23FF8OQ8uGBnOdepy	44.0	1998	0.481	0.763	5.0	0.0	0.527	101.807	310600
1pxcWRpzzFu8X0mY	3E0DQOuKMy8rWU1r0sTKuT	26.0	1979	0.4579999999999999	0.183	7.0	1.0	0.156	146.183	212760
1shnotxlCl1jutxH	17v2ohSG0hO8u2AjKaU6MR	39.0	2008	0.61	0.6859999999999999	1.0	1.0	0.938	118.051	246173
1uuJTwIZiHWjz5as	5wyZeaIsNeih45Ac23KNQB	35.0	2013	0.6759999999999999	0.825	1.0	1.0	0.536	123.02	288060
1wCHJrpVFFoxYRz9	4fLnXd56RsWN4ZBtb9TegQ	56.0	2012	0.6409999999999999	0.539	5.0	0.0	0.436	148.004	286680
1z9tYIGoy19wWctE	6NgRSCfGt18L0ZbpHVBZWW	39.0	2018	0.3929999999999999	0.88	2.0	1.0	0.38	159.953	402719
1zSnjXmC4fTHSAbC	0mJUxFpEI1eAOIIfnNoZ4G	45.0	2002	0.428	0.972	2.0	0.0	0.225	118.306	430733
1zvDQm3OpfkzIgMM	56mObASQeiQaKHqOBrGELY	18.0	2010	0.254	0.175	2.0	1.0	0.257	86.154	361760
20EFY8ozh8H7b4eA	1JYL62Lb5TvW18bCUqhcp2	43.0	2009	0.26	0.932	2.0	1.0	0.1989999999999999	87.331	134920
20zr6H3cRMCmQpEB	2bFSQp4u3OmiqylLIGowKA	16.0	2005	0.5429999999999999	0.907	4.0	1.0	0.439	121.999	235840
21YjPH9ojuhwM4rF	5scK80Nrz12oGUnQGcPgg1	50.0	1995	0.589	0.6609999999999999	6.0	0.0	0.382	108.035	196200
22aVxYIwhYQb4mhH	0oa4EWYdnu4yXanL3XAdWD	29.0	2006	0.396	0.947	9.0	1.0	0.462	158.988	195320
22ueZuGJzNcqpXW7	1HZhNw2xntRsrTuhxyBIve	32.0	2008	0.838	0.4429999999999999	7.0	0.0	0.186	118.995	230920
24fHFgXbY23gpRzV	32KU85vllRfxfaV7ZNvHwT	56.0	2018	0.7290000000000001	0.485	7.0	1.0	0.45	119.999	131173
25DHlgtyST39tV4P	5Krwh4WVTHZFQSS1eytHFZ	35.0	2010	0.551	0.919	9.0	1.0	0.6809999999999999	132.945	230960
29Hb4oJCgAJKgLjk	71MbnGezW2U8RgaHnkjWDX	36.0	2012	0.648	0.4920000000000001	3.0	1.0	0.6729999999999999	118.437	333213
29aiuKxb44XIiRZ3	0eHUMhIkmOQJAkJhiHVD08	29.0	1973	0.337	0.823	4.0	0.0	0.59	172.498	489107
2AftLTtfpsHexjJQ	4SngFKTnu9FbOldhGvHUlG	10.0	2003	0.4379999999999999	0.363	11.0	1.0	0.146	112.229	322080
2Az0PKVYczGuQejd	37SKr059tZONQcuyhvYogX	3.0	1998	0.7390000000000001	0.4270000000000001	2.0	0.0	0.319	132.486	128373
2B3cnBNlwOcc5eYd	65CkxnwiaLvC6FbVrRNAqT	34.0	1989	0.6509999999999999	0.945	0.0	1.0	0.807	139.04399999999998	211067
2CpsByi1nc1Qne1A	4f9oddqXQ3ku4C15bxEEAv	38.0	2006	0.6609999999999999	0.591	0.0	1.0	0.667	81.99700000000001	227573
2FYQL2dIN8aWb0dC	2XxYzgRwN78h4ipgNAVSP2	25.0	1988	0.5529999999999999	0.992	11.0	0.0	0.214	163.55100000000004	175093
2H91WLAd7ZZJvAiw	4V2F0DZrAXOWq9hkwMMG3x	58.0	2006	0.664	0.351	0.0	1.0	0.816	113.204	254147
2Hg2uAW57l5GJOKF	07XMAGYqts7KZYeqAx0qie	31.0	1964	0.503	0.131	6.0	1.0	0.62	102.253	144947
2IZjV6srFH5YXkFr	4hKWUzhQWsOkgT6LnDEASe	63.0	2017	0.8740000000000001	0.487	2.0	1.0	0.746	144.95600000000005	203630
2K0JDCBAlEvRXqrl	2VlzXciW7QtomIOX3pmSMh	18.0	1999	0.5379999999999999	0.976	2.0	1.0	0.7040000000000001	112.901	288573
2K1SfANKQR6RJHNN	5Gq3FcDnESp5UWmnATqEX1	34.0	1969	0.7659999999999999	0.439	2.0	0.0	0.967	105.611	184133
2Kcdqzsv695sXQ1J	221nl7tqEVgNJ5QwJdGujs	21.0	1999	0.195	0.93	11.0	1.0	0.5660000000000001	194.824	173560
2N8dziB2ZmsefUHv	2h0HkReHGCQPOEDZXEMcTO	58.0	2003	0.301	0.5710000000000001	8.0	0.0	0.0412	178.084	315987
2PN0XvpvsvSJzB4M	1Lf1BSVQV4Q5SuKeHhGd2A	43.0	1979	0.603	0.701	7.0	1.0	0.961	118.664	225760
2PW5Sut3iCaRpdkS	1zjcIIrm2fbVFmG3dsj03e	58.0	2017	0.5920000000000001	0.6809999999999999	0.0	1.0	0.491	147.016	217107
2Q44O3s5OQrptQ3Z	0NEBjIdTbeIdEmbrqFqIZR	34.0	2009	0.402	0.2	9.0	1.0	0.0779	95.703	247867
2QOcB4UStpA4QbJH	17s0FlG5gJyzftEYel2xq2	28.0	2004	0.5329999999999999	0.752	9.0	0.0	0.5379999999999999	91.998	321987
2Qc6071xvfhWH2T2	3UChNf9rb9hJZvOcU9HCTb	41.0	2012	0.356	0.342	7.0	0.0	0.1159999999999999	113.52	169773
2QjBaiCeX5bxuQm3	5hZ2i7qmmDCzlDRtxoE5oh	18.0	2011	0.722	0.8909999999999999	5.0	1.0	0.928	142.917	244605
2RCiXlqfzBgsPjRp	2SZLtfY7dz7NLSxxnvDDis	48.0	2016	0.777	0.711	0.0	1.0	0.293	139.97299999999998	153685
2ROOBr3KX6LU7qa4	0bOg3l7Wm4ZrGwjteg57hV	24.0	2018	0.395	0.8909999999999999	6.0	0.0	0.563	160.22299999999996	242667
2UjZzIZjJjFm9Efw	2NRapgmqFRRnflBV7p9ZzT	35.0	2018	0.7390000000000001	0.401	8.0	0.0	0.499	103.162	222490
2VlKYw5QIFuFdxZx	1wxA50yfhX9S7mI1MfqFcY	38.0	1973	0.5479999999999999	0.52	9.0	0.0	0.645	78.193	340027
2W3VykgHAXYYFcKz	3Xbx8phzhk7LiOneArQmGk	36.0	2015	0.662	0.32	7.0	1.0	0.512	92.979	208813
2WpP3K6hVKeITVvv	5gzfmWwyumZpaNPyiIL9CO	45.0	2018	0.3339999999999999	0.741	1.0	1.0	0.201	143.596	274720
2WxqYjCRRfIYHt42	2mKj8Em0GLFu8I78yM1CfU	41.0	1977	0.258	0.932	2.0	1.0	0.3339999999999999	145.582	198160
2X8q9y8K8F0lVZX4	0snCa39pI3RVzA4ppOeSWO	32.0	2007	0.525	0.988	8.0	1.0	0.108	95.007	277080
2ar1NoamebhRidi2	46PXX0IsMaT4usW13JR4yE	19.0	1993	0.322	0.565	5.0	1.0	0.38	136.129	233333
2btvaaxMyGuMNTxy	3b6xCACNK394ceWfKz9DUM	50.0	2014	0.344	0.517	11.0	1.0	0.3939999999999999	186.116	277133
2cF7HdTqbIb5bw4S	6ewnjrJ5p8fngfpmKULtha	21.0	1977	0.306	0.925	4.0	0.0	0.6	118.973	267200
2dpt2co1mEnglsnT	4uoumbAMEMaKdtiv763jKz	56.0	2017	0.667	0.648	3.0	0.0	0.589	95.031	172893
2e57QD3VxrKDiCYG	44gIhvr2qRccz9XhcM2B7F	28.0	2003	0.5870000000000001	0.908	7.0	1.0	0.482	94.059	195067
2eKEeOfxNK4bxQp0	6pwHe738QYbUWLVDJsf0Ar	17.0	2012	0.351	0.8	4.0	0.0	0.266	110.222	248293
2eREUs8hwNGjulGn	0Jrs79He8I8Fp4QM5Dxpu4	30.0	1996	0.526	0.222	0.0	1.0	0.177	143.841	173800
2iYRelCCfGkKxQOS	155I1ffphVdq7fCeMH597u	38.0	1999	0.476	0.435	0.0	0.0	0.176	125.889	222200
2ju6Tr3mAUMqJs9j	3HjWpZBEdckoNC2KqJM3A8	32.0	2012	0.596	0.938	2.0	1.0	0.522	116.997	229000
2jvSAsrqAkvOxF2t	23RD6DGg1WkOBmf2bs9uDx	12.0	2013	0.1889999999999999	0.34	10.0	0.0	0.143	172.78	272613
2knCAWRqPtjPPoAU	2oQ1XtRF2DAazlaGp09OVa	44.0	2017	0.423	0.984	4.0	0.0	0.172	170.035	212460
2leXj50v1cWMcYVW	1YQqbxv6NvivmxPG8mLszw	42.0	2007	0.361	0.934	4.0	1.0	0.7390000000000001	119.615	157067
2ln9uBuZQ9VFslZv	7mCOGfiYuxpQK3RxdK3Wez	29.0	2016	0.7859999999999999	0.677	9.0	1.0	0.544	99.975	212520
2mFJCc2CRmchu6pr	0kf7lspVcR7q4zAyt1mSkP	13.0	1990	0.382	0.7809999999999999	9.0	1.0	0.15	92.097	159747
2mc0BbRCeMPz5iU3	1U8mBRbo3UoYE7KbzmLWcy	24.0	2007	0.5720000000000001	0.882	0.0	1.0	0.223	120.032	344973
2o7MGx76pkt26THN	3h5gMWp1KJQkLBgCtG5EgH	43.0	2014	0.371	0.991	0.0	1.0	0.0757	142.309	131160
2qwN2iYjxLuJdKLz	09dw3Eg338pt0G0UmgKtNX	39.0	1985	0.598	0.7929999999999999	5.0	1.0	0.8809999999999999	159.613	231333
2r4vxtHw5W0Fqw2x	2G4F5Fc0DUFkkODwhWnbmt	44.0	1987	0.3339999999999999	0.679	0.0	1.0	0.37	69.124	292846
2rbwvI5RH2avdDbf	4zNk347FJz4yDDcjUhJJMI	57.0	2012	0.508	0.88	5.0	0.0	0.337	140.065	224467
2sPhTCourKP3kNBG	3nq6h28zBCJqYJthYCAYDK	19.0	2006	0.4270000000000001	0.12	0.0	1.0	0.0782	70.37	147253
2sdQCGP6CA6lXcmj	6fdSTJlEDnjzNMQaCAVxUd	45.0	2014	0.8009999999999999	0.52	5.0	0.0	0.7040000000000001	95.004	182093
2tCiohnRFkJrnof8	0a86TmMq9DG5jyeMOWv3A1	18.0	2001	0.288	0.61	5.0	1.0	0.2339999999999999	148.248	413280
2wpBAJJvohmYlNLa	66CyY65ufc15TX9Rljvvbl	30.0	2007	0.36	0.7120000000000001	2.0	1.0	0.536	78.759	151293
2yArja7FuST1MJd2	5gRcv46AMTrosmTOqrOV3Q	58.0	1993	0.695	0.3939999999999999	6.0	1.0	0.845	113.623	151893
2yPZFu1aEPIiugQP	3u57RlXayapuW4k0IhOu5H	30.0	2018	0.282	0.92	11.0	1.0	0.2	148.02100000000004	627331
2zOjn1hBUfzYfGRP	5Tukjkps0Y2vfDiSIfhTOb	23.0	2012	0.436	0.262	11.0	1.0	0.29	101.921	191681
2zVvGAAPvbIc73pf	6ZprAnZ8sdTWcwNP8Iarwe	28.0	2016	0.768	0.7340000000000001	1.0	0.0	0.978	135.414	195627
305Grk7cARdFuECa	34ClgyHf8Awds1ew9vMX26	47.0	2007	0.636	0.826	11.0	1.0	0.679	87.665	190200
30s9OOAoJHxTkOEs	0YERug1UeZ2udE8ePfxb6P	23.0	2004	0.391	0.446	4.0	0.0	0.108	65.857	252760
31nn0gSAPo0rAhB6	6U5WxUcdjsRs7vh6xxokaX	30.0	2009	0.53	0.501	5.0	1.0	0.3939999999999999	144.28799999999995	210107
32m5suoC94ytD8Ed	6ocbgoVGwYJhOv1GgI9NsF	88.0	2019	0.778	0.317	1.0	0.0	0.327	140.048	178627
33cQiYahny0AEjJa	32c1bB8bVY0H6XWcVw2R4V	15.0	2016	0.49	0.67	6.0	0.0	0.3289999999999999	150.194	119033
34X08ZxyRV0GJF75	3GIIv6Eo0WSuM9Bxx5DTdR	56.0	2019	0.451	0.222	2.0	1.0	0.381	132.874	180226
36bH1xyw3L0z9Tzo	7ygBd6XOHoCzIOEL147xbz	27.0	1972	0.5329999999999999	0.171	9.0	1.0	0.151	94.474	223400
387hbnHwBbilrbw7	6jdeHb9n8Osz2sSDUeBLdJ	23.0	2004	0.327	0.987	6.0	0.0	0.161	111.646	327933
38mNvmgJUzLn7Pf7	4bcN9riyILh4IXEdmLGa8m	47.0	2005	0.345	0.974	2.0	0.0	0.5710000000000001	175.02700000000004	298813
3A9xFYR9P4g77E8P	0d858Q4cbhALzhzvljHC8k	37.0	2016	0.613	0.899	9.0	0.0	0.89	108.022	195155
3AFJhhbI2bMOuY9r	3KsrZX4r73mVd9tBCSyI3y	31.0	2010	0.2789999999999999	0.47	2.0	1.0	0.144	200.254	186133
3AukcIt4tYzkzACJ	5zT5cMnMKoyruPj13TQXGx	68.0	2015	0.389	0.302	7.0	0.0	0.2339999999999999	124.956	273000
3ByWvUb9nHxuhlFF	3jqg8gLVlGau6SyespptqN	39.0	2013	0.908	0.87	0.0	1.0	0.807	157.035	296787
3CZqD0mkHo85uqok	6ALPLbDJ9eWVij9ep3Cgf4	56.0	1979	0.319	0.836	11.0	1.0	0.94	180.56	174507
3FWIpbQdyNxQY58H	5KAgd2yW7tktrKDsJhO9Fr	54.0	2015	0.682	0.7140000000000001	2.0	1.0	0.56	106.989	232100
3FWPspKAxE4uPvLh	7lTJD4XAVsdsgiBSfkkotQ	24.0	2005	0.732	0.4370000000000001	8.0	1.0	0.152	107.952	275560
3G6YdquxUGPnpubQ	30O2LILRUDHmfLa9scND3k	49.0	2019	0.754	0.6809999999999999	6.0	1.0	0.845	103.011	175191
3HDWcbqiTkira9kn	0n7d3no0cHnsnkgfFzDuj4	50.0	2001	0.461	0.936	9.0	1.0	0.484	184.18400000000003	243507
3HPU8KrO0QL5uiN9	7I7EnQnVJH1uSJ0cSQKPuu	47.0	2013	0.7020000000000001	0.621	1.0	1.0	0.332	118.352	430627
3ITm8atd8sXaBdan	2qGNZ6rdm3sAWHGPCh1DP1	28.0	2017	0.6709999999999999	0.906	5.0	1.0	0.5579999999999999	93.078	458367
3JEVoDdHRH9DUwH5	365NsLW6lNgJqfzNv7xlXt	34.0	1997	0.696	0.725	8.0	1.0	0.544	104.012	249093
3JT6jp2pCjf7BxDX	0LSLM0zuWRkEYemF7JcfEE	47.0	2005	0.812	0.516	9.0	1.0	0.633	127.498	284280
3NriP9bCFzLRbDTn	1buB9izYRb6eRelXMWSL23	21.0	2012	0.5770000000000001	0.732	2.0	1.0	0.5920000000000001	127.965	185667
3NyBdzSH2FNfF6i9	3CehtvHVAVPaaukPIIL67r	25.0	2014	0.218	0.489	3.0	0.0	0.296	173.447	341947
3OzbkLqFx4zPpNmV	0LRsAMUz0WZyLyCkqh8GXl	18.0	2004	0.758	0.283	11.0	0.0	0.485	107.074	143733
3PNN0FflXSJDEwSx	5rQOzrSMi76gsp7E7mcqHl	29.0	2011	0.517	0.916	5.0	0.0	0.381	115.009	219293
3RsQHX6UpW9shtiD	5B6aYXebz20OEJghtJalnF	26.0	2019	0.602	0.606	11.0	0.0	0.469	122.032	180733
3SdG6bPltgrwbEQk	5ye8vmJBwoTbLt3U3MXrFY	30.0	2003	0.356	0.8059999999999999	2.0	1.0	0.599	115.271	292000
3SvKQcw3XiVmeAPo	6XWuH3SO7AVW4RXmvvhgqj	41.0	2005	0.381	0.908	0.0	1.0	0.616	164.986	310307
3TG5SdE73K5IBVJY	3qzxORCDY3UpbvT7p7WYIE	28.0	2018	0.639	0.501	2.0	0.0	0.171	115.966	264385
3ThxO5Q3A29V2vnd	5kzHkRmphRbt6ZwEmgd7RQ	47.0	2016	0.596	0.7190000000000001	7.0	1.0	0.836	138.795	156493
3VAsukfXNv9u3OwS	6ZqnQREu3f7LA1O8qrN4yq	43.0	2016	0.8170000000000001	0.565	1.0	1.0	0.159	110.993	345973
3XEYqanKwXPluf4B	66ZcOcouenzZEnzTJvoFmH	64.0	2006	0.755	0.765	1.0	1.0	0.737	119.954	246467
3Xc8jB7bLI0gyjSH	5cn3Vh3KH7iepKH9Z6ZM6S	29.0	2019	0.485	0.539	0.0	1.0	0.2689999999999999	98.98	212400
3ZqnBypsQP9ukEiQ	3EjxAbEOH28icEK1ZFOUSh	57.0	1994	0.5870000000000001	0.47	9.0	1.0	0.49	119.749	243000
3bejCrhNQlm97r9A	3R1CRNV697iKRm3Kg5uky7	17.0	1995	0.659	0.287	2.0	0.0	0.578	150.178	285133
3bx5JkcFpvaB6ZDd	60UCWjkzSmalH1Cbwt4i5H	20.0	2015	0.667	0.556	4.0	0.0	0.823	134.983	238507
3cJaypWniZHpomfi	7Cakjw01teD4HLXM8cYjjP	23.0	2009	0.424	0.889	5.0	0.0	0.469	89.975	224759
3e0XQKMklZTueWyP	2eLRr44vcdLTrNFLB9GRZZ	19.0	1988	0.721	0.733	1.0	1.0	0.745	119.955	323128
3fuOrQt9qqGmPNQY	3IfJJ9q7FBs3EfveyJ6HnW	34.0	1994	0.4539999999999999	0.206	9.0	0.0	0.0384	113.062	227733
3gAarzjRjvrlMdeN	7koSsm0qZNaxQPAz1gKbsX	31.0	1996	0.528	0.483	4.0	1.0	0.406	119.473	166467
3gyuxPBeTCFUOdbc	4aEbt7w8bcAQMYhabSVJUM	29.0	1974	0.368	0.495	2.0	0.0	0.471	117.639	256000
3jD6xk7bvVmyxioD	3sqQ4ocD4M9fsvbHrr1Z2M	37.0	2013	0.3989999999999999	0.521	9.0	1.0	0.4	99.091	304653
3kAIoRnx8aJhupuI	54C4TfHY00UYEnhMaYgfqZ	48.0	2015	0.4429999999999999	0.552	7.0	0.0	0.265	168.12400000000005	235573
3kJHvjAkOZkhJriQ	03abqD6ecQwtpND5VzYOaU	20.0	2005	0.121	0.3670000000000001	9.0	1.0	0.0595	92.548	240373
3kMWkPjw5TnjZwhw	27l4Vv5jsWdYcZOgTZxErW	26.0	2009	0.3389999999999999	0.778	8.0	0.0	0.39	117.086	347400
3kjR92kZBsyFnY8a	6oQufAefZFbLklwSd2xyW7	7.0	2007	0.318	0.993	2.0	1.0	0.152	121.188	283360
3lvPx9HE1SWqlznN	4nxgA1nvXvTkmsBY0vJV57	56.0	2017	0.611	0.8859999999999999	0.0	1.0	0.27	112.988	216267
3nPn3n2vAGS8bhzp	0JpA2IbwC7rvt74E6Zb2u9	9.0	2007	0.294	0.483	11.0	0.0	0.423	107.663	161077
3oksLqX2eLj6uegt	7EVWhR9VblkTa5iZDQkacz	39.0	1968	0.64	0.449	9.0	1.0	0.7759999999999999	135.57399999999998	147333
3puEiVevhqrziT7t	3zLQtoEeXA6Lr1sNrbyYbs	57.0	1994	0.6579999999999999	0.525	2.0	0.0	0.836	174.16	167000
3q9c7eDhgc5kN9lS	3G0ENKW9vzV0SuYKaWFflI	65.0	1985	0.634	0.6459999999999999	7.0	1.0	0.7440000000000001	86.61200000000002	343240
3qU8FreYv8VaAqf3	3tM2DGmfgLsjKOqw5Hg71v	37.0	2017	0.34	0.248	9.0	1.0	0.103	101.272	274363
3qnq7Nm1DMbpFq5d	075Nq1P9w5KYx2fgN3LUMa	32.0	2012	0.718	0.818	1.0	1.0	0.391	111.023	349573
3qrpL2zETF7OPMub	6YYvhSO8nDWPnG88vNf4Oi	26.0	2011	0.7290000000000001	0.521	7.0	0.0	0.54	95.031	271533
3rPG4lcjVX9ayHvf	4UGv3IQYXPj9oR2RMkarWy	49.0	2001	0.49	0.687	1.0	1.0	0.416	143.195	262400
3rv3jMJq4kmpHLjr	5qE1VxYm4TLbtuIWaXXSQe	35.0	2003	0.609	0.918	9.0	1.0	0.541	89.975	120387
3sJTyacXESMVxlt4	5thbBlXWqYroVWot4a5LlN	24.0	2008	0.634	0.8809999999999999	8.0	0.0	0.922	126.965	175667
3saT0fjF814XQz3y	2BsVMhKsCp7nuPJpdDaHVM	29.0	2018	0.507	0.8959999999999999	10.0	0.0	0.55	125.116	213120
3shVYEPlNUCRIuSM	1B2umnns4EhuYXbEzFNICB	18.0	2009	0.933	0.6890000000000001	1.0	1.0	0.8290000000000001	119.783	232813
3tsQYXWhLxKOL1K4	1t5PnevpnWcCaUiVpye0Hr	33.0	1997	0.46	0.99	10.0	0.0	0.119	137.608	179973
3u8T1U0ouiAIWpDm	11cQXRVOpqmr71h86RnzKJ	19.0	2013	0.0967	0.662	3.0	1.0	0.12	77.34899999999998	307907
3u9HG5mdlGAJip2Z	0esBc6VgM4lFk3SOlL3Ys4	46.0	2001	0.238	0.994	8.0	1.0	0.0839	95.569	215693
3ur9VXvhUvHSMZIK	6hcTZLw1mEgWqXOv1DNETP	34.0	2010	0.552	0.792	11.0	1.0	0.4579999999999999	132.52100000000002	245027
3ux924VZYedQCq7I	4EgSN201wTIBpVJwRnfBwq	31.0	2018	0.519	0.74	7.0	1.0	0.446	100.007	213412
3v8XtKKNq40IOHCP	4lnnde7PnrXR3pUzQKBe6X	51.0	2014	0.434	0.868	7.0	1.0	0.204	161.886	210760
3vbtwqhpTpQXYKs5	0SuG9kyzGRpDqrCWtgD6Lq	71.0	2011	0.526	0.3279999999999999	1.0	1.0	0.11	116.068	526387
3x0r2GzzzL4kYJYb	7oO2hXd8ancgNouU8w3b1N	44.0	2008	0.565	0.929	9.0	1.0	0.655	105.038	157453
3xvLghS9ONpUlIn6	2H2V8zM6H5RUg8dXfIhpNf	36.0	1991	0.285	0.537	7.0	1.0	0.319	144.872	249320
3ynmNiECxG2ibLq8	04leLr2xwZCYko7sGdsjtB	10.0	2016	0.252	0.906	0.0	1.0	0.467	183.41	173147
3zunVGLsZK0jdx8C	0kP4DvNjymYMxppIVhZ932	15.0	2015	0.294	0.997	3.0	1.0	0.0336	109.475	151925
42lgtT8t17oN4Cqn	3tW9Gbkdgzh1L5UHzpXUiX	30.0	2018	0.672	0.87	1.0	1.0	0.918	127.951	182725
42xjjaDcSkA3Qwe0	0aUWfpD3PlSv3FTTKcT2rN	53.0	2012	0.551	0.7020000000000001	11.0	1.0	0.193	90.074	243093
46HdFphJCvZZ22Y3	2jC4xqn0YPro5DC1TX8LUb	18.0	1995	0.506	0.947	9.0	1.0	0.672	140.359	169173
46RQFXKoxrsEJ2E1	2XK5c4PrRxbHI6evcHUSqI	27.0	2015	0.5429999999999999	0.877	5.0	1.0	0.897	170.03099999999995	219813
46hd6CeJOVyu5iSV	4xxqcn0F3sHvVziNt7Rebh	15.0	2006	0.192	0.5920000000000001	10.0	1.0	0.257	135.45600000000002	511533
47Wi3WzTukTFCsXe	4b0RAiqz6oEZvvpbiFuIAp	47.0	2013	0.782	0.414	9.0	0.0	0.7440000000000001	90.038	206747
48VdPLCPJnZaYlBX	5TpPSTItCwtZ8Sltr3vdzm	45.0	2009	0.556	0.486	2.0	1.0	0.243	119.955	236533
48mN3L6l1FWVFNUX	733IwvS3rElppHD8dt9S9F	30.0	2007	0.527	0.927	2.0	1.0	0.369	100.014	242760
49MJR1mgnEvvCxZq	0uPA6fX70cCdfG172jdcKO	54.0	2017	0.551	0.4379999999999999	0.0	1.0	0.1989999999999999	83.932	243353
4ACeMZl557qKottu	216WL0jcGbBqxPCFZeFl7T	35.0	2011	0.696	0.469	9.0	1.0	0.0398	79.993	344240
4BMJzorUAay67wMc	50OyWTObjUIv2hqoVSotFd	11.0	2009	0.268	0.222	5.0	0.0	0.107	72.923	197747
4BrKNjebum035Xqa	0P1weKhEUYqP4UMV4UNr4G	34.0	2011	0.511	0.968	1.0	0.0	0.41	114.013	228040
4D8c4sSLzfkTCtic	4GCGH6TJ69neckwITeBFXK	59.0	1995	0.5	0.44	3.0	0.0	0.143	138.374	406040
4DoIoGrBablfLnfz	1Nfl4UGkzTHJMZ7itDY3IU	33.0	2004	0.804	0.926	7.0	1.0	0.797	116.981	264640
4EMe47N12E5EXNK4	5Wwr2S7QZTR5PVJn6jhgdk	56.0	2014	0.758	0.7859999999999999	4.0	0.0	0.7859999999999999	83.495	234587
4ENRRF5JtUPXH5eD	1xDMOgMZ0oG100b8ASXWb2	16.0	1998	0.654	0.255	2.0	1.0	0.391	137.4	246601
4I1Cqv2AZRoeCYw9	5ka45xGwhmv3zo1hPgeGST	15.0	2011	0.336	0.802	1.0	0.0	0.149	120.284	358160
4IEwVnBOs4lUe45u	1m9N2ud7olC2AWDph8zURe	43.0	2007	0.626	0.54	1.0	0.0	0.245	126.038	214680
4L4PPHqHo3oRk8pG	7ymn3tJva1XgJOhB9Kj5q0	38.0	1987	0.346	0.625	7.0	1.0	0.1889999999999999	94.174	372908
4NPojy44QOy14pxM	5pQxS5dSTSMTTSD4lqbYwW	33.0	2016	0.452	0.779	1.0	0.0	0.706	132.843	205946
4NyMsdTfS1vA1Nsz	035ArPmxguKXPg4bnpiBlL	28.0	2014	0.792	0.938	1.0	1.0	0.889	132.98	293013
4OjCqlnm8CZZBt4I	3LzGxPpZ0SgMXibKYvFvwm	23.0	2002	0.606	0.6459999999999999	4.0	0.0	0.498	123.222	226773
4OzypfW25LNW38JW	25jTIXPUO7BeWiqc4UDLzA	34.0	2011	0.346	0.898	0.0	1.0	0.375	75.046	225093
4TocbEhLYEqDwVkx	0mXIBKOEG9DpdLA7ueGvPU	14.0	1974	0.417	0.789	9.0	1.0	0.961	156.816	192560
4TzvRc17Z1Rn6LWj	2g8LOXiL02vQp9ARwwTzjt	22.0	1997	0.611	0.342	7.0	1.0	0.447	97.825	169840
4U5K9CSgnSfUbI99	1n2LBrEbAJNN5RzKsfkjNI	23.0	1995	0.392	0.638	9.0	1.0	0.51	85.449	282267
4XBlcmoIA0nOQ3tZ	5FuinIyyOTCegyYqoG4XAt	33.0	2006	0.7879999999999999	0.7120000000000001	7.0	1.0	0.8390000000000001	108.264	285480
4XGkxX7prt39zmLS	5ovcVaOus1Wv4vTtyGXlhB	40.0	2007	0.542	0.546	4.0	0.0	0.344	74.797	186120
4Xz73fxTaye0FTXT	0R6Jlsq25eZB3Wftpxi3oF	61.0	2018	0.341	0.495	0.0	0.0	0.252	78.395	112013
4YXTqCeHYC5L2sCb	42iI9enCZYsTpqtwtU3e3l	24.0	2016	0.442	0.911	4.0	0.0	0.0654	99.967	232000
4ZvbdBFN1yGp0zXx	2LW2Or5IY5lMtMOjqGVI0c	30.0	2007	0.7509999999999999	0.875	6.0	1.0	0.887	110.009	194560
4aUucL8bXjDd9I0E	1zNfm6olLTn1TbuCiYirNq	0.0	2011	0.288	0.8959999999999999	10.0	0.0	0.594	138.136	211667
4btGAxG5Jaupx0Z7	17XvbAd3K1GOjWy5uQvK2U	51.0	2009	0.833	0.325	1.0	0.0	0.8640000000000001	102.02	185787
4fxo4XoaT5uRrQWX	5ks4ht7EDua6UsaI4Dk7Lz	44.0	1974	0.608	0.313	10.0	1.0	0.498	102.299	328920
4gMuVWDrTgZsGrlR	4eYmH4Sh0ibdU9nmnbu7aM	49.0	2010	0.774	0.8170000000000001	7.0	1.0	0.8340000000000001	93.011	203667
4gkAsevQ0QF7WnQE	1zVBU0PAj7ZUVmVfG2pgQG	57.0	2007	0.5820000000000001	0.507	2.0	1.0	0.217	83.01899999999998	234640
4glaLmaXFAdOw5b2	4iHjDYFlygpX1WO8LFXRqN	34.0	1999	0.642	0.36	7.0	1.0	0.0796	107.997	297360
4hehPXk9aieCA4yy	5hrh111RWfkWtx0JODjZYU	25.0	2007	0.5760000000000001	0.872	0.0	1.0	0.578	136.01	299507
4hhx6vWu7kA2raej	3LQde40NABYOH14hWse0Yi	53.0	1988	0.6459999999999999	0.8390000000000001	2.0	1.0	0.8340000000000001	109.854	213333
4hxAZE6VRtsms5Ck	1R7KbLX0ED0nrqS8iYMaQB	28.0	2014	0.574	0.254	5.0	1.0	0.2769999999999999	128.703	202400
4i9YfK4vAvBf6EtA	5laJpIn43wBNmadPJP7edc	18.0	2000	0.7170000000000001	0.259	2.0	1.0	0.461	108.75	220644
4iaTgQisCXzHilXK	48jKLs2qqEXKsQTmYHE0JD	51.0	2017	0.653	0.647	1.0	0.0	0.785	146.024	232493
4jfA6hYpLJgLanGk	4LIFyLAf6BCfgLi5Xq62mh	41.0	2010	0.34	0.203	2.0	0.0	0.161	141.05200000000005	243856
4kajxVbud3psfMg2	3t1cMXPS25j8hpzJyLY3Pn	49.0	2018	0.862	0.523	2.0	1.0	0.172	156.032	114853
4lmk8cuLmcBpUEPk	61PLLA4TbVO1zH5z0CVHQk	45.0	2018	0.527	0.948	9.0	0.0	0.5920000000000001	139.951	219148
4nU8PD9ZowHL0E6o	6xX84z3JjLb8BUgHXeAxcc	30.0	2009	0.144	0.948	2.0	1.0	0.289	84.664	220933
4nrsUbWopJfFRC87	0Bw1mOzGbjgvn2Wgrd7EFE	24.0	2012	0.375	0.868	2.0	1.0	0.359	128.313	270600
4oEK2TmxA9iA2NxY	1ZhhIn96uDxZrPeYinban3	33.0	1982	0.297	0.875	6.0	0.0	0.736	146.597	382173
4obYDGdz4roNJU9f	5n1ICynaB5anb7nvyK1C0B	26.0	2010	0.638	0.904	6.0	1.0	0.696	163.959	208760
4qXuDgBO2q1AELxe	5ZaVrRNqXcNDUj8RWhfv06	42.0	2014	0.706	0.88	0.0	1.0	0.7390000000000001	125.994	202347
4r1IjzqHAOYQlgfS	58QhkbaAkLFnn7JwAnAato	71.0	2018	0.83	0.546	1.0	1.0	0.535	182.973	262494
4sUNaDw0evcjjBzv	7bSjaZxO4r5AN69Bz44RCf	34.0	2016	0.401	0.957	9.0	0.0	0.237	162.02	255360
4vu0zQek8fvJ36Xd	5NvEXCtdAv5M0FFyBrGKN5	42.0	2011	0.28	0.905	4.0	1.0	0.12	96.737	218227
4yZwz3moftFlyIGJ	6cUABkGFq0f8hBZZCUBX4Q	44.0	2011	0.185	0.8270000000000001	9.0	1.0	0.272	183.404	285573
50FPXaR5Oek3HEce	6yo4IhiRHaFNtdW31rd8RW	5.0	2011	0.7929999999999999	0.804	4.0	0.0	0.913	123.964	184093
51IQ5d92dMnJtrWQ	7BXW1QCg56yzEBV8pW8pah	65.0	2018	0.643	0.638	1.0	0.0	0.6	82.001	226107
52YgBm5KkIqYm1MW	1LWanVoLc3bVtT7ItW4Ijc	20.0	2014	0.276	0.997	10.0	0.0	0.142	114.671	227400
536lU8a3xDBRCeWp	6JOuZ4xjwbOycApPFZwcLv	24.0	2013	0.565	0.872	10.0	0.0	0.1159999999999999	145.903	239040
53SKtJ2DO2mLFe4r	4D2rEIyYw0meeh8AOXqfxK	57.0	2016	0.573	0.708	4.0	0.0	0.626	110.003	215647
53mtA7rHOVa6LByt	5eGfO6X1Vvpgb5LFaL5rLF	32.0	1995	0.4270000000000001	0.667	9.0	0.0	0.407	112.293	277560
54aJymX23XS3azJ3	7vkPu9wwdUpB6dPmWBNcPv	47.0	2015	0.457	0.723	5.0	1.0	0.278	106.017	215440
563sr6vvVfkIypJH	1l3XOBobv303bili8L4L19	46.0	2018	0.693	0.5579999999999999	10.0	0.0	0.406	143.991	121429
57hhYSWbdr5US8in	2Ro9FLIVhPwIQopSr48oJT	57.0	2016	0.5870000000000001	0.58	6.0	1.0	0.193	131.953	224800
58AKiHlTgWevYjgu	4HXJQwFzUnUaSWJsbiBH8G	31.0	1977	0.4029999999999999	0.397	9.0	0.0	0.356	72.214	212440
59SqMxwz7hiKgavN	0rlupsiZhw20mMLY2PNb4q	37.0	2016	0.6809999999999999	0.934	10.0	0.0	0.614	127.956	188941
59c5YcUgzy3P1Upf	5V37HbZWq7HWaYfnsyiLUw	28.0	2014	0.624	0.695	9.0	1.0	0.5429999999999999	88.01299999999998	186480
59uRghNSX1RUlUrc	5Iylu9FEarJW7j3VXJO7UN	21.0	2018	0.619	0.83	9.0	1.0	0.245	119.999	226000
5A6XJQojTSx3OYqw	478thMMvYGris8eJPcDRoq	46.0	1977	0.445	0.471	4.0	1.0	0.562	71.041	178693
5BOpMCptzt97VnFI	7HErXvltYDqTUVcOCPmfDz	50.0	2004	0.599	0.7140000000000001	7.0	1.0	0.8590000000000001	158.02100000000004	221773
5CnBh0fLso79stnz	6o8DJfcrzFXqAmyDNQr8Fk	43.0	2010	0.3939999999999999	0.946	8.0	1.0	0.513	187.928	213027
5DEK0zLBVcRoDpbz	29YDZUNKvBI2I64TvLj1Wt	50.0	2004	0.544	0.908	8.0	1.0	0.2739999999999999	137.999	222933
5EVNhgK2mbbJluNr	7sokgasPUsCliYJAJ40jUz	32.0	2011	0.505	0.424	1.0	1.0	0.0653	110.017	310160
5FHNwSlvuGX9nmfK	2WRsXYKF3Bc2iS6A6YOvKh	32.0	2011	0.634	0.85	8.0	1.0	0.845	89.93299999999998	250213
5GZKFVULYO53NKI2	3I7OmVsk4Hm5LBbs2GmhlD	57.0	2015	0.536	0.915	2.0	1.0	0.472	115.037	252027
5GiSC5MfWKV4sDvM	0fqf9RKOSyg9X7E3hdf1Ll	19.0	1987	0.256	0.919	0.0	0.0	0.231	123.102	295907
5HUCbUNoE9k6re9g	7bhoPvDq4gDQ58JkqP9uAG	45.0	2007	0.188	0.375	4.0	1.0	0.2769999999999999	88.69200000000002	149053
5HcnAp6rzAm3iQ4A	0s8XyNiZlOjH2uerXGwV6P	49.0	2014	0.513	0.794	2.0	1.0	0.4679999999999999	155.908	205969
5IPofxaZ2RkUNic1	4qyfir5Yr7nfo05g6cyFMT	61.0	2011	0.3670000000000001	0.1889999999999999	2.0	1.0	0.177	156.643	384080
5IaKy9XqMMdJc1kn	709VtAcLN367yvV8GgKe0w	27.0	1981	0.413	0.622	2.0	1.0	0.406	144.605	232107
5KAnWG2JzhbMHJ8j	5KjDr2aEWTdOxdOs4gcuac	8.0	2010	0.428	0.954	6.0	1.0	0.319	100.026	315907
5LYIPSwSlQaz4lGZ	1fyKFkPskBvhczywT4Xmuq	27.0	2008	0.529	0.873	2.0	0.0	0.165	155.575	237667
5MoFWswE8vXVBfx2	6WV27gh19sQMgA9AtWLTWt	43.0	2017	0.216	0.964	6.0	0.0	0.3989999999999999	154.976	252933
5OZyIKUFBF8GPTx3	0llbJISuonEwIS4hmdaTz1	49.0	2016	0.508	0.8440000000000001	2.0	1.0	0.303	129.031	261491
5Og0O7jJFSiv8vOS	5uBLY1Txqiy8hamP11QcGc	33.0	1996	0.621	0.537	7.0	1.0	0.963	117.994	165360
5PsAhyXTxQowhIUu	2Ztu9QCMySsXe4zBWsWqcd	43.0	2004	0.825	0.416	11.0	0.0	0.698	141.805	187733
5QXkR2gamYU3yeXO	2BPq1IXa9vEJpvG5TEaxgp	39.0	1999	0.58	0.841	11.0	0.0	0.877	167.991	299933
5Re3GVjXXJtivatk	62W87sN8EfMbZPFk9b1zQn	21.0	1994	0.607	0.622	5.0	1.0	0.841	87.029	150533
5S5J81wX2tJKJnUF	49ImM4CYsEL5KG1hzUaCzq	56.0	2019	0.71	0.7959999999999999	1.0	1.0	0.733	159.951	153078
5SLhbjsCaAAdMGFG	66nJBHV6WtQI3IiU6n8fY5	54.0	2012	0.428	0.064	1.0	1.0	0.108	142.436	307000
5Slijkwp0xodf4pq	6983gbMrSs1Gz52sBgDGEs	31.0	2019	0.1639999999999999	0.945	3.0	1.0	0.149	156.278	316359
5Sphp86gyPJTkqEP	1fLOvLE1XRpvHpLkRHzSym	39.0	2016	0.284	0.4370000000000001	10.0	1.0	0.0629	76.928	219760
5TSAfFaLzyCRRWMR	2c4lMeWxjMFmRxJvN4u2nl	19.0	2018	0.726	0.8340000000000001	0.0	1.0	0.4679999999999999	135.976	224693
5WTUO1wRBxg5jpcS	7vOcpMfvd1RGAfyoxcwLk0	16.0	2005	0.595	0.84	9.0	0.0	0.639	130.57299999999998	250067
5Wv2GSwBdQfdei32	24y3tSyLdRbpVsKhQrR2oj	42.0	2007	0.514	0.91	7.0	0.0	0.472	145.907	217293
5Y9q2R3duC1ahXbp	4V3sMU8oE1I5Hlejlwzmf1	41.0	2016	0.4629999999999999	0.81	2.0	1.0	0.3429999999999999	82.76700000000002	212570
5aW0nhBdAWnsvyIg	4DwkrAeoKecOIXBqUjKp05	18.0	2007	0.6559999999999999	0.512	0.0	1.0	0.111	119.938	244400
5bx11dgJlCOOXJMc	2iaEnUsXFsGRZTORqgv2U4	9.0	2007	0.639	0.282	4.0	0.0	0.1669999999999999	113.304	289133
5dDcdJt07q8BObYg	51ml2bJs9zDLv1PbzNQzPP	47.0	1973	0.659	0.764	7.0	1.0	0.551	118.245	293427
5dNXzSICmO7xht4T	7aO14BVjYZlXJWf6k3WuD3	28.0	1999	0.523	0.8	3.0	0.0	0.4029999999999999	139.972	328470
5ftT5BqtrCNZLduo	7pJ8EpupQvfomVNPtfneql	49.0	2017	0.45	0.472	8.0	0.0	0.2339999999999999	139.86700000000002	204000
5g8LHgR1GND7IY18	4QeWxjlIKrTZaX2r1LgHkP	8.0	1995	0.425	0.8859999999999999	2.0	0.0	0.183	109.994	490973
5gMjEcghipaC9j64	52Iwniv1hiv3BG0RZ1Q7Bo	14.0	1992	0.414	0.967	9.0	1.0	0.667	164.885	199973
5h6oAf3UspBplpCe	2xVrFCODKe7cGjc8nkOINq	57.0	2018	0.504	0.311	11.0	0.0	0.0801	81.956	172517
5i9Rj9XyqhEfSegl	2qsQ8eVDPmobZpvDxQCVQu	63.0	2018	0.917	0.6890000000000001	6.0	1.0	0.4429999999999999	102.414	191700
5iCtopqaIFEhek0k	5idw9s2YiaBaBRrSoiSCYT	17.0	2012	0.5589999999999999	0.942	8.0	1.0	0.386	136.005	194400
5iqaLmEMvzmjz856	62ckogL6wRdFuiPWV8c1U3	33.0	1980	0.4679999999999999	0.981	9.0	1.0	0.4379999999999999	105.012	269107
5ivR9lZ6yU5OJLXx	009TjPzPuetzFiJNnBEVrV	43.0	2018	0.419	0.98	8.0	1.0	0.5670000000000001	194.80900000000003	211968
5juPSY4xQFCaFPOH	0KFzRf6TuI1AqE9xdQep21	52.0	2011	0.547	0.937	7.0	0.0	0.5	128.059	204160
5k0J8Khb6W0O7vt8	5JjHr4GeuAERaa1qgsbv6A	54.0	2014	0.524	0.97	2.0	1.0	0.659	161.95600000000005	243053
5kcVFLKXhQtnqOHT	1bjEyeo2dYxKPMqoetbU5A	30.0	2004	0.178	0.992	8.0	1.0	0.569	175.593	140574
5kpARud90NdKsnQi	623UzzgPxaw5szI4laj2Aj	21.0	2015	0.765	0.88	5.0	0.0	0.711	116.999	209813
5lp2YgwSwZWdmblg	0NdEXeyN2erE1WbFQUAfiO	21.0	1987	0.672	0.892	9.0	0.0	0.598	120.108	237733
5lrdABso6kDuaUiH	22v9ZVkWWAYjderL7ZWuuH	50.0	2012	0.569	0.5720000000000001	6.0	1.0	0.6579999999999999	110.031	234000
5ls2yihhqTvxIcvY	3OcQ7GHZRKcm1yxrykVXEv	47.0	2011	0.354	0.5379999999999999	0.0	0.0	0.183	104.968	260014
5mEYfsUwcZkCHs1O	4kxDKjbjjLKNRqoJvFe3g5	26.0	2003	0.357	0.614	0.0	1.0	0.557	97.083	171227
5mRvGa9rmO717LqO	2Ofae1ug0iMCbBZBwXk1WH	26.0	2019	0.505	0.368	7.0	1.0	0.175	121.535	369520
5r1cmqvduj3t3knp	7a7oHLy8o9AA5CfTuzRd0P	10.0	2002	0.609	0.809	9.0	1.0	0.652	101.905	202827
5rbFm1T97SVnKSWi	059vqesASfCCpWPabAngNE	36.0	2006	0.423	0.887	0.0	1.0	0.639	89.98200000000001	179867
5stZqMOVZDKmzPt5	6ET9kf9riLETWs9lePUEAI	66.0	2018	0.555	0.43	2.0	1.0	0.2739999999999999	147.613	246133
5twiZWdoH3ocprjz	3W7dbKv3TYGktiBDwz01Si	55.0	2018	0.581	0.737	7.0	1.0	0.249	132.924	219148
5tz9TpQKxhnBHxGQ	278Ao6KQDxWGGszv24uvhI	57.0	2016	0.499	0.958	9.0	1.0	0.359	127.491	205440
5uHSQQR4vY303egd	1MGvZ5jRf0skm1rF47dBBT	27.0	2005	0.481	0.955	4.0	1.0	0.476	149.944	184360
5wVfSvxFsypzRm8n	4C80ymqeLTdTUPIECwBVZT	39.0	2011	0.3779999999999999	0.905	8.0	1.0	0.356	176.03599999999997	233187
5zflXXb0H4jm34nI	0dEKHXkMPrC5vQkjPtmOic	47.0	2000	0.5	0.902	3.0	1.0	0.614	107.812	190427
601FnuW8eUf0G5Pe	0LY0gBh9xsnhIun3HnzfAV	36.0	2016	0.71	0.341	1.0	1.0	0.341	103.507	264400
60IeE2zj5HvBu16D	5kQmMdo4aHzdzPKZxl7Wf1	33.0	2012	0.38	0.901	7.0	1.0	0.476	159.876	180493
60OSb9vno2104Lbw	7tXeeUCuvSrGnnscIT58iv	33.0	2002	0.485	0.0288	10.0	1.0	0.0546	119.119	232920
639ytiX7sK6FFmWT	7fgQEAwQRT8DcGczZkzbyR	23.0	2018	0.467	0.2	0.0	1.0	0.075	139.566	195733
63uoQgWPttYvjRfG	4lXwMwywIglTJnuEmwKhPK	5.0	2000	0.413	0.1939999999999999	5.0	1.0	0.271	86.124	204067
64jJ6LiQPvESDq0J	7vEeYo34dX7geZhQVotCJi	48.0	2017	0.28	0.772	11.0	1.0	0.356	153.034	190640
65wJ7rgcMWzGIIx9	4Pn5lfSSNhfmDl6xlSiE2k	18.0	2012	0.105	0.848	9.0	1.0	0.198	168.017	145232
68x5eRBGjbyhU4Ji	1tV1G9juUCSNEDdVhCaWKh	35.0	2004	0.7040000000000001	0.322	8.0	1.0	0.249	90.372	46693
69QbPeCZgeBiMWmG	1GLFzTGB0rYohSq2qhiJ7D	55.0	2007	0.654	0.743	8.0	1.0	0.708	105.081	235267
6AE58TT4YyF4Y4oT	7J62nYXcgHElvio5HV1Qoy	29.0	2017	0.531	0.963	1.0	1.0	0.6829999999999999	145.011	131302
6APp9RqrjTj0yxFr	3B0Er8HRu24IbPKCi59N0b	48.0	2000	0.546	0.8590000000000001	1.0	1.0	0.975	159.95	219827
6AYff4IFMcQeMFHi	0z6HYYzPK1zxfflOn07H23	24.0	2009	0.637	0.7140000000000001	6.0	1.0	0.931	131.789	197027
6B5ZrThNCZqj3AUS	0IF7bHzCXCZoKNog5vBC4g	58.0	2011	0.597	0.115	9.0	1.0	0.128	111.202	197577
6CX6xTQhSDZuaBtu	1GsVEQfNpSuDZdz1yntZQa	44.0	2001	0.638	0.877	7.0	0.0	0.894	164.03900000000004	216067
6D7zrK0Adoi9k7BF	7G9kkropwI8IUBV7kjUEw2	27.0	2015	0.407	0.69	11.0	0.0	0.1689999999999999	95.152	466347
6DFvffhtHNM9DlsD	2iY9nn0VJKa1Ro63ICzX6G	49.0	2018	0.596	0.578	11.0	0.0	0.853	160.08100000000005	209813
6DiqMk5OTw4xE8tG	1v98rfd0an913AzHvMNG8a	52.0	1977	0.738	0.316	1.0	0.0	0.377	88.17200000000004	204533
6EN7wcZDMFKu6RVs	1nz6UGfezb8CLB97PEd0CA	27.0	2018	0.535	0.5579999999999999	1.0	1.0	0.759	114.15	202000
6Ftw9le2dPbPYn9i	1Rr4XfmZlFRbqdijphWaYY	32.0	2017	0.563	0.879	1.0	1.0	0.494	95.06	263093
6G3q6YqIzBN1JUjc	1zmvaeDthBdtthb4RgYr9a	49.0	2000	0.612	0.6629999999999999	1.0	1.0	0.5579999999999999	100.178	336360
6I4Yd9XMdwdbumsp	70kjLeuW46xJ5pqzYRLHAf	56.0	2019	0.875	0.375	2.0	1.0	0.139	153.84	168661
6KXo2PqyvSeLVEpV	1wBCpto1CL9YeCx4ocQ12j	17.0	2015	0.416	0.867	2.0	1.0	0.184	105.006	353880
6LDVRgNNl10YetmG	1qhcO9Akt1mP0Y54OSTX9w	55.0	2014	0.525	0.914	11.0	0.0	0.1989999999999999	105.955	236600
6LZBt5z6LRNgpV1Z	42NB7w0tDCag0mQpCtZe7Y	55.0	2018	0.66	0.45	4.0	1.0	0.242	145.011	194547
6MbDjLGnIVuYIWKx	3BQLTtpQOYGXQY2lT3ZZeU	47.0	1972	0.457	0.268	0.0	0.0	0.348	117.141	154667
6Npn1U0icaRWsOVw	1u7NKRxUJjPiTaKfHZQ0rE	48.0	2012	0.638	0.488	4.0	0.0	0.3939999999999999	117.859	258840
6Om6cFVYusgHMjv1	6LC7UCKvbg71Uqcwd4E0md	25.0	1975	0.1939999999999999	0.823	3.0	0.0	0.365	141.33	205800
6PTU0EEwfcdwK9r6	04MoJkJzCoU9ukeewv5Vzu	61.0	2018	0.642	0.657	10.0	1.0	0.6579999999999999	90.0	243187
6PtJA0gCyouQ1DQ3	3BQmmSfxwwGH8VCvja9uWV	40.0	2008	0.337	0.838	10.0	0.0	0.4639999999999999	145.952	212640
6Pzfyp9S9R8LNNfB	07KPw1ymtT6UKE85E1KVmt	34.0	2007	0.503	0.7040000000000001	9.0	0.0	0.7909999999999999	144.988	209960
6RqYGJ4HLFTDPL6f	0gg24FZNKslxIWKZMVNjWr	18.0	1967	0.417	0.276	1.0	1.0	0.278	134.66899999999998	192267
6SBCPEW2mQQDBJWX	5sHXdj0JvRXaqYCPDfVzdd	22.0	2007	0.36	0.996	5.0	0.0	0.185	112.02	76133
6SnqHIrdR2GvswC2	5SJba3AbeutDOH8vk90NnX	32.0	1977	0.162	0.763	2.0	1.0	0.439	175.192	361360
6UwBj2ZaqECiXSba	6XNqY6hp6nmkDNrVwxI0PE	32.0	2017	0.428	0.789	3.0	1.0	0.272	116.952	248200
6VxPZirqY4c3BsSe	3l0pdat6N0XcotNr2b7rNl	19.0	2013	0.471	0.608	10.0	1.0	0.0378	97.382	311187
6WMUcUlCp192R943	6jF8WPo4KEoM1fonqPYbq1	41.0	2016	0.551	0.965	2.0	0.0	0.0384	128.049	295987
6WROJ2897HMFDUzY	77Fx1HtDox0xmvmvL23arD	38.0	2005	0.726	0.5670000000000001	0.0	1.0	0.657	117.029	212370
6WlGmqDauWacBf9D	6jVjdgvJg7EsdO5PX0JCvn	26.0	2011	0.24	0.424	4.0	0.0	0.0361	180.071	254393
6Z9e44DMD4Il2ZkD	0EffUj0NfjRLNpr9zvWcyf	38.0	2011	0.3989999999999999	0.953	1.0	0.0	0.503	174.924	225880
6ZBmWJ3J4M0vZWNo	0EGuSSpuu9wmHCtvb4PdLO	67.0	2016	0.657	0.7390000000000001	2.0	1.0	0.5429999999999999	181.99400000000003	202221
6ZEYJA8Jti0lbrtU	0OGidxV6e9dWeN2bXjXBGi	43.0	1989	0.83	0.626	6.0	1.0	0.475	92.25	252627
6ZHo9bElZXJEsqW9	1A2AXzeYUe89aoCuuvsUyh	33.0	2012	0.467	0.836	9.0	1.0	0.184	160.009	196093
6a0Tl2f8k6Qw9l7l	3F4vBAZ1sSnoF22OzoeK9X	19.0	2013	0.1689999999999999	0.22	9.0	1.0	0.0618	71.34100000000002	340667
6b5RJWnWJXeTXATh	1GErReAT0swX36x3O8GyQn	54.0	2004	0.3720000000000001	0.975	10.0	1.0	0.467	162.967	181027
6bdBdG2Dvn1YHVk2	6k7SAxbxJkg7evt4CaCPtm	33.0	2015	0.494	0.977	2.0	0.0	0.175	119.981	244212
6c9JTPqBiKjCdicL	4HcemnwcdpRMMBkWoAiSPv	31.0	2011	0.258	0.955	1.0	0.0	0.434	96.597	89613
6cqlKcpBjMCqy42S	1RIIoz2CciRDDq3op0QcWw	32.0	1992	0.525	0.245	4.0	1.0	0.415	107.311	198800
6dTPUakCVLPE53u3	5ehlQ3KVut2BPfi7GbNZZD	29.0	2014	0.456	0.882	2.0	1.0	0.6559999999999999	88.307	200320
6ePNRM6rbQuTM5XJ	3Xt1rww1XMkh0qrUieRF1I	44.0	2011	0.5670000000000001	0.608	2.0	1.0	0.537	166.80700000000004	233613
6hwwpRFIVSAvSOfy	2gOA5f9bK8Ii4LJC8fD8W7	36.0	2004	0.418	0.72	7.0	1.0	0.278	189.486	185333
6i03to92SG0QWZj5	2kX4ykCwUeAVYv6fahnDfG	54.0	2017	0.888	0.687	2.0	1.0	0.4320000000000001	115.034	236947
6iJltNTaoYJiRqpw	3Llikc7f9KKGYwbrEfAYtk	39.0	2016	0.526	0.93	6.0	0.0	0.66	142.005	548747
6igYOZKOpdfXfcvY	6BdiFsPMPkSEEO4fFXFVWX	55.0	1979	0.907	0.875	7.0	1.0	0.865	129.797	313693
6iiSfk5dDk9nCKVv	6w9lmWBgqzPQHNQo5KaORN	47.0	2018	0.647	0.856	5.0	1.0	0.637	143.953	201561
6jHyUqmN70v8qKrH	727o1zmLOzQS78HdehieRJ	24.0	2018	0.442	0.7120000000000001	3.0	0.0	0.419	128.567	332766
6jmRlLB5lhCBqWfz	1DrcPqNH1gFFwpramua8an	31.0	2015	0.413	0.98	5.0	1.0	0.55	157.069	173084
6ocHhFrFH2nu55HW	5aDNR9kL3HsG3kUAeuguHl	41.0	2012	0.491	0.851	7.0	1.0	0.247	107.978	232467
6pzRV1VflZmltXMI	66zSeZQdUUI6BKA1yDmqc9	33.0	2009	0.614	0.39	11.0	1.0	0.3	152.064	201920
6qkBRUTftKj9QkyX	64VLqyvVCCAXyqKCqs40z8	47.0	2014	0.46	0.982	2.0	0.0	0.267	112.507	380613
6szyNgIfggPDduAg	37dqvFeLiUxgRjYci4nL3K	14.0	1975	0.611	0.421	9.0	0.0	0.68	123.033	282800
6urvk94d6y3xZpvq	5ihS6UUlyQAfmp48eSkxuQ	74.0	1975	0.414	0.161	7.0	0.0	0.423	159.375	199493
6vPtCBMsfApvIcnN	2e2DCJ2r7tMC0uWHLgEn95	11.0	2011	0.478	0.502	5.0	0.0	0.0362	131.109	242853
6xHlTE7G5TPIszvP	7jDZIM59S1utHXZcmYSEYx	43.0	2010	0.3339999999999999	0.924	8.0	0.0	0.359	170.15900000000005	228987
6y7BnaDJFrxa7nP9	5PWwjq6cIC2371nou33rdn	41.0	2018	0.4539999999999999	0.945	6.0	0.0	0.4379999999999999	158.082	190253
6zDgi5WXaUichqZ7	4p44Vt4VPOMP9ZNggZ13m5	14.0	2008	0.134	0.809	3.0	1.0	0.139	100.026	447120
6zIWCgFobyfSKHBj	02ydmFPiefDdsac2NwbrO4	32.0	2018	0.302	0.877	1.0	1.0	0.212	129.864	313568
6zMoeLIkDHWVWPDL	46JZFeYFg2kGDCB2iLDZZ4	14.0	1989	0.6629999999999999	0.0511	1.0	1.0	0.208	59.797	220400
6zakI14PsX55mIRm	4Qqf0sthtAxufsWTicTHqN	34.0	2010	0.667	0.813	9.0	1.0	0.636	105.976	220387
719ywCZeDUWyMb4Z	7ACOTEPgEHeuLMxK7w56cC	22.0	2007	0.626	0.976	2.0	1.0	0.5589999999999999	123.997	184773
71B6478lDX2d82BZ	7uYHbPVFRETSEElhhA58mC	31.0	2018	0.669	0.606	10.0	1.0	0.3989999999999999	128.043	215781
72RUzAtjBnnRpuxN	0bYbG2bhPcQq9N4PlweSk9	22.0	2007	0.377	0.912	11.0	0.0	0.455	111.012	104987
76qenAf8gYlH4pfq	1s52byVjQbhfNgnQSviZVa	40.0	1974	0.7040000000000001	0.627	9.0	0.0	0.851	107.543	242200
78vsAA2rtnAFZ9xs	2yXfkGdRTSPgSFJfOGsLhk	31.0	2016	0.606	0.5920000000000001	6.0	0.0	0.762	174.623	268987
7AEO6ySVblr42fGc	3bMstGqRUu0KBvWTNGgVm4	5.0	2010	0.573	0.855	7.0	0.0	0.4539999999999999	127.978	253413
7BnOIhASTIIYd3SI	2gN5CRL8mr7w9imO7mOh8W	20.0	2013	0.56	0.989	5.0	0.0	0.634	126.97	145267
7CWCLgmOANG10fjw	4GLU4Wa29upEfOtjBGmimZ	34.0	2014	0.299	0.322	2.0	0.0	0.039	118.981	282683
7CzWEPXag7nOVCEQ	4R3f6mYEfSZHrgt3BOWtks	47.0	2017	0.649	0.659	4.0	1.0	0.415	98.488	213075
7F7KQ6YgH6uRr8ex	4kxpoNJE8r3LgsSzEqaEDU	30.0	1993	0.471	0.6920000000000001	4.0	1.0	0.472	94.898	237267
7Hr7U4NdQ29P8wa8	0aXAuXLek8q2tRm30CoC0g	31.0	2013	0.583	0.748	0.0	1.0	0.7809999999999999	160.026	164773
7JKlKoEKdCA3pGhf	0sGEbgy98b4517rMrJpEdQ	29.0	2007	0.375	0.804	7.0	0.0	0.384	154.066	212947
7JyzhUqKBuIi2hXj	62uCap25mL5XTZ8fd9tgSk	27.0	2001	0.2769999999999999	0.507	11.0	0.0	0.0959	93.683	353547
7KQdeuXQ5G5mguEy	2nHUE8QQTpg7BE3BoMN4M2	34.0	2018	0.581	0.96	2.0	0.0	0.371	128.016	288338
7Kl8eoLOf34MMSnY	2okeBtFNVJ4n33NEV1RxBm	56.0	2018	0.527	0.695	9.0	1.0	0.271	142.922	193080
7LfUFSaaFyxcITaK	2FAL6hxj5Qxuj0kWOkEOsF	46.0	1983	0.583	0.8909999999999999	9.0	0.0	0.8140000000000001	136.79399999999998	229267
7MfGbFeJhO77dOqe	2OWzYwHG22N4YoGvgcmNLD	38.0	2015	0.971	0.8320000000000001	9.0	1.0	0.7859999999999999	120.009	209966
7O8IsLr2C0zORzqw	0pDeiddexP7L7a3q8FwBqO	33.0	2019	0.516	0.6779999999999999	10.0	0.0	0.6809999999999999	136.935	239568
7ONixpRAwThtWYI7	7IFUqpAJRWk1gMWLrK0L77	39.0	2018	0.431	0.875	7.0	1.0	0.764	172.042	274107
7OsxMDcFbqdMHXN0	6fB2mAnFkCBXfLXUSgOEya	15.0	2008	0.5589999999999999	0.898	1.0	1.0	0.6679999999999999	126.96	225987
7OzVD8IeM1k1yxlK	3BpUZB0tw4zNmG3Iw1mclL	56.0	2018	0.652	0.669	11.0	0.0	0.769	115.047	194009
7PAc0qJBlSzW7Jlc	5c6gkexa2eWCCBmEb0zXCZ	53.0	1993	0.726	0.861	6.0	1.0	0.457	98.501	286933
7T0WFZeGj3i3v13y	48MYmB4Ww6YeTki4HSEVcm	17.0	2002	0.187	0.767	4.0	1.0	0.531	91.522	242533
7Uj3BkVHozaOtUvM	5Cg6S5BXG6lXqjijSK9zFh	51.0	2007	0.581	0.5660000000000001	5.0	0.0	0.449	83.904	234013
7WzGPQNTJo6KhBVP	4m1KVtLSPNdH4NFbe8DKzO	36.0	2010	0.675	0.7140000000000001	6.0	1.0	0.301	88.344	207280
7XgULZHph67TLZgR	3Te8zwoSdO2BrhDVVwiqeY	38.0	2002	0.601	0.997	11.0	1.0	0.302	100.076	191427
7YUDrW4v01GSGMGz	4NBQ5yAvgL5w35ojsPSRtf	21.0	1996	0.355	0.6890000000000001	7.0	1.0	0.715	155.338	201003
7YiiMwCr9p4V9NCc	228FORFk03R2yjycF2VsLi	47.0	2013	0.3939999999999999	0.948	8.0	1.0	0.357	153.019	291404
7ZhsfreCAjHa8Nnh	6kRS0dDuVCloDFIp0nPXCa	25.0	2007	0.539	0.8640000000000001	10.0	0.0	0.346	151.966	213800
7afnYuMcGVbNxlEG	39nbquIz3dxYfhV9ovgCRC	18.0	1997	0.1669999999999999	0.8540000000000001	4.0	0.0	0.0713	107.812	168667
7bDdq09ToNnBjdeI	68XDZSuCJdT8ld3W48F4Fk	40.0	1995	0.531	0.856	10.0	1.0	0.44	90.015	442747
7bkpgHoicnR96Oxv	0xAOmpRlrqsr0afkC3NzVU	35.0	2011	0.532	0.898	6.0	1.0	0.237	105.973	238120
7daweJ2rhM7Xf4AW	0KoGRiUNOPIYnqULGlHjyb	31.0	2005	0.499	0.785	11.0	1.0	0.33	109.478	228027
7dkqpG3i6rXfiihP	1VJdrPyAQWM4yrdRgYhQJE	36.0	2013	0.414	0.979	2.0	0.0	0.156	150.05100000000004	217413
7dtdyo5hnJj065Xz	4qOn1sADfGJRIJfjkT2rZ2	32.0	1971	0.48	0.31	5.0	1.0	0.37	121.92	210067
7ekrmFU2el0NnRkp	53r3nf4tYdtjaJHvshtlMR	34.0	2018	0.436	0.895	11.0	1.0	0.223	114.877	284227
7fQmb3jm6SUCAsaZ	5g0hXvfKYYZrEdnoCn1QQc	56.0	2012	0.447	0.941	2.0	1.0	0.319	95.006	228328
7fngZR6f5InZBUJu	4EwfTRmjZMPGxrqYIrlCBv	40.0	1973	0.425	0.8420000000000001	0.0	1.0	0.923	167.968	193333
7iT9ir21vU655SmM	5MqPxEqgmrKBXHN4J78rjb	39.0	2014	0.609	0.944	0.0	1.0	0.69	116.035	211373
7jWdVCffEu28450I	3MEt5KPNRD7RpE8BnvJe6B	46.0	2006	0.573	0.8190000000000001	10.0	1.0	0.5479999999999999	77.971	233760
7kVURZXnP9Qtb7Ib	7wZUrN8oemZfsEd1CGkbXE	75.0	2007	0.638	0.6559999999999999	5.0	1.0	0.225	104.036	262467
7kY3WMJTP9n4NOT8	6AirEKLAv80bFaIDKpMi7I	52.0	2012	0.451	0.573	6.0	0.0	0.087	85.921	340333
7lX0wiRVFx54LBrx	3igu6bCzkaIrioZIhK3p2n	47.0	2011	0.387	0.916	4.0	1.0	0.489	200.079	199707
7mKInhF7ecbSKvxF	3AnRQtweYYwrqFytgUsR9P	23.0	2014	0.303	0.311	10.0	1.0	0.0452	169.884	311055
7mcRquWxlc4uvWQD	5FUkeL8EMmVQ8uuArVWSc0	50.0	2008	0.552	0.703	6.0	0.0	0.406	139.991	225547
7mqpWrwbHvHUb0pi	6mwS9ssEVKK7dmVVXwpbv7	41.0	2010	0.486	0.519	8.0	0.0	0.119	131.994	272907
7rsf2fQnYdSADzO1	5uc9ZPgiXuyeYGa1TzM3xl	36.0	2012	0.37	0.99	1.0	1.0	0.529	171.715	220600
7wd4a0Qec0TYAJhE	5AcjvbEU3WTO9DD1GhSPIx	9.0	2011	0.601	0.8490000000000001	5.0	0.0	0.58	137.935	235467
7woX9FySIDxg1IGV	1Fx9aiORwv0cx5mFEBasHo	53.0	2011	0.637	0.804	2.0	1.0	0.732	129.261	186173
7xc9UIb5zPlwc5OA	4DQttwipnILl88cru3BRZx	61.0	1982	0.8240000000000001	0.366	7.0	1.0	0.895	73.949	249533
7yqWw3pZPkcCUC2M	1o6wbeGmVxYAwqwl0Ps5BF	14.0	2002	0.639	0.5710000000000001	0.0	1.0	0.625	89.598	212533
7z9iheIcuo5jvNpS	1UIZd9Xwvuv7aoYHTC4irP	33.0	1989	0.347	0.81	2.0	1.0	0.217	135.45600000000002	297040
807iBpqlN5mGpuWT	2se8BN8Cr6KScDkWfUEgs1	19.0	2002	0.626	0.865	4.0	0.0	0.353	119.648	359160
80P9k7mawKhBRHbJ	3iEDnSI1u7Xt93LgQiiSoA	23.0	2012	0.493	0.994	7.0	0.0	0.255	109.066	248920
80g2xMkn6RhohY7i	38TfQ2q6x9nzoxoKU6QDcK	43.0	2004	0.596	0.72	9.0	1.0	0.611	145.891	232507
85krMisp9eMLODi2	4c32lu5t3cEcXDl0sbbkbn	34.0	2004	0.2689999999999999	0.5760000000000001	4.0	0.0	0.188	93.842	307360
85neaSgs5WK4EczV	1SXaNlT88KkWotaPlJwosb	30.0	2000	0.528	0.879	9.0	1.0	0.5529999999999999	90.06200000000004	266413
873PHsocsWzooGbq	0Nt9OgNZ856RjKIPldNRf9	54.0	2017	0.677	0.434	5.0	1.0	0.242	111.007	260213
87Ct1HWIQ8QBLuP9	7dt6x5M1jzdTEt8oCbisTK	85.0	2018	0.68	0.563	10.0	1.0	0.374	145.028	231267
87dM2jCka3uQ9jCe	3kBV6iIyeT5SCvGcVyg4pJ	39.0	2014	0.3670000000000001	0.997	1.0	0.0	0.0567	115.024	230667
87lyKdVukdkdtFoC	0ELL93uaHi7jW9RxbPr6Fj	32.0	2010	0.2239999999999999	0.865	7.0	1.0	0.142	150.475	243293
883kasCisG2mz2iC	30JqjLCbDjNi3BZW4TSI6N	24.0	1985	0.389	0.879	0.0	1.0	0.6409999999999999	129.19799999999998	139440
89HLanWesQTluceT	6ugqmzAitEr7uuzxTrwuxl	21.0	2005	0.5	0.423	5.0	1.0	0.146	120.617	206333
89m9K4zkcXUHp4r7	39eFFeKv7QaTBIukk7TYVu	47.0	1973	0.5670000000000001	0.273	9.0	0.0	0.302	81.726	244440
8AvJcHLboetxZZf9	0IQs78HO3ym69mCNFJ0UZp	50.0	2001	0.5589999999999999	0.223	0.0	0.0	0.0907	65.682	179133
8BWJCPkFxno1cSpW	2wt6rx6jTBNO8YNiDcIERh	14.0	2008	0.713	0.904	2.0	1.0	0.8859999999999999	116.969	227333
8C4D2WQXhlWvjyXW	4ZfseXX84WDBDLcCATDmHC	36.0	2014	0.485	0.578	5.0	0.0	0.0656	126.006	140952
8DKRArbUQzQO3JyI	245q31NvaFNkMw8QRVy23b	50.0	2012	0.5760000000000001	0.9	5.0	0.0	0.75	75.046	202093
8FDKp7L5a04WFVxO	6SbJDTZDwQ3QqnBsZ7OJd7	19.0	1973	0.5870000000000001	0.711	9.0	1.0	0.8759999999999999	133.407	191053
8GRxTPVdJcJi5TCw	3EZAnO8lnPCBCcJcwAZbEB	50.0	2010	0.621	0.967	6.0	1.0	0.315	112.017	253387
8GiGcxrIBOBtFcM1	4TtUC0P4pZpZGIxgBdWvRc	22.0	1990	0.589	0.779	5.0	1.0	0.601	129.306	262107
8GmcQtqYZKj7TSFx	2Y4ouk1wtuoOv96oapPwZv	36.0	2017	0.705	0.778	0.0	1.0	0.903	99.971	216227
8GpjcScP9b7XV3Uh	1VbD7IkGVqi8VOksRBwrC0	43.0	2000	0.5489999999999999	0.5529999999999999	7.0	0.0	0.72	123.371	154267
8GzlVkRojEB6Hj7x	7EOCSmPvQ8psymuLTsKfN2	41.0	1981	0.426	0.721	1.0	0.0	0.248	151.13	258080
8KgXnc0FVKoPu51K	4Y9umw0bCL4BJN4PUOC3TW	44.0	2017	0.446	0.948	1.0	0.0	0.639	81.487	216080
8LSSG51scQ97v94V	4o8ldviFeJp3luPear0mQP	27.0	2014	0.637	0.848	1.0	1.0	0.645	130.96200000000002	222547
8PJqFLU7ZnLgTF1k	3zjGKhZz4Moe7RILm42avk	12.0	2016	0.8420000000000001	0.5	2.0	0.0	0.151	120.036	223640
8R7mj16KUPRk2bUp	1HOMkjp0nHMaTnfAkslCQj	71.0	1979	0.586	0.7	0.0	1.0	0.897	147.245	295400
8RJgdNrEKezWc3UW	1iJkNi6QLpcMbdusqFkn5G	4.0	1980	0.6609999999999999	0.95	9.0	0.0	0.8290000000000001	142.112	132133
8RQftPNbrlFjDiWW	6eUClMzq8c9cKBXd6NrgVN	41.0	2017	0.6	0.731	7.0	1.0	0.488	92.869	266047
8RlEvu9LSI3L2kih	3iemr099QDqgbojSSzCkGo	17.0	1994	0.244	0.991	4.0	0.0	0.0383	138.241	436733
8S3GpqtssCqRTASA	2FVcD7izMOVoimcyQAr8vt	20.0	1970	0.364	0.7659999999999999	5.0	1.0	0.8490000000000001	102.23	246693
8SzvDouEuLcnAEyu	3TQQia7NM2GwsiwiVZWrSC	37.0	2008	0.431	0.985	6.0	0.0	0.532	139.97899999999998	341680
8Ut4t4wQKrknEd4I	3ITxwkMgJDNMvCmlted8j4	33.0	2017	0.369	0.912	0.0	0.0	0.425	166.942	197840
8VJcjGnIB3EWBqZ6	2s8aJrwvNYBzgOVgj7FxHn	44.0	2013	0.371	0.485	6.0	1.0	0.149	176.093	402738
8WVV9tfgSQHVDehI	4Vpc9K0tNyosBkXCjdd9sM	39.0	1981	0.6759999999999999	0.698	7.0	1.0	0.6990000000000001	126.965	222667
8YIf6yx2zgrACgHo	40Fp6pxcS9l08kL1R50mR4	43.0	2007	0.442	0.952	3.0	1.0	0.505	130.68200000000002	203640
8ZqqgbCYM2p2AuL0	5SZ6zX4rOrEQferfFC2MfP	68.0	1975	0.653	0.73	5.0	1.0	0.894	108.705	220400
8bDMkSxzls0LlFDF	2MhNLBFhSo2PHdIqQCjDYS	44.0	1991	0.639	0.746	7.0	1.0	0.8009999999999999	106.101	157960
8cM4LdET14KP9vSR	23CIAx7uGrtUH5CwRf3BC5	35.0	2017	0.401	0.713	7.0	0.0	0.155	135.958	359400
8cVHDXin8gEdSofU	1BHuqBlRXw9MC1scsNCdXS	37.0	2016	0.486	0.982	4.0	1.0	0.179	115.023	269280
8cjZoDReCqfre4BJ	3CNVaHOEJiktEnC3POAVN8	43.0	1999	0.625	0.524	1.0	1.0	0.516	125.348	415467
8d7H6X6duAMz3Llj	6FeBkC4wmjcikm4Y2Orqnr	38.0	2003	0.428	0.7040000000000001	4.0	1.0	0.3329999999999999	80.961	261747
8dcG2m2GyFqIgDtF	7xsLvTLqXL5pY9IfYyyB8r	22.0	2013	0.503	0.3929999999999999	7.0	1.0	0.136	146.942	412245
8dw9bKWeq2ByiFJ5	3pXF1nA74528Edde4of9CC	74.0	2015	0.765	0.356	11.0	0.0	0.19	97.001	198293
8eCvig8UachodwS4	2ecn1rzrjfpNnPWEOTUpnZ	8.0	2009	0.731	0.85	7.0	1.0	0.8290000000000001	112.013	202617
8eWwHL44pZsj1d8H	4CkIURmNRubxc12llcAiuh	44.0	2005	0.461	0.752	7.0	1.0	0.897	141.085	158213
8fb1ajrRliRUQObL	1KAhsLqLYiqCZ1G8ljKDtB	50.0	2018	0.805	0.759	10.0	0.0	0.721	120.057	312533
8imJokmAzphbZ4Xh	4vhHfBcwfunscuQ0WYelHj	18.0	2013	0.765	0.8740000000000001	4.0	0.0	0.856	128.049	181867
8kmKFOfenCvqvoP6	3mrCVBnj3LOOKZLlRoj2MT	38.0	2005	0.4529999999999999	0.932	2.0	1.0	0.347	130.16	222533
8ktPXbkbLKkfLtnW	6NXJu7o34iWY9efSvpEg7T	17.0	2011	0.604	0.84	6.0	1.0	0.476	119.004	267053
8nG0vZiRQXrHbrQK	57BrRMwf9LrcmuOsyGilwr	70.0	2000	0.58	0.7020000000000001	4.0	1.0	0.299	105.076	208960
8nyPt8gB1K8g5FNv	2RChe0r2cMoyOvuKobZy44	72.0	1994	0.3829999999999999	0.659	4.0	1.0	0.327	140.795	353027
8oVWUPXM0Xm3qQlr	0j7hyKTaetFpKsCgOyGPAI	40.0	1983	0.485	0.936	4.0	0.0	0.337	109.374	198173
8oVmZB9m77Pfx1eK	0gDRvWeq0Qcg9KKEGGjFKE	32.0	2010	0.688	0.542	0.0	0.0	0.1669999999999999	81.363	231520
8pA5zzOCIpLseP82	3eVTOl9V8XAFFmlAjrHNsb	26.0	2015	0.38	0.934	2.0	1.0	0.22	156.90200000000004	304467
8pEC63e3yTlJfG7R	7EFMYtN7FFFNLzxOa9OgGC	53.0	1988	0.4370000000000001	0.875	2.0	0.0	0.7240000000000001	145.474	208400
8sIDB4EkDjxYK7Su	2MvLw9BE5ndkvZLXJcb1oC	34.0	2015	0.321	0.747	7.0	0.0	0.185	154.86	367773
8tRDJXlTPyF5HhPM	4lJ6YVXQ0jUk5ILu0PSrA4	63.0	1973	0.601	0.574	2.0	1.0	0.8	147.964	214080
8tUUOUHWyVgoZOat	6EOAOGls9pIdUJsrqytcXK	45.0	2010	0.8270000000000001	0.578	6.0	0.0	0.968	111.447	269640
8txW9J5I8BhI0rGn	0DXi34kEIXj6YPxrEfsFa7	44.0	2003	0.495	0.856	1.0	0.0	0.3879999999999999	128.045	204000
8tzWsVovn4FC82rs	24sZO2Pv5q9V5Rrid3GCJZ	30.0	2004	0.636	0.2289999999999999	0.0	1.0	0.446	97.888	216800
8uQDKgYxio9X13mW	0eBNytPCb7XLOQqMMJBlgd	15.0	1989	0.74	0.833	2.0	0.0	0.825	98.933	251333
8uTs6nAajYgugRsH	3tT7w3IKKEwLQlPYTwqAgl	26.0	1992	0.366	0.955	11.0	0.0	0.3429999999999999	125.614	184240
8uaRSrqxqCIH7pOf	3F5iul8UYuoBINN0x4pob5	39.0	2012	0.7040000000000001	0.5770000000000001	2.0	1.0	0.882	119.874	155520
8wF50b7dLgcFT9nv	1S8cT0r8G3q7xQBDX1DBwl	37.0	2014	0.384	0.926	7.0	1.0	0.21	163.06799999999996	215373
8wweAwTMzrrS7DTv	2FO88on37PDzBe8jLppGlN	29.0	2013	0.462	0.75	5.0	1.0	0.411	92.035	256227
8xZbP00VbufGKeYj	6oDkCmfVcSd9NXAKk1b4Ll	54.0	2016	0.735	0.612	5.0	1.0	0.395	105.056	184060
8xunDLSxrB1u5agF	0eHxqgbpr2ptXQtw8Ab3ve	48.0	2006	0.39	0.208	0.0	1.0	0.0546	114.838	331360
8y5GVBt5FnpVKiI7	5RLCjrN7tvF9oxaKHRTimL	39.0	2019	0.498	0.3929999999999999	6.0	1.0	0.2269999999999999	89.71799999999998	185031
8zZEG0OS0eBGhCcI	5lnkNO3Si97dpuKQY8z5OT	30.0	1973	0.677	0.8759999999999999	4.0	1.0	0.855	136.276	232333
8zc42n00FUtlDOAT	1Zafhe6hrQtd8IVTFIBNeH	35.0	2014	0.649	0.506	0.0	1.0	0.5770000000000001	134.488	195947
90t1iOMqBRa2rGOn	3ehRjbxXkCC1B2wTZn1q8I	28.0	2008	0.324	0.965	1.0	0.0	0.355	167.929	196560
92diTSFMvFEp1c0g	0wFQnci5YCcwbKAWNBzqiA	46.0	1993	0.4270000000000001	0.429	9.0	1.0	0.248	144.683	260400
94vbTStoXRy6EewO	4fPKEzeqA49UikIHM3cQXx	31.0	1979	0.46	0.416	4.0	0.0	0.23	105.399	203067
966nol0XzgR4cjyr	2V8pEdaIMYgKeUuvvFoxE4	17.0	2012	0.366	0.932	11.0	0.0	0.2239999999999999	128.014	259920
96eWc0WjYKXrCoEq	3KG03fcha5gJBLyze9919W	46.0	1972	0.606	0.491	11.0	0.0	0.825	119.582	237267
97qvpPek95TfoIpa	43n2r40uvvkcyxEE1RHqhq	37.0	1998	0.436	0.429	11.0	0.0	0.187	73.54899999999998	281360
981Lm983YaJcbQV4	0ho3aQ3EOXLQcx1qX4F6Kx	31.0	2011	0.623	0.535	11.0	0.0	0.4379999999999999	126.906	216400
98iaNi4kVKEjLJZC	2jXTBrywc6ruxaUXW84Xhr	53.0	2016	0.5379999999999999	0.178	0.0	0.0	0.173	120.27	97587
9AOaR2jWftvvzwNc	0Tyt3SyqRIsN0XHRyhD75J	47.0	2019	0.6829999999999999	0.659	2.0	1.0	0.768	135.017	199090
9AQ2gp033II7Utkt	4jLv3tDBu8ww2R07DvL12s	63.0	1992	0.667	0.6990000000000001	7.0	1.0	0.655	118.567	314173
9AxunydVhWZGaJR2	2DKpDHeIMmfr2Gw4h1cQmk	13.0	2015	0.621	0.6759999999999999	10.0	0.0	0.474	96.019	217040
9CuEQRYVaaGpgOGn	4jURQLDdnZp6l3PsvxJaZk	54.0	2014	0.609	0.655	1.0	0.0	0.316	160.415	208867
9CypKkXKWNXcYwAV	4ccNZzUTggy51RFvIzYRhT	46.0	1995	0.55	0.868	7.0	1.0	0.405	123.153	245000
9DLQPzyy6jZyNZMm	02UsWVUJeCckPaG7oTBD8k	32.0	1995	0.467	0.985	2.0	1.0	0.386	115.905	273867
9E4Zp3b9190yQ6RM	5yHEueFlVEHKFTIhYeNgmw	14.0	1993	0.228	0.8590000000000001	2.0	1.0	0.312	156.463	235827
9ECfsfc0ChaQQ1bD	5swAXfpcyVt8X8PG58Bd4g	33.0	2007	0.479	0.568	0.0	1.0	0.433	90.513	253973
9EOGML1WNsQ0ryqa	5gUXB6Jt3HQJFMRffLIt4J	39.0	2001	0.713	0.5920000000000001	11.0	0.0	0.947	87.99700000000001	236467
9Gj45QwCq23Sxvkk	7rt7ywY9yekwaYXk2Zt4Q5	56.0	2017	0.6829999999999999	0.833	8.0	1.0	0.537	136.099	189136
9HNx57ho0MUFQuj9	4QcBtawzBNvjAUQxxlKkE1	24.0	2010	0.513	0.695	9.0	1.0	0.89	80.009	280320
9I0hsAxnkMIJmhV4	73I7YWsCZkRjSvGEWzyHen	12.0	2013	0.648	0.794	2.0	1.0	0.212	139.988	343714
9JoD1DcnmEVCA2i8	5iisd7hdraB6hwI47W2jz8	39.0	2010	0.586	0.7759999999999999	1.0	1.0	0.324	132.007	253173
9Kv6tdav7SJPE8Th	5qMNvVFTJoTLkaXbudbVNF	36.0	1987	0.586	0.8140000000000001	11.0	0.0	0.71	130.392	230067
9Obg0hmSeNrutXzL	6znf1hj3SFTicTDL0ZneET	12.0	1974	0.597	0.525	10.0	1.0	0.961	127.551	144067
9Q2qYxsinFKcanbz	2s2VEFLBcXXox80nSQ91FH	36.0	2017	0.8190000000000001	0.8370000000000001	11.0	0.0	0.775	130.06799999999998	160789
9Rkmh8tiA4nq0rJx	0TJKYjMiZUz97VC8QroLxd	11.0	1998	0.34	0.947	6.0	0.0	0.09	90.153	375960
9RqvIvk0Xmjz1mVB	1KU5EHSz04JhGg3rReGJ0N	67.0	1989	0.754	0.366	8.0	1.0	0.469	91.147	287440
9S00BKF0fnuTlrPU	3ZRsYi9A4oId0pi9Wlw3Pi	10.0	2014	0.322	0.893	7.0	0.0	0.391	195.029	223427
9SUQfSsDIBOh3QSV	6dye6DuV430fsjeS1yBZv2	18.0	2008	0.5539999999999999	0.225	5.0	1.0	0.128	102.361	198680
9So7TgZjEYStsGB4	4Chah9FS9ar1F6qZR6FuoH	28.0	2000	0.4479999999999999	0.265	7.0	1.0	0.2239999999999999	161.679	180613
9SwCdYIwySZFIZEQ	6JGsVW1nxNaoUAGcOKFZGS	45.0	2011	0.314	0.838	11.0	1.0	0.466	171.71599999999995	237787
9TFM3GpDFLAJQTQ4	49yXUztT0qYz0xA4vnm0zP	25.0	1991	0.4039999999999999	0.4479999999999999	10.0	1.0	0.113	89.33200000000002	578467
9TdtrIMDIgRuz776	65q7TkCV71sGC8ClYb2j5E	21.0	2018	0.513	0.7240000000000001	1.0	0.0	0.494	155.77100000000004	185059
9UFC7eAzSaMCtTsP	5P9h9gQlq8CFLRWI4e94ei	27.0	1985	0.627	0.877	5.0	0.0	0.365	102.809	221840
9UMbE0DqoKUxBnWw	0AOQFMydzS4AkbElri4FGw	31.0	2012	0.357	0.985	1.0	1.0	0.144	150.101	261707
9VAI4y25Ss2IeGgD	51k2LB1iizPL9grpAkQrco	41.0	2004	0.774	0.754	7.0	1.0	0.838	125.973	232933
9WmRzLCecr83EHdd	6ck0CGe9BN9gW5oMmzbhs9	51.0	1982	0.276	0.883	9.0	1.0	0.1639999999999999	164.05200000000005	266027
9XMorDPpzPimHf1w	3cO8w5kGXDdwQywhiX0G8J	46.0	2010	0.6409999999999999	0.8490000000000001	5.0	1.0	0.73	128.063	220827
9XbAyacJmLQPuNXa	7ahSkRJouFINMWokIywAwG	37.0	2009	0.5539999999999999	0.447	2.0	1.0	0.301	141.899	282613
9Z6Y5H0kW7IF1Vek	6cbRsQPX1jXzRpenYbaUI8	21.0	2016	0.348	0.2239999999999999	7.0	1.0	0.245	159.654	137507
9cQbFph8ZxYVHi6X	4AdgOYal33AiCYmiTrpwJU	18.0	1996	0.41	0.948	7.0	1.0	0.845	152.614	149667
9eePBxItPm8wtMyr	2fzt2ljbuvcYiYvH11dQcs	28.0	1989	0.6829999999999999	0.915	7.0	0.0	0.173	124.484	340067
9g5AsYKh7DgGvBPo	4lhB7w6C5o1Oxqvl0nLxYD	49.0	2006	0.585	0.345	4.0	0.0	0.176	124.013	241307
9gMC8bWdWmJ8Iayf	0iaFyLheLTw1t7vcD53ywt	20.0	1988	0.316	0.845	9.0	1.0	0.237	66.86399999999999	133200
9ke4fyNGvaC8xdVO	4KYy8DKz2E9DSnlgN0YJOs	38.0	2014	0.256	0.985	2.0	0.0	0.124	118.234	332040
9lHZy0tCa0c5BlBG	2SPwe6I4n8uD3PAQZUXLPu	15.0	2009	0.115	0.722	9.0	1.0	0.4320000000000001	149.994	190253
9lSTlHxPLJEClwEk	1YKCrA82XHYjcghcLUTVoj	42.0	1997	0.498	0.797	6.0	1.0	0.5329999999999999	170.59099999999995	211067
9lXQFSZXONWQspKO	0yDYDnBfuii8VodR6djZ2U	29.0	2014	0.217	0.985	2.0	1.0	0.134	135.224	425840
9nQVzYkqPWkXk0MY	7Hx2EA4wGaxtsiZCVVLV1i	54.0	1977	0.7509999999999999	0.5720000000000001	0.0	1.0	0.58	115.839	456640
9naCL4nTjGXszDKY	3BEbJsjV9wONO7yHYjURD5	18.0	2011	0.606	0.441	2.0	1.0	0.297	110.97	198413
9oJf6CZPfElcLDjd	3kZUWSoGjfRa3AZ1Kqzjen	42.0	1983	0.1989999999999999	0.601	9.0	1.0	0.391	175.50599999999997	239320
9ooJKeuvH1TEi4nV	5RI0qk5rSvAJwCwxtDSKKM	39.0	1974	0.598	0.228	2.0	1.0	0.5720000000000001	105.036	135400
9ox1pk272hWvSeHT	6wB1rps05TiAm6GTY4FDhS	54.0	2017	0.536	0.953	11.0	1.0	0.725	142.02	214649
9pXCbHC13Iw4SfUh	7AcssFiGFkHzteBx6frR3v	20.0	2019	0.324	0.925	7.0	0.0	0.113	180.019	317073
9qimCXKfFS3RqdiI	5JWyNV4rMPyQmhop7jhALU	21.0	2009	0.2789999999999999	0.852	7.0	1.0	0.348	121.915	361320
9r7G6VrbgTfZledH	7wOqBOryVGD3nqDUihDSwL	66.0	2017	0.6729999999999999	0.706	8.0	1.0	0.515	74.961	247608
9rgJsDDeGxdXkHOz	0s61omWNKxyO77RGbmIulb	22.0	2009	0.426	0.903	4.0	1.0	0.336	140.085	220627
9rhl2G04SHdMZLq8	0gFwkq7lFRUvtoiYzrMc1Y	14.0	2018	0.307	0.98	2.0	0.0	0.0618	75.093	369747
9rxSr8yiP1T7CGyc	6aBiU9lFd3BhtggI7aeqBI	46.0	1979	0.444	0.351	0.0	1.0	0.0853	132.52700000000002	171640
9tDQOeL6BGCH8Au7	3UTJWtmItMHRWMkauJATLe	38.0	2014	0.33	0.987	10.0	0.0	0.251	90.098	193880
9umxf5QDBv8CdhLI	6P5QvqGHXCksVTqMSVgEWV	32.0	2015	0.643	0.715	7.0	1.0	0.524	100.031	277893
9vbSPIfz9xnodpD1	7vxlM6ouhpJy5WMEZqU7vV	43.0	2001	0.545	0.816	7.0	0.0	0.584	104.084	215400
9zXA91PvTvOA5iBU	5GMoEWEtU2uNZlx8nKMqRG	29.0	2014	0.65	0.512	8.0	1.0	0.376	142.703	245234
9ziWMjkmNbJKtU8Y	1cCbsojaA6GIT7Y3zuMJ1q	59.0	2015	0.536	0.526	0.0	1.0	0.434	167.608	107533
A4LsycXjZwRoZ8aS	26k0PriIL3NQ7DwELqka5T	22.0	2008	0.477	0.413	10.0	1.0	0.11	127.813	228133
A4zPamKFKv5DdO2U	7IVhAkmr7xdgRZYc1Thrna	42.0	2016	0.342	0.984	9.0	0.0	0.133	123.791	255893
A5qWRiCbAieM7clB	490Eam6Vp7y7vzuGz35bbk	44.0	2001	0.826	0.473	9.0	1.0	0.932	137.953	152613
A8SqfKFiFMBVJvgA	6f3xIhA7i4eQgGwwCWMh9X	25.0	2016	0.3979999999999999	0.963	7.0	1.0	0.371	170.00400000000005	144841
A93SWqSFGpZYuYWi	16iqDtQnkqgfkHLn77muxJ	23.0	1985	0.4539999999999999	0.6890000000000001	9.0	0.0	0.115	91.131	314280
AAeOggIisBpXISrU	7DQDpDeLVS3L9kgb6ejU3z	44.0	2011	0.396	0.851	9.0	1.0	0.8059999999999999	153.916	202027
ABGjSkgtZx2RnuH4	57MTxkAOX1jt4oZVu7mtOs	28.0	1995	0.6509999999999999	0.7390000000000001	0.0	0.0	0.921	92.629	265400
ACUIImEbT4ZEYMUO	5tiPgIbMp4U4N7m6B0RvG0	17.0	2002	0.282	0.877	5.0	1.0	0.177	136.842	155920
AEEFrG8ihSJC3zpL	3gOsZGaMej7EMVy6VBjxHM	37.0	2009	0.4	0.73	7.0	1.0	0.442	134.602	293453
AEQOPkhJd2PVAOcY	701uTq17mUIhfEQZVvY0B8	50.0	2018	0.569	0.878	4.0	1.0	0.527	116.983	253218
AEpItygbz4oS8zKt	4ltXPf327ewFdmTPp5Skow	47.0	2006	0.52	0.8859999999999999	8.0	1.0	0.636	121.945	185800
AFS9IOxKup7q3h8o	36YlVLEV1f2qredBFj8o2y	49.0	2009	0.784	0.846	10.0	0.0	0.67	75.145	319973
AFn9WXVhVKJXnC6i	3o5EybgLsNgkvqjXJNvZl5	26.0	2011	0.31	0.856	7.0	0.0	0.2	169.76	216173
AGiu2Hhl86cB21Ye	2V5cxuQK2Uil81hSifzG0X	20.0	2010	0.387	0.472	0.0	1.0	0.418	93.232	235572
AHNwB8bLWjXJurv5	7KO1j5xXhPocyduHcfxkMm	27.0	2007	0.3429999999999999	0.977	11.0	1.0	0.564	123.284	229373
AJKrQBuIPMsAJraE	2M98FO4fkGec4lzsafk8YY	46.0	2011	0.5820000000000001	0.89	6.0	1.0	0.528	125.927	248080
AJRMp2jBYDQrME9q	6mcn0724UGIdcFihUMfsAj	34.0	2010	0.563	0.887	11.0	0.0	0.6409999999999999	113.0	174027
AKNCyTF07aLc9AiR	7elItf8OyvfFHt6tfDjy1a	27.0	1976	0.3829999999999999	0.8170000000000001	9.0	1.0	0.652	138.618	184187
AL8PEsVaVmgsrAUm	33VdPoL3CLrbl3wl6rPLVk	32.0	2007	0.768	0.586	0.0	1.0	0.892	89.941	191053
ALJ3b0YxHQ145Jz0	43CG5O08Tj6ODmSWQ9pfvF	42.0	2003	0.5379999999999999	0.747	9.0	0.0	0.0913	125.334	272400
ANQ7cxM26F8hCmSD	5E8cgAEL8kAIZjILldgsP7	17.0	2011	0.465	0.945	7.0	1.0	0.298	144.995	299413
AOj9VAtNbKtbGyDM	7aJvFGH4J8TIgpJqcEGwy9	29.0	1978	0.6659999999999999	0.947	9.0	0.0	0.777	124.662	191453
AQskkgQClEynwo5r	003Ufao43zAKOtUGadBtNT	31.0	2014	0.496	0.525	0.0	1.0	0.148	117.226	311533
ASVzFkWn0w38dydN	6XPC7ZNTJcnWzQaLZYe3od	45.0	2013	0.622	0.483	2.0	1.0	0.0922	126.129	231322
ASZ3TvYABS68ym1Y	2U9j25wlLoCCekKxulgpty	11.0	2009	0.8109999999999999	0.397	1.0	1.0	0.809	98.063	146907
ASmQDQZeVJytIHp4	19HnSXJc3ytJ9UONL2yeYn	13.0	2004	0.498	0.8170000000000001	5.0	1.0	0.457	174.05700000000004	196680
ATZT90pTOOf3OSTv	2qq0RYYIuQxXcOxQKN0drC	48.0	1989	0.888	0.6990000000000001	1.0	1.0	0.6970000000000001	103.066	198253
AUVRoXWS4tLVv4sp	39VigLq155fsriPYNfHIBc	52.0	2018	0.3670000000000001	0.418	3.0	0.0	0.156	94.997	245535
AV8exd33gKqQzt0p	4y8icjzu6fZP503Mg31Tpn	50.0	1956	0.188	0.307	7.0	1.0	0.165	89.10700000000001	224227
AVaZ1hloqQn8N6J7	3XaDOFsrTxYGL7t6nMvrkG	15.0	1989	0.353	0.963	2.0	1.0	0.523	108.557	87520
AVbxOlKxkN9K5A1u	0fNbHlIwSKsOTwrWw5rAOu	27.0	2007	0.3779999999999999	0.941	0.0	0.0	0.35	157.01	180707
AVpJkUAko5OybSog	1LBsweQAo1tOVZlYxsvD5a	32.0	2009	0.4529999999999999	0.872	0.0	1.0	0.342	80.703	233453
AWezRQdOi01jr7um	1N3dZ7TTWO6VcD4Y3hHYLZ	65.0	2016	0.705	0.609	1.0	1.0	0.476	115.474	196853
AXLtm31pITnlwbf0	691Ufz2KH5qsgL0mmsTbjL	16.0	2004	0.168	0.15	10.0	1.0	0.0354	89.229	193653
AakQO4qHS9HwrKm6	1pLbd91sslN51VJL83pm51	37.0	1998	0.392	0.375	2.0	1.0	0.103	177.484	250067
AdIjOsJtx97kFTbL	1eMBtkX7Ae4WHoKyMRn4wQ	51.0	2018	0.64	0.675	9.0	1.0	0.698	80.921	193187
AdvsGvbHGLuZWWbd	08AJ0xQv5LRZsvXf1Jkr2y	65.0	2019	0.622	0.347	8.0	1.0	0.0757	75.512	217000
AfTmwYp9SWvB91GB	3SVZ4PjQKLFAgIvAQnULRS	9.0	1987	0.265	0.1969999999999999	8.0	0.0	0.0375	136.368	170373
Afgpa0SpeG2mQTfq	2NiR9VOfASwOhgTnWs2cLx	40.0	1974	0.687	0.659	9.0	1.0	0.93	146.256	280382
AhzneFpAF16EyP0K	1a8051h021Rfl01OhAjjV6	47.0	2018	0.935	0.696	0.0	1.0	0.616	125.014	264347
AiEoqWRsXTK31Cfs	43nIGHt7hkR2vfwIjesDon	43.0	2011	0.335	0.4679999999999999	1.0	1.0	0.34	133.904	304080
AiuWZNKO5P4gcGy1	21YulUEEuIftI57cmEoRoW	49.0	2018	0.77	0.752	8.0	1.0	0.7040000000000001	88.98299999999998	153613
AkeYqvR2u32f0Zfa	2jbVozHmoOwA3MOBEx4n98	19.0	2001	0.419	0.8490000000000001	1.0	0.0	0.134	120.102	244667
Am5uwox47SZYrjyx	0gLQ6jhJsyYfl7PrD1RZ7X	54.0	1990	0.256	0.4629999999999999	5.0	1.0	0.354	205.362	209293
AnMrHRHmsEPn7bJg	45muf22QzSyKwsF4l3IcwJ	41.0	1976	0.483	0.765	4.0	0.0	0.506	169.4	240920
AopoTD1zufuGwk3W	7KBGSSpk34PRiBjM10YWwF	49.0	2005	0.598	0.669	1.0	0.0	0.297	117.274	290560
Aor1UfyURwiyPLbf	7uYbpT7Wfsu0w1eccEKDvM	59.0	2016	0.58	0.8240000000000001	7.0	1.0	0.364	120.033	297800
Ap2jNYMNObvQLO34	4Bf9SBkNI60Zsu9kdvtJwx	20.0	1992	0.568	0.211	8.0	1.0	0.363	92.941	171213
ApPrMyiUYs5TyCuj	7IlmHApoMCIv39Z5JRZyrk	50.0	2011	0.628	0.645	0.0	1.0	0.622	122.072	243759
ArC63PvPQ5dSThIG	0IKGay6QHzB1A0P00h60Gg	38.0	2000	0.507	0.794	1.0	0.0	0.325	169.963	266960
ArVbMhdVJjWTq8zL	3BqSvWS0tr2z5OS1OVzhUN	11.0	2012	0.517	0.363	9.0	0.0	0.0882	115.746	218293
ArvY2CoiVSULejHX	6bH2d6eZwgh26hz0XJL6Qf	37.0	1978	0.526	0.645	9.0	1.0	0.843	152.266	174920
AsRYw9Guh2y25Tvn	1mstO0Nk4V5gYlwwYdkujH	37.0	2012	0.288	0.984	0.0	1.0	0.7020000000000001	141.999	386360
AsV7r3Wwfn002Ah8	6iz58z2LC8uHL3H2aiwX6I	51.0	2009	0.527	0.8170000000000001	1.0	1.0	0.516	95.98	220613
AwCp1l7uFOBNasE4	3Zdy6Lj3xOUOt6o8nDZTEh	17.0	1977	0.375	0.985	9.0	1.0	0.196	91.424	150373
AyfgPuTGezQu8Jo5	5MmSFHzMlcW6UUWIWTjA6q	32.0	2017	0.396	0.994	4.0	0.0	0.3929999999999999	157.981	188496
AyzKEkr3T7TpexUG	1EfdsCcge41LcPtSpkZJ50	35.0	1982	0.69	0.64	8.0	0.0	0.7959999999999999	145.74	209333
Az2QDTVJ9fzdbfXP	1TmcdU4XqW70y2GtN3v0P0	36.0	2012	0.581	0.812	0.0	1.0	0.423	117.044	262787
B1TTkmWoGoKz4Uew	3H8tPWrAh8sn8p1gd3Yrv8	41.0	2018	0.606	0.916	0.0	1.0	0.7090000000000001	150.072	208760
B1lyywM06zQO9aC3	3woCiUTBLZlM5GyFJ7DCwZ	27.0	1987	0.222	0.8290000000000001	4.0	0.0	0.486	106.106	222933
B28RWUh7FG6GkUJU	5ef3mAxAAjk93V6IpriOrz	47.0	2010	0.363	0.408	9.0	0.0	0.271	87.337	181280
B3tXZmmnw87oUZS3	6e3nEEnyeHFnnMdFImIBmM	26.0	1996	0.416	0.938	7.0	1.0	0.784	146.809	248093
B4wNWPzUo2nXhitH	1rgNDko6iWdLAJA50nYKdy	15.0	1985	0.22	0.959	11.0	0.0	0.0525	127.859	112760
B68fzC68qcw2GvkO	07Bw7ACBw1xzhKpXrraskA	40.0	2001	0.65	0.6409999999999999	10.0	1.0	0.387	118.229	261933
B6RQgIHrK8TwcI3o	2clVN0ZAqdf9Sb1hBVpoTL	30.0	1978	0.45	0.182	5.0	1.0	0.253	82.022	287373
B6e1BmHUc0ReyvYm	6YqXHxl46Yenz65JebV6Sh	30.0	2012	0.4539999999999999	0.769	1.0	1.0	0.2689999999999999	134.122	259907
B7KRTGJXV3ILXbro	1sSNrDbb7hEptYOXaiOnUm	37.0	2005	0.493	0.867	5.0	1.0	0.2289999999999999	91.011	222307
B7btQafueMXuAB35	7kVtEkodTERXMAzQwLcfLJ	20.0	2019	0.562	0.536	8.0	1.0	0.332	96.172	311427
B8otd5HQ0vn27sWQ	1ej1LOEjEmvEtXg6IbWlWN	29.0	2017	0.722	0.288	2.0	1.0	0.3379999999999999	95.168	270693
B9VMW0o7RBb4nyV0	22fnCUr69jfYUONCvKodiB	23.0	1985	0.168	0.976	11.0	0.0	0.207	174.53900000000004	259867
BAWR3n9Anq4aOq0p	5GtIwJEjFiHX6Ymn8yESrL	11.0	2015	0.653	0.923	8.0	0.0	0.8640000000000001	130.006	199516
BBaha1obZecGL5TC	3CRDbSIZ4r5MsZ0YwxuEkn	79.0	2015	0.7340000000000001	0.637	4.0	0.0	0.648	169.977	202333
BBnqEt6TID3YFxvE	4VIDVd87GQcBSbofvDp8Pj	43.0	2005	0.591	0.8640000000000001	4.0	0.0	0.728	131.006	164440
BBpiLtwL1yMB5YAi	5wsGmJgkTbddIDOoRU6xOT	38.0	2013	0.429	0.973	1.0	1.0	0.352	158.106	266173
BDbE9gJqvAaTpmQQ	1zrba5qe6xkC84AlbXNa6u	48.0	1982	0.515	0.878	0.0	1.0	0.371	131.268	303293
BDdaYjfQzTl8kAsS	4dgBy3DOO6e3f8xECnGagN	8.0	2014	0.498	0.907	7.0	1.0	0.741	106.951	138347
BEZqXYEPfqv77A1S	5PAZBoJLrrumblJ8gGuOe2	37.0	1999	0.28	0.782	4.0	0.0	0.235	91.278	283864
BFyixfzAxb23Ubcv	2BhR7KgPrWrpInslw0z1bw	6.0	1997	0.502	0.31	9.0	1.0	0.335	117.119	222933
BGc3sRuSD1HKwZAs	7rESET4Es1IDWg5TXiaGG9	20.0	1984	0.445	0.856	1.0	1.0	0.897	140.377	180067
BGka5j0KKRDSzj1N	3tz1dRufejUa1z5WDz9RJb	53.0	2019	0.774	0.647	9.0	0.0	0.904	123.545	261440
BHkh2yymNyYscHmx	5Ag2bChJKpWQolvqCWjfU6	25.0	2011	0.511	0.4629999999999999	4.0	1.0	0.178	117.005	201430
BIB78kmrA1zWsQr5	1fS9dkLwdK7oGuH0aQ7aHd	38.0	2006	0.561	0.929	2.0	1.0	0.472	133.129	148107
BJG2OIrToMNZa4xy	02mQcDoU5cn15U6tqZmL4e	38.0	1990	0.645	0.88	9.0	1.0	0.8340000000000001	125.418	250076
BJNFLE55dnimVeju	6prvUr8l3t7x5GY7heQb5w	55.0	2016	0.55	0.518	1.0	0.0	0.233	165.033	271673
BKnTQxqe1KAj03wT	0cokDHSVcL9MGyvVJRTSJL	16.0	2016	0.456	0.958	1.0	0.0	0.282	105.047	274387
BLitoGs4KHrT1tv3	7l4KXX6Ik7jUtG0aRGHnYl	14.0	2016	0.191	0.953	9.0	0.0	0.14	156.53799999999995	281853
BLmdP17pYtgnOyp8	742PzxlWbrYbIVbSQIZobO	18.0	2000	0.578	0.925	6.0	0.0	0.539	99.489	180573
BMEAx3O2KO1Ggpml	3Gue10uJZi9DGU5UKUE1BG	34.0	1997	0.3720000000000001	0.24	1.0	1.0	0.46	84.821	282280
BMaWLcICJh1Pj236	4Ujg2UI7ifFfVlUHB90fne	25.0	2013	0.745	0.594	11.0	0.0	0.514	112.963	305535
BRT3Xamcitwly4w6	5FQneqHsUJ2oJ7ERp66MIk	27.0	2013	0.591	0.525	2.0	0.0	0.179	130.036	199973
BRTOry7TO2cKfNkz	1pjE81veTg3E7OBDoszjQv	27.0	2015	0.345	0.948	5.0	0.0	0.315	169.933	354880
BRiCpmqhEUonpU82	1D1CxMWr0zPmyz17YziJMN	36.0	2011	0.701	0.725	10.0	0.0	0.606	168.048	204040
BRmRz8PpBvUEqKMB	07ejtTlC4a99A9I9jfcWNC	27.0	2018	0.504	0.831	10.0	1.0	0.517	162.023	165680
BT635fdnzuZLqFPo	4DfN5rzrrWrLS4tDneIItq	31.0	2006	0.616	0.5920000000000001	1.0	1.0	0.7290000000000001	124.968	229800
BUk8ydUt6DDjltfJ	24xpKUC3lqniPBO0RugaD0	21.0	2013	0.49	0.983	9.0	1.0	0.104	110.022	275520
BVT89MHFuSJmmrke	21brTVDh5Y3B3mA4z5yyaU	38.0	1988	0.7440000000000001	0.8170000000000001	11.0	0.0	0.899	116.049	264467
BXwILIhQvDBMr0Bn	2r6xiJ5qTg80S9Y6xDuxE2	6.0	2013	0.537	0.76	7.0	1.0	0.5920000000000001	177.94099999999997	185787
Bb9bFivSmSm5Gjzw	6jfpkIQbqY5lraWp0Uo9aQ	49.0	2017	0.585	0.804	4.0	0.0	0.387	129.958	261733
BbNgovUgB3b1X6cq	4TZoLybd8NcFJtOwjKPkoL	26.0	2018	0.445	0.963	6.0	0.0	0.2189999999999999	100.011	284596
BcldrW60gYDCx9Jz	3pCc0a00cKo9o1qCsNDgiP	30.0	1991	0.273	0.8009999999999999	7.0	1.0	0.677	186.564	193800
BdpE84qRXtc9deX6	2nvC4i2aMo4CzRjRflysah	66.0	2002	0.425	0.5870000000000001	9.0	1.0	0.1939999999999999	144.642	226680
Be1ULDryqr5zx99P	2kcfoN5rQdGtkJJCENHv4X	32.0	2012	0.3979999999999999	0.7929999999999999	5.0	1.0	0.4479999999999999	157.942	225973
BeoaY3fYbDaFmLjN	4sUlsy0tPv9n5nqrqeA0lE	54.0	1975	0.435	0.444	7.0	0.0	0.7340000000000001	103.818	328360
BfEus5OKim6dsexH	5beFyfeOIzT9TDplsRbnTT	33.0	2007	0.185	0.779	0.0	0.0	0.263	159.076	216387
Bhe52F1byrm6bUug	7qnvJVxyhVVnDbGTXQfy6p	33.0	2018	0.469	0.938	0.0	1.0	0.519	118.064	380086
BjHR27fTG8KEuj5i	74tyUvzxAMShSpx2SXNhN6	34.0	2016	0.764	0.8440000000000001	4.0	0.0	0.4579999999999999	156.946	262147
BjjHIkBQDXX8O8lv	5pBCrF0gXKLZXj77BdJNh2	46.0	2012	0.501	0.929	2.0	1.0	0.513	168.15599999999995	236267
BklUBBHCNF82yfYx	1tcEqPHAQCOKIHwUMQ2POT	33.0	1995	0.447	0.3829999999999999	1.0	1.0	0.276	83.929	204493
Bl6czQtTnahOAg2V	5dvG16Ma80h9FZ1sQq5Sb1	45.0	1982	0.841	0.669	10.0	0.0	0.919	147.99200000000005	310733
BlmfG6VDZhitaVPu	0aHvRCjfy8UMdrsVLF2eew	27.0	2011	0.4479999999999999	0.512	3.0	1.0	0.0988	78.023	194030
BmOOtViUgo572pTR	3sGw3mdboQ63drMDGJagAB	22.0	2010	0.575	0.906	1.0	0.0	0.4039999999999999	127.032	235560
BnWj780VvxqtYsKO	3X0Zt2W4huUdLLP3ITGLty	17.0	2007	0.353	0.518	1.0	0.0	0.225	93.779	244293
BofH5aprTZh3ajr7	5ExTp5yTn08mL0ZK0fIZmi	7.0	1977	0.2739999999999999	0.81	1.0	0.0	0.7	190.807	132867
BqMdwBSopxmBesGx	5kKnmdOVfWP33fURayfyOe	13.0	1995	0.31	0.636	2.0	1.0	0.158	138.374	521733
BsZfJYJzUcFrH0FX	5HvN5wQFNTNxlNBgeaPGbf	21.0	2011	0.621	0.826	2.0	1.0	0.7170000000000001	119.989	204693
Bskczhcw4h2DANQt	72tw1RsVqQ40i1jcp4bXdj	29.0	2014	0.7390000000000001	0.653	4.0	0.0	0.6709999999999999	90.357	274205
BuPBMSCm6zzM92Pj	3WKg25vrbjJlkhsgl2W4p3	61.0	2013	0.6459999999999999	0.431	6.0	1.0	0.292	90.03399999999998	220627
BvavHfrEqUNNphJD	4iTyf5pLZMOR8YrEZgSopo	62.0	2017	0.884	0.4920000000000001	1.0	0.0	0.11	130.072	315347
Bw7GfSGn1spzTgOQ	2HL8ymM7RfVsg2rfyWTtxW	19.0	1976	0.746	0.35	1.0	0.0	0.63	133.297	123960
BwJhJGIg5OYS4cku	0tpmL2WPjwuWBivC9B3GQA	31.0	2019	0.684	0.486	4.0	1.0	0.8740000000000001	122.917	180276
BwQcIQs1sUqiMv4D	0SdvW1mnnc67zwwEnvzlkQ	33.0	2007	0.65	0.931	5.0	1.0	0.562	110.047	216587
Bz8Ut1ZVZhWnvoMo	1ELJd3unxwJESMy2hDDqTd	21.0	1981	0.475	0.943	1.0	1.0	0.284	106.578	283773
BzV9M96W2YJM8Jxv	76aoZJEZOTRlKPWnbzsXjZ	15.0	1985	0.498	0.862	7.0	1.0	0.8759999999999999	104.106	195200
BzmC0tp0r7vyVCgb	1NoMpqMSFrJ4jyTs07gDhw	27.0	1971	0.3939999999999999	0.3939999999999999	7.0	1.0	0.213	108.671	341827
C0jAH39PwX2CXaRO	6AWd32r8vagVb89ZyQgRbx	32.0	1999	0.599	0.593	9.0	0.0	0.481	127.04	207533
C1yHCOYympx4GSud	4lxWqyrFp208Pi2jBPiYro	16.0	1996	0.537	0.655	2.0	1.0	0.5379999999999999	149.954	476267
C36GeIQoIdB1cEzT	3FicRanFvPMFtg2dv3w6Ty	7.0	2013	0.159	0.906	2.0	1.0	0.472	168.38	167960
C3aPWP9mSNzUDfU8	5Ra2TTUJwCtNNgLHWqGVph	31.0	2018	0.212	0.994	2.0	1.0	0.214	160.02700000000004	198333
C4BcwRA97MW8dmR6	5YpfWP8V2eULfSCMTjsZLj	34.0	1996	0.54	0.772	4.0	1.0	0.452	116.497	221400
C4eLKdGrLK7y9qaF	6Aketd8rFRGwdaoQZ8PpJX	24.0	1991	0.344	0.894	6.0	0.0	0.429	95.055	244400
C4p2NVuLZNGwNCn7	76GyGS1C84YBtb3qX6j5mk	34.0	1978	0.503	0.405	4.0	1.0	0.526	94.514	247200
C5paXs8lqPUDr9Ub	4YsNkF22bkppExAF3kOTYv	48.0	1973	0.556	0.855	0.0	1.0	0.721	117.248	223465
C5yyuFmyQyxSichC	4qdT3DFMbrphhJtXzZvoL7	16.0	1995	0.505	0.857	9.0	0.0	0.3329999999999999	119.94	226023
C7cP4Tb3y713OCkZ	0iOQiZ4u83IDrufOZGaWld	49.0	2012	0.534	0.972	0.0	1.0	0.943	130.023	188400
C8G6JevPZX6yRKcc	5KnBGPRxsP6lu7DKeAahXF	41.0	1997	0.752	0.952	7.0	1.0	0.956	127.019	291067
C9TfpaaJWG6ZbRmg	1uQy956MmMpoejRpbZ1gYt	21.0	2013	0.7559999999999999	0.12	11.0	0.0	0.191	113.949	223232
C9bhTmBGJubNVUhW	2HeTgOubiRdwqS2BMM14UY	9.0	1996	0.177	0.833	4.0	0.0	0.207	159.648	263400
C9ohq14tDIAJeodr	4FqI7EH1JTHwiWysp9KA7V	16.0	2007	0.469	0.901	5.0	0.0	0.207	112.525	357355
CB5z9We9yRgagV3t	2zsWRxMcUdGjj8TnWkVKw0	56.0	2015	0.635	0.718	6.0	0.0	0.408	80.957	176787
CDWUcpb8rrqJpn9W	0Z5TwodaWvDGq43AVdnKzn	20.0	2005	0.44	0.787	2.0	1.0	0.528	151.959	196680
CEVJXrqEv9OKnt0r	6lMfTCsISpmVhdV97ltlEl	49.0	2017	0.589	0.8029999999999999	4.0	1.0	0.79	141.915	209326
CF8zqjVftTUkKcDk	2GooP1VwhUaOiBl3jZw3Yr	32.0	1990	0.637	0.511	10.0	0.0	0.573	137.849	251773
CFHZ9aQF6a0zVsOF	4M6HNRHyV2MykKp7gKQcyD	50.0	2016	0.491	0.619	11.0	0.0	0.4579999999999999	89.024	192993
CFWSk8LkLbXYa8Id	0sqE6XPi9VAaWl5NxDyMQK	54.0	1994	0.314	0.809	1.0	1.0	0.439	132.483	239547
CFgnBQDNpDbuFcdi	1jLlb3dSLMaPhGmrPX9KK0	27.0	2009	0.2339999999999999	0.901	9.0	1.0	0.416	101.068	290400
CH5EAX3a0hhBHjTL	0zIzkcIS8ZBRaE3TAsIucN	34.0	2011	0.392	0.0798	7.0	0.0	0.236	64.223	175413
CHwd2DzLo4Y0QbDP	6aHt6BTfy4LXSrXLLJeDWg	19.0	2011	0.469	0.54	7.0	1.0	0.15	78.953	195053
CIFZmQkOQQ4Y40YI	66t9mMSm7razNHOKQxAa6R	42.0	2006	0.605	0.8340000000000001	2.0	1.0	0.598	97.029	172307
CIGU5YWwTrVOp0PY	6tjw60mKaV5fuoC5AB2Ynl	44.0	2016	0.606	0.684	10.0	1.0	0.59	200.049	228360
CJGmkDemALVhhlWp	2na2paKLoPieSDyIcfj29u	26.0	2000	0.4539999999999999	0.94	9.0	0.0	0.753	145.851	214692
CJpJU5oNGVXL1dQJ	1jARFFwkrAcEfgdR8JFeae	19.0	2006	0.6679999999999999	0.759	0.0	1.0	0.961	117.007	214680
CK6088zZNE8lbzug	53StYvwNaVDR0grdYFdzVI	40.0	2005	0.503	0.12	8.0	1.0	0.157	124.484	218093
CLtPEcep00zlBPgY	7DwKN1lzYui7iKUmRvzOU1	38.0	2002	0.818	0.723	7.0	0.0	0.748	98.049	288053
CNWm3JolLu6Mv0MM	3l1x1c7nhemfObYaOImsHR	27.0	2017	0.433	0.524	4.0	1.0	0.0693	93.027	486781
COzfNSdJviZavR9J	2lNFWUrxuNaQsf5I1pDTPr	51.0	2014	0.184	0.433	2.0	1.0	0.0393	127.372	298981
CRPZHOYpAT40IwXf	6Vz2IQv3AYoznh4tjsrRPo	54.0	1971	0.41	0.598	2.0	1.0	0.262	76.445	203333
CT7e8gmciDXA0wV7	6ex2WlFiDSe3wXbiNLpAoM	20.0	1977	0.389	0.904	0.0	1.0	0.7490000000000001	129.137	148053
CTVhEleNqYbyklQq	6pj6brQUFtMEFjN5UPLvT1	19.0	2008	0.7020000000000001	0.857	0.0	0.0	0.369	112.013	219467
CUDLVFV5H2FxL5BA	18zvJvtdunBuojdQ0pPTtI	18.0	2005	0.703	0.8140000000000001	2.0	1.0	0.8440000000000001	120.034	229920
CVirHSstAw0VXT6n	5fiGPVX1TkKQy0fpyHuS7e	41.0	2010	0.664	0.782	0.0	1.0	0.674	120.049	204040
CVlCQ0kQaSfveQWU	6Unq1umq2nQFsCnCQnY0yJ	23.0	2003	0.508	0.813	8.0	1.0	0.466	108.025	235729
CVoFBIHDFMcFEubL	26AefVn68VvxkldCxruAeR	21.0	1969	0.479	0.18	4.0	1.0	0.525	143.846	196693
CWFYcGrKyWf0yeL4	6hpPAOftKbe1YghyTtJuCq	43.0	1989	0.503	0.862	6.0	1.0	0.28	101.369	209267
CWUMfHCiUp5zVMPD	1hJIruv0lYBcgvPQMWcxIE	36.0	2010	0.262	0.897	1.0	0.0	0.498	75.048	235147
CWfESVwa39hteZwk	31hLpcRR7p9plCE7Y7evZ0	31.0	1997	0.562	0.715	7.0	1.0	0.467	89.05	339333
CX9wV5OrV5xcAl4M	1g3GsYGMF9veVHh1sZn6me	36.0	2006	0.536	0.943	8.0	1.0	0.626	101.905	159613
CXJHYT7WHOcAlzpc	0E29BKKGCJHcb7b9oIWgGB	56.0	2003	0.4539999999999999	0.8390000000000001	3.0	1.0	0.529	166.166	242200
CXifUtVZgfiLIamc	1ZtVN326V42hioNyRjU4P2	58.0	2004	0.337	0.835	2.0	0.0	0.418	87.561	198533
CYAu5IOIJXbTCP2o	0yAqtkTUGrkzHHTmoe5N6s	30.0	1969	0.5489999999999999	0.3979999999999999	7.0	1.0	0.6809999999999999	120.427	182800
CYZomERMjD4HEpJk	6a6U3CNuLefzkS43mncob6	5.0	2014	0.308	0.918	6.0	1.0	0.19	175.042	271920
CaBCn6VOc4cStqyM	6gvEC31ENGPUhOOvHB3Tp5	25.0	2012	0.677	0.345	10.0	0.0	0.309	75.593	214440
CaVxjP8M1oqJdIf0	4XWtuvi8QuxnFpgfoPjwdy	16.0	1991	0.581	0.5870000000000001	7.0	1.0	0.321	103.54	210200
Cd07fQdWjDbf0uz9	72mvdKU4Lw2737idPLKTjh	52.0	2015	0.591	0.402	1.0	0.0	0.0678	125.015	186053
CeT7g4rNcepZjBVp	1y4wXbbAQLIzq0NORKkwLl	30.0	2007	0.379	0.955	2.0	1.0	0.2789999999999999	183.402	212960
Cfb7aid3RUmw4hHk	5ba4Qir1jGr4p3XcK64X2W	25.0	1992	0.474	0.262	3.0	1.0	0.609	119.863	197000
Cg0pN1HZyPp00bOT	0J1CIpL8IuUf0OyijwkMFj	44.0	2013	0.546	0.633	6.0	0.0	0.426	170.148	494573
CgmAyvJeQM7erUkr	1defXGuuYxCy3cJkd2HPZs	34.0	2014	0.327	0.313	2.0	1.0	0.0866	75.52199999999998	399907
ChRAns38PB6eqzrK	6FYPJz3z21wSkoV5y7N1cn	28.0	2018	0.508	0.474	11.0	1.0	0.183	134.509	271578
ChRm4xMjA7TAckV9	3USUAqbxYkjeELFk7OP7DK	15.0	1993	0.569	0.6579999999999999	1.0	0.0	0.4589999999999999	116.943	335067
ChdbOBKkmP7BEha2	0XhrFdPqMsH40f7Z0gAHpi	42.0	2013	0.525	0.8540000000000001	2.0	1.0	0.607	109.052	232507
CjojUouJD8x2oK6I	0EftP1nY8Mklt77hAMMMug	57.0	2018	0.693	0.594	6.0	0.0	0.565	96.973	185977
CmGVZf1GrtBMo84C	0mGBA5vtFH58DucfqaW6oG	49.0	2009	0.609	0.594	0.0	1.0	0.6920000000000001	118.768	248667
CnzCqAwtC7ijmwgU	0sHW1jXe6Sou3437gJQNGA	66.0	2010	0.6679999999999999	0.8859999999999999	0.0	1.0	0.503	142.002	278640
Co5zAtQOV13S9ehw	0PkOdIbNj8L3e0p1JGIfLO	48.0	2009	0.579	0.252	6.0	1.0	0.336	117.137	177400
CocZ0nL3swlix80u	0bhBfW4mSRLILc32S4KugQ	55.0	2018	0.412	0.524	7.0	0.0	0.0395	151.69899999999996	203576
CpGqhbhdrqy366T1	43IpC2t4If3yLz6IWc4m3f	28.0	1978	0.311	0.4429999999999999	4.0	1.0	0.1669999999999999	96.378	242533
CpMQqEC61piQxPtF	0ir4rLQH0Ye3yCpWDFL1J7	37.0	2003	0.215	0.962	2.0	1.0	0.408	172.847	198720
Cpx1e2qCWSwoFtfV	5ytc87gcx6dZ4nWRNykinV	63.0	2012	0.496	0.708	5.0	1.0	0.502	158.121	232307
CrFzYBictsPAmmbY	3hCWCtOoxku5WfKszgJ2jk	31.0	2016	0.603	0.919	8.0	1.0	0.287	127.988	213768
CrJKpDxsUDeInsXd	6vftvAdsEAAJTGQrUmHnei	47.0	2013	0.705	0.903	9.0	0.0	0.935	90.001	175760
CsfpOZDunV0c8zq8	6tvE29461Ed6Jku2Mt484A	26.0	2000	0.53	0.993	8.0	1.0	0.4370000000000001	107.009	279853
Cur2zIG2wkc8LSLV	3hwtcazrCEBhKtrbnZPtOP	48.0	2018	0.465	0.5579999999999999	0.0	1.0	0.249	123.984	279600
Cv811bMXzCywfqOb	6etAzXP06khXPUsVxmz1Wq	18.0	2012	0.5379999999999999	0.953	9.0	0.0	0.855	130.373	173987
CvArMWtV06AnEZxr	3V3zCg3kqfeag16CRxyOOs	34.0	2017	0.534	0.7809999999999999	1.0	1.0	0.677	157.971	209720
CvVHzDk13GXsN0gK	1H9jiLBopn2n1ZPWOTgidF	18.0	2009	0.556	0.882	8.0	1.0	0.37	130.137	144520
CvVbPxR20KsAD009	1rUHLQEmtefobuukC1SVDf	51.0	2002	0.477	0.917	6.0	1.0	0.71	150.974	141293
CyIkLGPUYzqkvE6c	3G9pf9SNavqjDMHbeOIN8q	31.0	2007	0.72	0.68	3.0	1.0	0.5589999999999999	121.986	180067
D06UdZ07pW4tukkR	5I9XM0IJROUKnK2bCNUlyY	25.0	1975	0.691	0.515	6.0	1.0	0.878	89.11	172867
D08HwhnGo3vfl6xP	568IRlyLDeDufcY8Kl13p2	31.0	2010	0.337	0.8859999999999999	0.0	1.0	0.319	114.51	360720
D0AdTflgurMzFo8y	6TwfdLbaxTKzQi3AgsZNzx	54.0	2012	0.657	0.679	2.0	1.0	0.331	120.007	225307
D0XYGdQqbS9LGzJq	7i4djTQpiLyENLfjkIgFho	29.0	2011	0.439	0.152	3.0	1.0	0.109	136.64600000000002	523080
D1D3jPUndCCZecPQ	7daBwTiPNOVgoMUG4SICgh	64.0	2018	0.653	0.684	7.0	0.0	0.355	110.049	198360
D1p6ITKuwRAs1DDS	7BVZSAgVPGdE8g4XSDJxXP	35.0	2014	0.4320000000000001	0.502	9.0	0.0	0.142	96.203	264600
D3e5BOiviaSGBGGy	55QVNnLD7LeAToBotul8VX	34.0	2013	0.498	0.777	5.0	1.0	0.486	89.96700000000001	234520
D46DF60xWITpICPL	5KO83leMdhnByOakB3IA7l	39.0	2018	0.415	0.86	6.0	1.0	0.0879	159.937	374464
D6upJxxn9asbdiC4	53dEMxbumrssaF6PvsEJMX	12.0	2010	0.5670000000000001	0.779	8.0	0.0	0.645	120.068	197027
D8lFflzCUh4wf1OE	1Ym7220l4W7Yz7Yt26rWSr	40.0	1980	0.375	0.994	2.0	1.0	0.259	135.431	248000
D9Ot4X644imkjv4c	4GlAs0yVBjKbdpCTFlM90p	40.0	1974	0.474	0.125	0.0	0.0	0.105	110.686	245844
DANyXVIxZZeNP9Hk	2OQS3xvoKKSayJMJT8dVuZ	42.0	1973	0.495	0.706	7.0	1.0	0.857	113.117	188307
DAnawbMcYajTd3l5	1ZeKsL8nWepFvTIdfxnB4n	12.0	2013	0.3389999999999999	0.5760000000000001	0.0	1.0	0.223	96.054	301333
DCuWGUQBdWiIXEkR	3NM7vCfF3VOXg80uub576G	13.0	2006	0.823	0.628	11.0	0.0	0.741	110.037	203627
DFfuAKwP9KRiQgFQ	5IvhGqRftYOLMuI1n5DbTz	26.0	1995	0.536	0.54	6.0	1.0	0.256	159.995	338942
DFkNluhVgEZ1fgTi	064eZtt58wbBfhr2842Osz	42.0	2016	0.5539999999999999	0.906	4.0	0.0	0.382	155.067	187680
DIsTmIHqCtvtaj61	1Z7m7TZgy7Nd0MpvEws7hT	26.0	1969	0.357	0.789	9.0	0.0	0.5820000000000001	141.84	195373
DJ2XBNrtldRwdoiH	4BpSuJ9GPFb4lNNNsOktws	46.0	2017	0.462	0.952	5.0	0.0	0.456	169.91	196507
DJooVjvlTdY4Y3WB	1VarBXc8u6Rspz2VS0c7lG	9.0	1979	0.3829999999999999	0.304	5.0	1.0	0.185	131.81	220000
DKTyV5SDT4YnKHaE	4vJr55lngvhSM8WIh9CjQc	61.0	1990	0.2739999999999999	0.726	9.0	1.0	0.426	146.44899999999996	422933
DKxQNHrmTPllOC5b	0deI3lZkgbVt6wRsv5s0Ev	46.0	1985	0.439	0.947	2.0	0.0	0.359	179.997	257707
DLdTh0wwLJ0xOCa7	5zoETs17V8PJkeGmB0Iagw	44.0	2012	0.519	0.557	5.0	0.0	0.7340000000000001	140.003	71893
DLxu4Y8ISmd6NI9c	6T2vocVm6BFUo4OipxEEmb	44.0	2015	0.828	0.6659999999999999	2.0	1.0	0.252	125.999	187253
DMSPSXCv8UN5942f	3DamFFqW32WihKkTVlwTYQ	75.0	2009	0.591	0.649	3.0	1.0	0.489	90.00200000000002	228347
DNARs8zFlQJeVRY7	2op5szd2IY8bOPzumqmFY3	43.0	1970	0.6829999999999999	0.588	7.0	1.0	0.732	118.847	197124
DNjUvcL366eWefpl	0b5p5ABN0LcKMSlpEcnsk9	35.0	1996	0.263	0.856	9.0	1.0	0.129	155.134	321627
DNyrRkt2dB3Hvdep	46wngKirMvdfKTFMMcZyU3	44.0	2016	0.483	0.908	2.0	0.0	0.271	134.622	225853
DOeJTu8YNGG86YAD	1tYaew7lRJc7dgQeRbUnxl	15.0	2000	0.365	0.956	2.0	1.0	0.178	137.3	215507
DP2ePK8qWt1O0h2N	7lznzPjPyRFdcYaD9gN7a3	39.0	1990	0.478	0.7659999999999999	4.0	0.0	0.3989999999999999	109.468	220707
DPFXWKlGJMSq9gfe	44eIe8EuF5DCM50hgWLR3b	42.0	2018	0.517	0.947	10.0	1.0	0.522	142.06799999999996	240453
DPLyxVW6ak1A7jw4	0k2Hcun3EPImERPrJmJrYZ	23.0	2012	0.481	0.858	7.0	1.0	0.6579999999999999	156.005	211467
DPof7vq7OM1UpaM5	1o0cObpbURSTFEoXSgmL6a	38.0	1985	0.465	0.794	7.0	1.0	0.7040000000000001	93.087	145027
DQmtRMYYYjTdXbeq	2FFafYYCkfqRWvaUeY9kVC	25.0	2016	0.45	0.387	8.0	0.0	0.109	146.265	264219
DTSrTe7hw3sq50pz	1cpNYqT7AFpKLXx0OTpBMI	17.0	2012	0.221	0.539	1.0	0.0	0.0583	131.555	522665
DUawgAzC5srDY0QU	2R7KEJHuuXyxN3Jsf77ayC	17.0	2003	0.233	0.871	1.0	1.0	0.22	111.041	244560
DUeLqGBIxJLrjBSm	4G0oTxAqWyKo59oLjiuIzk	36.0	2009	0.544	0.862	0.0	1.0	0.456	123.029	238040
DUgxTfu1TneqtqoH	1rsjEh7NopIh4Rx67P7ta6	37.0	2008	0.395	0.5	0.0	1.0	0.268	145.716	226427
DYKfD1gxKXIa9wto	5oOoQn1bhg6nbuvd54URPF	38.0	1971	0.528	0.0264	0.0	1.0	0.424	152.564	170733
DZ4J7OARI4hIujrs	1cyDg3f8oVsyHuJIMPEhRq	26.0	2001	0.168	0.231	9.0	0.0	0.036	111.325	102507
DZgccieoZx4s7hOE	3HfDSiJA2Vf0cdvT4dDwzQ	17.0	1993	0.0951	0.978	10.0	1.0	0.0704	72.289	350053
Dc0k4kdIscCtL4AR	1O2DjiLt0a3Nloq3OqMIU8	6.0	2000	0.474	0.7979999999999999	4.0	0.0	0.685	175.577	253293
Ddg8zi2tOooa4HH1	3G69vJMWsX6ZohTykad2AU	72.0	1991	0.392	0.534	0.0	1.0	0.325	181.305	276187
DhBnYEKJJdHMiBVM	3Yo9kEVE2UVSVFtxNXK2u2	43.0	2002	0.381	0.946	5.0	1.0	0.568	193.815	179067
DhFPMdj5RJq0H3BY	4Ma6fKktonx1Tu7Lzljcz5	45.0	2013	0.509	0.981	3.0	0.0	0.242	140.02	224427
DhNEeU8JaJVy4MDa	2jdAk8ATWIL3dwT47XpRfu	72.0	2006	0.6679999999999999	0.361	1.0	0.0	0.288	134.15	242000
DjEapYdBMmxcS3LD	2lvM9dA12IIqBVU2aF5MaV	19.0	1970	0.288	0.312	6.0	1.0	0.314	74.55199999999998	427733
Dko6TRy3mwwongXJ	0yzjqS9Ya9tE0QAYizgpNe	37.0	2005	0.508	0.966	8.0	1.0	0.472	121.996	197360
DnAEljRAjZLcl164	5eivkHvHUkMdStvOOYTOyS	19.0	2017	0.684	0.772	0.0	0.0	0.07	129.982	298272
Dq9mzZzO0Gckyswm	7LJOfS8evyKfP8Fl5rdZXw	55.0	2014	0.606	0.599	0.0	1.0	0.178	76.97	253880
DqOSBH0Gjfwtl4wu	219c16bgpbQclXy7v6QWRy	37.0	2011	0.608	0.6990000000000001	0.0	1.0	0.659	106.994	224773
Dr5vijFUZDaMyGsg	3hIJKkkoQyxGovMZF5FgVh	19.0	1987	0.245	0.0916	2.0	1.0	0.247	67.027	213827
DrYdSKYlfDS5XiEv	1k4Xh5qWySHjbP5QiyJeuT	45.0	2019	0.46	0.291	10.0	1.0	0.158	81.524	226893
DritvKM7DlqjAzD7	79BE7EVavDVsVCTlRbQ66i	18.0	1986	0.647	0.622	7.0	0.0	0.675	102.016	319227
DsILEY8dvfZclQnl	2Sz8b5XVfBdzjTfBTSmL8N	37.0	2018	0.436	0.491	5.0	0.0	0.176	119.226	297293
DsfmJ3NQZUJYEFGX	1cPCwqWsauH30PtvlI85jB	15.0	1997	0.467	0.8320000000000001	2.0	1.0	0.153	139.975	238133
Dtc8DjTK7QORh26n	7pDHM9huHHpRc9CrxZElsW	51.0	2004	0.352	0.848	0.0	1.0	0.506	183.96	187573
Dtf7ZV2mJSpyuvdD	51ZKT6BHAnDSYyp65W750z	25.0	2008	0.4429999999999999	0.701	9.0	1.0	0.456	72.577	159400
Dx7575eT17prW44N	114bGIxUrj6vnZwWEfEdMP	47.0	2002	0.445	0.932	4.0	1.0	0.51	113.945	271093
DxXwgidQYyVvlhbb	3FvDkGpOf2weAQL9ynmZTb	28.0	1956	0.384	0.155	2.0	1.0	0.288	128.666	143267
DyixMd9p8yG8rGn9	5sb1B0MVf56Syd1wU0j3hl	13.0	1969	0.2739999999999999	0.292	2.0	0.0	0.136	110.674	189533
DzOzu2jdYJQY7xH9	2PWnjWaIVuDeT4mXZgHWgR	40.0	1997	0.315	0.384	10.0	1.0	0.0523	130.018	260627
E0rPoB3pqKcJfTQk	4r6fFJFSsWlqkenyFtKMzs	31.0	2012	0.257	0.971	6.0	1.0	0.321	144.921	334440
E3IXQHK3HLYPlM6D	4fHeGGsLOVcWwYSaPa7fRy	26.0	2018	0.451	0.363	2.0	1.0	0.478	150.252	175773
E3JeKfbBEfKzZxjw	7bm8Qa9n6CZj5XWYnONiJT	35.0	2003	0.501	0.959	8.0	1.0	0.375	100.989	127333
E3K4sUUHehfoyjAF	7qR1Y6QqM4McefQaX1MmRh	32.0	2017	0.345	0.836	5.0	0.0	0.457	144.131	268453
E3g14Cd5lqPM250D	6GinbTAFbRY07m3gMs8n30	19.0	2006	0.294	0.853	9.0	0.0	0.4579999999999999	154.885	213707
E3iQOe4M979du9C8	70VukjWPu4TR2xQSRaEwlL	49.0	2013	0.667	0.912	6.0	0.0	0.867	138.084	199787
E4v2qT6KWmzNohGV	70SkWedrjKzDgKrqHZwAf4	52.0	2012	0.493	0.948	10.0	0.0	0.482	146.526	252155
E5h6RTCn2jyAp6V6	4JeasmY6el63B3f9AOBzhg	21.0	1999	0.531	0.911	11.0	1.0	0.69	107.993	232427
E6DryboBx1rVf2bs	6m4HKtDDwzVHdZAW6GMNdH	33.0	2009	0.536	0.947	10.0	1.0	0.931	160.047	120480
E6QrKKiL4134JTkV	1cYtqvYDbuzjgSJsAkTRaH	50.0	2009	0.491	0.91	5.0	0.0	0.345	78.06	240773
E6eFVeoQOrdCEEkw	45DQtZwQ8ycqJ31TaYk8Ax	44.0	2013	0.488	0.856	5.0	1.0	0.4629999999999999	172.99599999999995	376933
E7rGR6D2EpOcW5Tt	0nSr7aFZlWoM4hULnAGTdx	40.0	2014	0.564	0.816	4.0	1.0	0.5670000000000001	91.985	215427
E8JKHla4clbaJIbx	79TiPV8cXmsG6ssu4nWu88	56.0	2019	0.6659999999999999	0.775	2.0	0.0	0.59	144.998	191565
EAgEXKfvvhLzdU8o	6a3MjPdp8XWf9DS9tDlh4R	30.0	1987	0.5920000000000001	0.415	11.0	1.0	0.212	104.893	243765
EBHJgQnVfCFG3boD	4Kg3zguXCuWacZGNbkWwYz	28.0	2011	0.4539999999999999	0.765	7.0	0.0	0.4320000000000001	107.941	244693
EBmAnNCdhFas3S65	2Zd9awmsA8KuF65snhz7YH	50.0	2012	0.537	0.89	5.0	1.0	0.597	114.088	231387
EC3jg1iDL6Q8cvcP	5IbaSmi9ZjYtgMU8YdKQkL	13.0	2003	0.289	0.99	10.0	0.0	0.0781	126.396	38240
EDmgmp62KcRZM3Ij	5xM14Ujni57tiITTS1R0gv	10.0	1983	0.266	0.473	9.0	0.0	0.148	98.879	570680
EE57XUwo2XWipbPl	6CWOKK9eWmKbCwca8X6mb3	42.0	1991	0.535	0.215	8.0	1.0	0.1939999999999999	119.942	175000
EFBW0rpI8V3soWRc	5xIO4m9K8uJBCUSsAK2NS7	24.0	1966	0.602	0.487	9.0	1.0	0.809	104.781	155667
EFPWfe3zFwitM0wY	7f6quubDoOpftaFgfjpRNz	43.0	2013	0.563	0.7559999999999999	2.0	0.0	0.5589999999999999	132.091	183493
EL2vVpJr5csb9jW7	2hhybw4b7XLIYU4e2icuTm	22.0	2008	0.659	0.8909999999999999	8.0	1.0	0.628	135.97899999999998	125200
ELY2iJ98YMasAAW1	1QtUT1YLzZ11t0pKImR8dF	19.0	2005	0.472	0.905	7.0	0.0	0.242	96.944	290427
ENFhYQZ1NLMxTg4N	545qISq6Oh05QSMBVLQXg6	49.0	2018	0.241	0.901	6.0	1.0	0.698	96.468	207310
ENWDfNzI6Hyu7KVg	3U2jFfAKLibYHK3ARtyc5I	33.0	2011	0.625	0.955	7.0	0.0	0.8109999999999999	133.045	195800
EOBcqQq4c4URWmPa	4cTVAIFH1zGNQFFRFMCzsd	43.0	2013	0.6609999999999999	0.778	5.0	1.0	0.462	119.995	233987
EOOM6vcVYsfB1DvB	12w7q5JN7tf22TzQtQiiBN	50.0	1987	0.336	0.653	8.0	1.0	0.461	152.308	271547
EPD1EHqWmjEcmYzr	7rGXdgjTI3WUV7EpJjhQCA	42.0	2014	0.409	0.983	6.0	0.0	0.297	134.071	234906
EPq10w8WXMzn6SiM	4I3UW5JYREwCdFoAp0EumB	39.0	2015	0.498	0.841	0.0	1.0	0.305	110.055	388107
EQJtPKtgnqfMf8Vr	2WuxvGEcTU6CM670aSVDam	26.0	2000	0.267	0.942	2.0	1.0	0.276	186.109	234307
ER6vgmZp5VMwLzfq	3l30bDO9Kn2XJ9H2azq5PY	40.0	1993	0.8	0.6459999999999999	1.0	0.0	0.52	95.105	255547
ES5ODoVy4wfszATB	7dxR4Yop8pBroqy0XJhzXM	19.0	2012	0.6659999999999999	0.8390000000000001	2.0	0.0	0.306	121.016	192358
ESnfcK91JipoO4vM	3mFzIFFFmEXTQs6BDAK2ZZ	54.0	1984	0.588	0.38	7.0	0.0	0.502	132.885	280627
ETBirMFn5pdAWMtV	2lFlveK1y13WWp3vnQtrr3	63.0	2003	0.643	0.569	7.0	1.0	0.275	120.507	244600
ETkELadJAwQB5T1y	1H0SgofeAksIZdZgYqdZwU	35.0	2004	0.237	0.991	2.0	1.0	0.606	185.234	138902
EUuYwbMezIrOZWwX	5XXbiN6DNPBVQaPpaIzU0R	22.0	2012	0.6829999999999999	0.778	8.0	1.0	0.605	131.937	259533
EUzw83McYkRkvDgX	2UOyQB26wSQzM0jiTcUg50	62.0	2019	0.711	0.679	11.0	0.0	0.504	101.96	173813
EV3VRzYbYoFjmj1w	6cJRjKolnLTz0Q0TbwJaSv	39.0	2016	0.429	0.961	11.0	0.0	0.622	169.935	161947
EVmPKjs810Qai26E	7qTljW3wfx3CM8oEQeB2cR	38.0	1992	0.753	0.445	11.0	0.0	0.743	144.191	231560
EWRmOOav95GYKxE2	5zDXJzKkLAr5CDOhm9SF3C	35.0	2009	0.782	0.507	11.0	1.0	0.867	128.011	207200
EZJM2B4piUzzIJPo	0occ3Gxp6ZV5DUmJNuEsQB	37.0	2006	0.634	0.856	5.0	1.0	0.723	88.05	166867
EaGJpJ4UefswdNFz	7LygtNjQ65PSdzVjUnHXQb	64.0	1990	0.472	0.946	2.0	1.0	0.486	177.489	201027
EcCD1I5iwRWNpoKw	0OgX5NA7KFx8FCr5W0HYl9	52.0	2005	0.662	0.461	1.0	1.0	0.912	142.55100000000004	360720
EdWKkwH1P7hYlfOd	0yZPKwpGqeStYYjiRNTcPu	41.0	2017	0.511	0.943	9.0	1.0	0.575	122.967	230840
EdnYDVvrVmzze4A6	1lwJFDDEXaQSz3UwmdG7Kj	23.0	2004	0.575	0.71	11.0	0.0	0.13	114.695	206467
Edv33hXmNZO1stua	0EUBHTFlBmmod6UIpPmwZ1	38.0	2018	0.5720000000000001	0.782	0.0	1.0	0.579	99.51	190587
Ee0NrsYTYdqXzq2E	0wfa517BvgllE2ZDgReFDJ	32.0	2010	0.679	0.7490000000000001	8.0	0.0	0.635	128.006	214533
EeBWLf4b9wqHTIEA	07oOLyPbBnkAhoAuUovm0d	15.0	2006	0.3289999999999999	0.972	8.0	1.0	0.0714	128.018	770413
EeUoJbeUQNiHGJeX	0Ixa6xRtdfPbtEsnxBKgCq	7.0	2018	0.456	0.97	7.0	1.0	0.409	116.643	353410
EeWJkru2SaICG6ca	0UvuqCD6ktYwIW97Pn4p2o	47.0	2005	0.465	0.899	5.0	1.0	0.3279999999999999	146.11	231933
EeipMx7HWhlB5l6F	0xQ0oEwkMxLcuHEWFc7qwX	36.0	2014	0.706	0.882	2.0	1.0	0.591	106.03	162800
EfKfVOJk7obupm6e	73ROvjXlrsrDcNmCurwWOF	46.0	2018	0.237	0.412	4.0	1.0	0.364	186.955	303297
Eh6pQXLMLvF3Jf1n	7JuUxcg1Xci0xHAVzZIjdG	42.0	1983	0.439	0.63	0.0	1.0	0.376	137.24200000000002	252160
Ehe6IphBrtHHNwfG	0BkUxjkTxjxE5MSaHfTpkQ	34.0	1984	0.598	0.691	0.0	1.0	0.606	134.566	254933
EiK0UuSTezFQBe6c	0aFXE1GU6jYnz8MkKyArZw	35.0	2017	0.263	0.34	0.0	0.0	0.0361	129.887	360649
EjOvGF0HdkSCxF4I	0UtzermeSqBdfZnBtnZAke	21.0	2005	0.46	0.621	0.0	0.0	0.496	161.863	320413
EjkW75tMwTOOowoF	5gs4LSQ8vZU0vWExace1Tt	17.0	1992	0.65	0.482	6.0	1.0	0.555	79.10600000000002	119333
EjpF1BUyTjsiggP2	4uHWKxOguUCwu05P0cfveU	43.0	2018	0.929	0.593	8.0	1.0	0.67	108.862	191120
Ekrvx3wP9kChatiY	05HClbD8zl0P0hsKBJ2p8J	11.0	2012	0.243	0.2019999999999999	4.0	1.0	0.0367	131.332	544027
EmvNB6w4SUHE97OZ	4Mj2GtsgUDaf43zxdw48hd	34.0	1978	0.421	0.598	4.0	0.0	0.778	157.92700000000005	136960
EnTMaNU4h8i36T7c	5izRA04AeEkxClp9e1NsbV	14.0	2015	0.4920000000000001	0.82	2.0	1.0	0.37	130.114	226638
Eo6N9jIZKJTOwrKh	3lWatHvGLP3GU8qvcO1tIu	41.0	2017	0.5589999999999999	0.71	11.0	1.0	0.5329999999999999	140.595	240769
EonalxrIZUcgiAER	59bihAuVOgy8hc7btnD7o0	28.0	2018	0.69	0.856	0.0	0.0	0.4920000000000001	126.473	232000
Ep4UjG5iIPO6rt5i	5lfcrw8vud35shmnanJfxG	34.0	1972	0.316	0.601	5.0	1.0	0.51	172.035	329525
EqVOzx1IYb1rrvww	4H6qtMPzKYRCsf7bT2DcBP	42.0	2005	0.621	0.972	5.0	0.0	0.506	109.949	247080
Es84XYyrkHWLgdH3	79jStXwtB4d5CleFbbLtHI	35.0	2017	0.211	0.961	3.0	1.0	0.156	175.399	169292
EscKtekiCT9m7Tg8	5pI8oKWXWAd4jjMjIFajsq	35.0	2001	0.657	0.924	11.0	1.0	0.94	96.312	204507
EtYe8YWsGvZmeRYM	0Xm3H8qUhiUALrZYJyf61f	46.0	2019	0.649	0.867	2.0	0.0	0.16	129.98	227077
Eu4JDE8eq9d3RtRR	5fKMfImbn4pSuCAovKFYxU	36.0	2011	0.206	0.977	7.0	0.0	0.465	164.22799999999995	197160
EuFKcEtJ08PSZ3eH	2GHp47AE8HTBF9xpG7FIoz	48.0	1996	0.813	0.544	4.0	1.0	0.6990000000000001	146.07299999999995	324173
Evdw7UL2gxUcwFdn	354DcqfZLjPzNZlSfR6o2R	60.0	2017	0.287	0.759	1.0	1.0	0.481	195.708	188187
EwktRONYpSELDOb0	48KCFjbbmMedXFKpHLfndc	28.0	1994	0.264	0.931	11.0	1.0	0.265	96.798	237507
EyTN7l34CK2aBbxJ	5vW5UYvfoIWXTvsM4CskRa	27.0	2009	0.153	0.599	8.0	0.0	0.0965	160.298	251547
EylLg1MQcHmSa6WQ	6nIGq6LQkfdoRV9EnLGze5	26.0	2008	0.586	0.252	0.0	1.0	0.509	106.036	140480
EytOlntkubGWrnmh	2kHOFLXpz4PIh4bFg3a96r	42.0	2010	0.5489999999999999	0.8009999999999999	0.0	1.0	0.722	74.546	129840
Ezwh6WYzeSpqFWaP	0yBlW9gXn5BlHlTeubWGy0	19.0	2012	0.188	0.943	11.0	0.0	0.228	99.097	123067
F0hDTmdh6HIRFsQ8	6GrrkiCRO3HYdgRpO4eKEL	56.0	2004	0.477	0.426	6.0	1.0	0.789	184.866	200067
F2Y16LT156bwNxJP	77yvBEp7kIdWcGfaIHRknv	19.0	2015	0.417	0.948	3.0	0.0	0.236	114.608	178515
F2hvLZ9qIjWsDQI2	23RuCuUzVU8KMJOjJqH424	45.0	1998	0.316	0.981	4.0	0.0	0.68	152.922	115907
F3B89zdiZZ2ofTFx	0dmBhUb8BZnd0F8rEhzpTI	44.0	2018	0.4529999999999999	0.738	1.0	0.0	0.0864	148.195	274760
F3Z9AkXlCdGosb68	7GDrB6WdrkdwI1uu7jtmYU	36.0	2018	0.4639999999999999	0.7829999999999999	10.0	1.0	0.144	147.951	239077
F4Bxl1kOwPyffZ5i	2GBaJdw8QnoViqMnDO610B	20.0	2002	0.645	0.784	8.0	1.0	0.387	131.007	252215
F62uBuzndbQm31l0	1NiL0hKT5MRQb6NgU0Y8Os	17.0	2005	0.228	0.963	9.0	1.0	0.0943	98.542	221187
F6wjWFHliZXqpwTN	1aeYve33HMLMBEhB3WVHNa	46.0	2017	0.28	0.545	4.0	0.0	0.0395	146.09799999999996	260068
F7BnaIdW8cBemmWw	38Ifgoa6DPqxdpF8Fyqk3K	37.0	2016	0.451	0.5920000000000001	0.0	1.0	0.2289999999999999	87.97200000000002	224373
F7kB7q4ezZZMgZbM	2Zcr8xMMZyNT5wMsj3SWmw	48.0	2000	0.491	0.1169999999999999	2.0	1.0	0.27	131.806	297333
F8CTIUwb6mQ8gV7G	4f02Qtm1Usu049RTMtVEqu	35.0	2011	0.396	0.79	3.0	0.0	0.306	116.674	227507
F8ZkHRzie0n9lAgI	6BRyvt4SJsFyESj8Q7cokJ	25.0	2018	0.581	0.473	11.0	1.0	0.195	107.03	237843
FCtUDp9WjiQx8luO	6ijZd8tYWt76hLXxaXBXUj	33.0	2003	0.397	0.91	11.0	1.0	0.3979999999999999	140.255	196707
FD2gfR8FQxCZfJF8	6Jf9IIa0n44P0OUpIEvMMY	38.0	1995	0.5	0.386	9.0	0.0	0.292	174.142	313933
FD33Kuhsj5gPPbW8	79RNJ2FZHMe7NcPpcopMrZ	24.0	2002	0.408	0.757	6.0	0.0	0.3429999999999999	115.277	481586
FEEnVvso8k9FdeP5	3SPcBPzvbmWLl8NU5efx4W	59.0	1976	0.467	0.3670000000000001	9.0	1.0	0.205	70.85600000000002	280360
FGJmF8RWJyZ4jUg1	3yiopxxeHuwcpAg4e57Zjt	51.0	2013	0.605	0.838	7.0	1.0	0.5329999999999999	156.066	247080
FGu37Yca3YzMivPd	3BCwHknc8WQtp1iN2BSECe	42.0	2006	0.409	0.935	5.0	1.0	0.488	151.961	202253
FH67mrtz7531Lh6j	3RQFICPJMsBazO66qK808s	47.0	2007	0.476	0.885	6.0	1.0	0.629	164.042	205209
FHbTlqJXuYnrDgoc	44PPBr9Erm49p5VxHKTnDx	32.0	2013	0.629	0.725	1.0	0.0	0.527	117.013	251027
FIIoSixBjzGK2upP	2dydQCLtaka1FVckMgqlY5	17.0	2016	0.239	0.948	4.0	1.0	0.358	129.49200000000002	152515
FJTNkUIjO35cHajc	3cqJzS1U23zElTJyXcacm6	36.0	2007	0.647	0.88	0.0	0.0	0.7859999999999999	104.99	238200
FKHqXJZXiZW46NDW	0tDBmTdbfYG8GAeVWojIoT	9.0	2006	0.6559999999999999	0.617	11.0	0.0	0.255	130.167	250200
FLCk8Zl1mYItuahn	27qG9sy9FaxB7sd3pRMAAO	38.0	2010	0.508	0.695	0.0	1.0	0.7070000000000001	143.142	184827
FNBg7nUCyoG14H6f	1oEoypYEVnlbv9BcbyCJ4g	8.0	1995	0.337	0.845	3.0	0.0	0.0388	120.021	403933
FP3QItPNaS9TqPKm	1AEYT6VxrxXPMoQUxsY0E4	70.0	2002	0.4920000000000001	0.8959999999999999	4.0	0.0	0.534	184.981	285570
FP8om69jZy4VA7ei	4izhmF4sQgGemZpLC68bC5	54.0	2009	0.363	0.135	7.0	0.0	0.195	98.45	233000
FQuSKuVJGda6AnSj	5qJw5V16ISycNIENMO1RD0	40.0	2010	0.556	0.609	0.0	1.0	0.198	123.989	208933
FRVUbGb3gAWzOdlG	12ghiTzNkW4qFOW5b44OMC	35.0	2016	0.515	0.946	6.0	1.0	0.578	116.011	280746
FSrOaCcuNzLbrXEw	4AtZRwSR8BOTTQg5ihSggt	70.0	2016	0.417	0.58	9.0	1.0	0.139	68.58	246773
FTOdBtBV3TaSqCT3	3bFxumQRhWqt1BiXLeVrKa	32.0	1990	0.525	0.8540000000000001	5.0	0.0	0.789	114.676	262640
FTTwDSUmFeCE2eG2	4RKgAVlbfjqCOX8ZGn0hHO	11.0	2002	0.537	0.969	1.0	0.0	0.685	129.995	176867
FU5lU3n045QpgrTM	0R71BZNeicw9qRs9EGjIVm	26.0	2016	0.469	0.98	6.0	0.0	0.439	89.455	243000
FV1bGx0nP3pqJRig	6n4Ttmrax7ccVmyJG7Fb8T	45.0	2015	0.584	0.652	6.0	1.0	0.19	117.979	259006
FVAkrRqcPyOiGizW	0SgbP5ZZOsUiHlE8EfeHma	30.0	2009	0.616	0.364	2.0	0.0	0.377	179.987	238867
FWgz1hVIq59Ve6SY	6YThxHjqQ9qSqfSLem6PUk	20.0	2011	0.424	0.547	9.0	0.0	0.342	97.128	247667
FXPBCGmH86YGww3X	6YZOPDWjsa6BPOWLge5gKg	55.0	2015	0.7170000000000001	0.856	4.0	1.0	0.645	89.98200000000001	179440
FYbi5F6qvTpd7mZm	4tMOesd7zi9cLH7KZh0DcP	39.0	2011	0.482	0.544	0.0	1.0	0.4039999999999999	119.957	230787
FZCEOiZ8WMYcgAkh	68MTKAiLEncrpUPl1t0RoQ	24.0	2015	0.602	0.7070000000000001	10.0	0.0	0.183	125.169	230467
FakoHKQAGT6gFXP0	7My5DIityXisMnm7PRfrTt	17.0	1995	0.444	0.871	1.0	0.0	0.535	137.91	209200
FazIOZxQqINAZlfv	3ecpddKwgjP6pWnU6WchGj	25.0	2011	0.374	0.207	5.0	1.0	0.321	91.231	175667
FbXNbhI9KXu458sS	2Rj9HWaNkUsxdjM2khuqNd	50.0	2018	0.784	0.588	6.0	0.0	0.519	109.994	214574
Fe79us1o10ZaFNEK	4E0eZd48bymknQGhUntqag	32.0	2018	0.477	0.521	3.0	0.0	0.357	118.922	285552
FeWT4cWDN1bPnEuY	7tCnwq0Fy85y1tWktmXQ7u	43.0	2007	0.467	0.888	1.0	0.0	0.561	163.014	209747
FfBMBYNu5ZV3NuEm	7CiizXASZFFvHSXsgWWHav	31.0	1964	0.466	0.4589999999999999	7.0	1.0	0.43	71.426	161573
FgQJ9yc58sRL8FSM	3Ol2xnObFdKV9pmRD2t9x8	81.0	2018	0.7909999999999999	0.5870000000000001	3.0	0.0	0.536	96.057	179449
FhCFY3ZEjwxDcUlX	6OxnToSgslbtjJuNSKSdDQ	49.0	1980	0.39	0.312	9.0	1.0	0.361	156.334	209600
FiXIOm6C8woWhma4	6JqANgB1Xw1Z9YLoVq923g	19.0	2012	0.314	0.409	11.0	1.0	0.184	101.487	286493
FidvFpaZ0XVeMZEy	6UGjda813zHcTGQmiIUJZq	5.0	2004	0.396	0.628	11.0	0.0	0.146	132.03	325707
FipfdKTiPkIugYMy	3J9NEWkd9Cx1MwSSvDySkL	57.0	1986	0.57	0.931	4.0	0.0	0.401	105.37	247307
Fjh9GMV5kJykfrC6	6kFtBzH9q4bHrODS3GIH3T	43.0	2011	0.5710000000000001	0.853	2.0	0.0	0.39	120.084	214013
FkUpPnhNCSoXzHmc	5m5WPYth01Qi57by82H3iR	35.0	2013	0.465	0.945	11.0	0.0	0.184	145.085	268360
FkYKfUADYhNwYpxU	18Dcb4GPaunhCICmVGTnhx	36.0	2012	0.4920000000000001	0.679	3.0	0.0	0.218	156.01	222738
Fmcokil0C06HOb83	7aOmrDT5hp5DWSsfqE2Syx	22.0	2003	0.4639999999999999	0.373	7.0	1.0	0.092	80.03	254853
FnuceIYzKfxIyO7g	75EwFbw7cPAoTFDAxtFfzm	26.0	1993	0.541	0.765	7.0	1.0	0.368	137.505	187199
Fpc1IxR0hPpXgfIz	7fT99FIqccMEIuklI9CDfP	17.0	2007	0.278	0.965	2.0	1.0	0.208	176.638	170187
FpzEz2hHUU53zMIS	5atcNk0VJ42eev7JZ44uJr	36.0	2009	0.564	0.904	0.0	1.0	0.721	192.188	264667
FrBxNiIOJ3t1XHBM	6S3gglmYCAaxNnF3siXf4Y	37.0	2006	0.3279999999999999	0.672	8.0	1.0	0.457	116.916	227067
FrQpwvVF1fwzNps7	4CnSY8YPpNOF8Iki7bDEwB	27.0	2011	0.659	0.7759999999999999	8.0	1.0	0.653	129.02	236920
Fu8UwyrZ1iw2EmPZ	4E1dHrIMIXybxs9DqguLyZ	34.0	2014	0.253	0.994	6.0	0.0	0.174	117.047	295693
Funk25m7wFcANXAv	7xb1bY3h1FfvaLAvwJzz3F	49.0	1994	0.51	0.2239999999999999	9.0	1.0	0.209	96.407	207733
FvqGWytde6EWaZpE	0nY6t7Y8RbUbFgzVokUSyz	36.0	2016	0.4370000000000001	0.99	1.0	1.0	0.361	160.092	265462
FwCe7ocOSk0qRQO1	3843qh8Ih59FwSCDzPigNU	53.0	2010	0.546	0.299	6.0	1.0	0.2189999999999999	79.503	243720
FxHZLR3kIy3tIZ04	7Cix5yKJKLMBZlHcC5C8vm	35.0	2017	0.4589999999999999	0.361	5.0	1.0	0.1989999999999999	135.89600000000002	181093
FzBGuQhNJ8D49br3	4EWCNWgDS8707fNSZ1oaA5	72.0	2008	0.789	0.65	10.0	0.0	0.617	87.98299999999998	211000
FzSZcJLdhYzlUQDy	2wMJG6Ql5rqFa8APq823H7	29.0	2013	0.288	0.96	1.0	1.0	0.204	125.115	287350
G3vbmo6Q5hr0hdYV	2cwSM1wY1UMsJ8OEqkPzd1	33.0	2015	0.6970000000000001	0.7929999999999999	6.0	1.0	0.49	122.978	223173
G4B4fuFVkSqWzTHl	2u7nKGX3azSQ1OqFO8Aqp4	28.0	2003	0.564	0.8490000000000001	11.0	0.0	0.385	86.97	219360
G6qpt88wQAxSUBXw	1GD14FW1m3XP8596se9WBk	33.0	2009	0.248	0.6990000000000001	5.0	1.0	0.143	71.554	248720
G7eWAmS16ClFyMJW	3qSlbAE7VfK1AVyxfoHNJZ	41.0	1983	0.6629999999999999	0.898	5.0	1.0	0.628	100.033	253800
G8ESKBwvWDP2LkzN	5lT7sRNpl1DtGxAuvYYxIS	37.0	2015	0.5579999999999999	0.8340000000000001	7.0	0.0	0.49	139.851	224360
G9I6EDDemPp0ehdR	4eBUd0u5uIm0pgfTvfMLsJ	23.0	1966	0.408	0.124	7.0	1.0	0.2319999999999999	102.1	220907
GB0xPSWDfNa2MphA	1mJ4b2NxCdYpKJWq9lZAea	26.0	2009	0.508	0.7959999999999999	0.0	1.0	0.215	99.956	252867
GB9LkV8pTLXCCvX6	60ZGteAEtPCnGE6zevgUcd	58.0	2012	0.395	0.8959999999999999	1.0	0.0	0.35	101.867	211453
GDdCnfs63FSLqhtT	2g46BEY5VDiszAvHUE9IfA	13.0	1991	0.605	0.579	3.0	1.0	0.851	110.033	207267
GFQxaP6wr8ELOJm1	4Gs5knQPzAbAWZymsVz876	34.0	2007	0.535	0.352	0.0	1.0	0.401	124.544	280920
GG0FE7zrXbFwK8tJ	2unE9afWXbwayP8mZmooMZ	32.0	2015	0.47	0.964	2.0	1.0	0.65	167.99599999999995	217787
GGiAIlRpnozeSkfe	2g21fJjuuz1mFQP4IBAtJH	41.0	2015	0.535	0.81	4.0	1.0	0.38	128.187	218533
GKixw9EdmwXDcxk1	1ngjjSd73Fgkcf3uOCGnxZ	44.0	2016	0.337	0.861	9.0	0.0	0.635	91.713	324013
GLDZIMHKJSEnN9M3	0Azn2vpP3Sbs8qAG8e1KUc	44.0	2004	0.64	0.8340000000000001	2.0	1.0	0.971	173.565	158440
GLMb98xm0bVFx6fK	7INsqwNThfLFC9zKK1BYmq	57.0	2016	0.726	0.413	7.0	1.0	0.512	120.584	187220
GNp8wUZ0nAzIFSXj	0hMbxsuLHUDWDaot0aWUwY	30.0	2001	0.46	0.738	9.0	1.0	0.319	87.156	295293
GPWFrxLkmmzBJyWy	2RSlR9jZDlBUqCr1AvaCeV	22.0	2005	0.3289999999999999	0.757	2.0	1.0	0.263	97.96	311960
GPgGEwhEmHNCuU7l	2ox8x36cjHlgDEW6PMnkju	22.0	2013	0.638	0.807	8.0	0.0	0.826	122.926	218151
GQEMVg0MZ4lgycry	7seogAZcBB4RvgVRCpErBH	29.0	2005	0.599	0.8240000000000001	11.0	1.0	0.696	152.05700000000004	220893
GQN0v6pQ5anL2SCW	3G3GZnfjmypPEdkItAofp8	57.0	2007	0.764	0.816	9.0	1.0	0.894	120.456	207133
GR1GH1ei44Csdz8t	7qzxYfznGcwVUemSxhwCZY	44.0	2008	0.609	0.541	8.0	1.0	0.455	89.97	275133
GR2uTOMOzmHtj46o	1GR4NCNowKvmw8HDpUH3i0	36.0	2017	0.4970000000000001	0.93	2.0	0.0	0.408	134.928	228409
GRYChZ8Nk6vbDgDa	4Aa08DNwIFSWSi8DhQ6doZ	21.0	2004	0.742	0.946	7.0	1.0	0.926	138.114	211133
GRlCQYNd17jNgAtf	7GZh8jsIqDIVat6dY45uGw	34.0	2012	0.769	0.914	0.0	1.0	0.8290000000000001	119.974	201560
GShEFugbakfNllfR	4QmI5LB8nE5fVeih1m2atH	10.0	1997	0.482	0.998	9.0	0.0	0.373	150.019	297707
GTZ9KwLu7xO79fkt	1wIpio4Lb8FHbn0BDVQFTZ	38.0	2017	0.124	0.0693	5.0	1.0	0.046	58.472	271413
GTnBA4PZ8jvjxRwZ	65Uw0HIbeaJ7noaZsKhPgQ	22.0	2011	0.622	0.88	9.0	1.0	0.8440000000000001	100.01	234560
GTpKGQ9ylLb4yJzr	6QVyM6TX78lTjERce8Uu7w	17.0	1999	0.6459999999999999	0.73	2.0	1.0	0.88	149.816	191413
GVq9iPSKr4l5IY8O	71xSAi23G1x3Wtd023U5ze	16.0	2004	0.597	0.8490000000000001	8.0	1.0	0.605	127.635	206240
GWAl90817S41DCrs	7fUHV22D4ofDeQMgaXWW2E	40.0	2013	0.364	0.954	0.0	0.0	0.47	184.021	177000
GWcsl5QCs9jTMSRe	63OB8oKmBUUYiRtrRtFCvX	49.0	2015	0.6970000000000001	0.626	8.0	1.0	0.753	86.024	213787
GWisQ5MZSM6KlrJr	5KbRfW2nmEp7IrIHIZ3nj9	22.0	2007	0.539	0.937	2.0	1.0	0.5529999999999999	130.525	139720
GX2ioTwjLPBWPFwA	5B4AWiUGjzYxRzAzJT1dT8	33.0	2014	0.675	0.645	8.0	1.0	0.586	95.995	287147
GXnqYZQ6J1qtsoxL	7LWVkC0dzIFKkJ2O2lJhU2	35.0	2016	0.4379999999999999	0.8740000000000001	3.0	1.0	0.421	158.041	234061
GYIktBjq4lyMMevu	4KpJdhMSwHOxaiMvsK5o0U	37.0	2003	0.5770000000000001	0.875	5.0	1.0	0.601	120.857	305867
GYOmFpphNqfLeNos	1OK4hVcucqYKMU9Ipb3dtx	44.0	1979	0.794	0.7829999999999999	7.0	1.0	0.784	117.112	212467
Ga3imEdMN9iK8OIn	49aHySrIMGlNZmLAAR6H5F	5.0	2006	0.4	0.958	11.0	0.0	0.7709999999999999	165.265	134453
GaCToBXs3310BQ1L	4EsYkJjHKMejYLp54woB9c	54.0	2017	0.93	0.6729999999999999	10.0	0.0	0.2189999999999999	134.984	188563
GasaPmY5bx3BKF1P	3pFkArfNGaU29lHtrPXzEm	11.0	1988	0.703	0.949	9.0	1.0	0.8079999999999999	132.884	115400
GbVcaSJnFaQncigl	7aKYHZZuQtgRPhKPMecSO1	20.0	1995	0.211	0.493	0.0	1.0	0.315	171.671	126933
GdQfL2mdoNVpPFuJ	5lMRS9GFQYfxhflty2E1ad	37.0	1989	0.597	0.882	9.0	0.0	0.65	130.858	232587
GdW0dqJ7HV7iQrRx	2hnMS47jN0etwvFPzYk11f	71.0	1996	0.682	0.765	1.0	0.0	0.5670000000000001	90.807	182747
GeUoZ0JH69p2eziP	3Nnm4EROP8wEnMpcmapvLR	47.0	2005	0.411	0.7020000000000001	1.0	1.0	0.407	178.493	184440
GecDfHN4MDWrms80	0XAmeiHmc52aSynpen39in	22.0	2000	0.519	0.4639999999999999	4.0	1.0	0.285	175.40400000000002	356267
Gh4XHTuCdfXt0kB7	61pM9vMukviQNfEsV0mi3p	16.0	2014	0.425	0.5770000000000001	5.0	0.0	0.3379999999999999	80.03399999999998	228720
Gi7EvpXB8v5yFFgI	19P4fwkPhE6yVAXApFWDoF	57.0	1981	0.6920000000000001	0.613	2.0	1.0	0.93	120.901	210533
Giw9rlX7prEfgzgu	27SwNPCT06QkpufKP3t5ev	40.0	1999	0.356	0.921	8.0	0.0	0.216	119.777	244240
GjGJvKqFeeRyqG4F	6rFMybj8kI78Yl0EmwupxU	13.0	2014	0.64	0.858	7.0	0.0	0.475	112.992	212667
GjIaZcckFpTQqF8N	5APYN4HtwJPZbjlm7JfBMX	34.0	1995	0.312	0.604	0.0	1.0	0.392	183.349	214227
GkQ1I5t5KoCwWu8W	0UWCGmV3QUfv8QL0tYekNx	16.0	1995	0.655	0.763	1.0	1.0	0.624	103.652	320720
GlCxKUq2124zirRO	1mjC68qU0Q9HlCIZHZAEko	47.0	2012	0.1969999999999999	0.977	5.0	0.0	0.0819	157.221	356800
GlYslBKVrU42Fiib	73MYXXOV9DKwq8MVuSOpMT	41.0	2018	0.494	0.815	9.0	1.0	0.513	178.134	200170
GnbHzdgMLjLe69Wj	0gsDBm94QELEJAcGS59f1b	57.0	2018	0.58	0.901	0.0	1.0	0.4270000000000001	142.031	165634
Go15EbiCsSSqRnTD	6yERZtC8li2SZWh2SkTl7W	16.0	2011	0.625	0.466	1.0	1.0	0.488	89.995	211293
Gp12UXU2gYdzes3O	7gHRVNiuL66Z6fE6DwZaFT	49.0	2000	0.684	0.144	11.0	0.0	0.573	119.663	168000
GpPXb57QWjPsbmfl	31iW5Yzn4Z39NvSD5csT2s	36.0	2012	0.455	0.863	9.0	0.0	0.344	172.995	250061
GrSME2dBdX6CISeo	2xcuDxTLlp0ro2GYlS1i9G	49.0	2003	0.7090000000000001	0.8270000000000001	11.0	0.0	0.371	96.972	228347
Grh79mjaokNsoY2U	3XMFpSHd6CdKzk6OP5uOLK	19.0	2012	0.271	0.8059999999999999	0.0	1.0	0.4029999999999999	94.805	167493
Gs3CHsgYoCggyISH	2ovD5JwItQasZDVBJgarfK	47.0	1996	0.452	0.309	7.0	0.0	0.0625	79.093	382427
GsiqvJ44SRjwFfCd	4p2AuPOS7ptkDgDI7Unmzg	40.0	2016	0.713	0.7140000000000001	9.0	0.0	0.947	101.995	190720
GuH9cRalvkhXvmaZ	5ZpJwc7AxqOePIqSJKfUIP	35.0	2009	0.413	0.624	0.0	1.0	0.237	139.828	259453
GuUaZTQuJtaRj8e0	0j9KNQ9pDEQejEm3wdgiAr	50.0	2004	0.483	0.256	8.0	1.0	0.5820000000000001	139.904	278693
Gv7u3I8Kb160nFJC	5DmWOVaWBbIWKQnk6bMdwu	51.0	2015	0.462	0.753	2.0	0.0	0.424	161.795	311627
GvR3ihpANzPFUV9q	0rxMVdHX4opnUdMakNMhZs	26.0	2010	0.283	0.547	1.0	1.0	0.32	133.739	186227
Gvab8XyUte35lD6P	1PXt7IKtWZarJbuPmUTBBi	32.0	2013	0.469	0.184	4.0	0.0	0.23	136.596	176667
Gw08kTvWmOgb8Qbn	4XkCRUn5YrBwLkCaUwT59x	23.0	2010	0.669	0.6759999999999999	7.0	1.0	0.546	84.944	247667
GwO4jQ8fWWKnH56l	0fmgOwkb9AwgzXhYVSZRDs	57.0	2005	0.713	0.6990000000000001	6.0	1.0	0.753	100.079	169720
GwquXWElKl9hkMiW	5bgRVYqK2Bbenrg2gqtGWN	52.0	2017	0.4379999999999999	0.926	1.0	0.0	0.565	76.487	198427
GwriOU6L2hEe3Hin	7K3moV1q89T2Ycv1EVfGIF	31.0	1996	0.617	0.31	5.0	1.0	0.214	137.939	216613
Gxp7i2NJf4ROyWRI	3qUxoch9hLpdiupXjHmFNt	24.0	2010	0.5329999999999999	0.8959999999999999	6.0	1.0	0.6970000000000001	150.029	225960
Gxz7sH11y29Xfe7i	1n2vZqzvCV7ql5Tx3mNdAt	22.0	1982	0.451	0.825	2.0	1.0	0.452	111.342	231267
Gz2F0AG11jhpgQHr	2lDuo8AnJ4DPscv7Ah4M5P	14.0	2015	0.408	0.546	9.0	1.0	0.178	119.687	289451
H0kTEL6UKo8cmgO5	6T5ACM2wNQ0w1OptHMpsCD	38.0	2013	0.7490000000000001	0.685	9.0	1.0	0.738	90.998	222418
H1bM3eivsnVL3oO0	33iv3wnGMrrDugd7GBso1z	68.0	1999	0.494	0.946	4.0	1.0	0.741	103.408	169027
H25cgmv5L3hoHYnR	7pdF27mSDuPWhppnHAmWHa	73.0	2018	0.735	0.525	6.0	0.0	0.369	160.14700000000005	157777
H2Wwe2mTxou841Vx	4UXEoEb1hOcOI8Fnz2sHlV	32.0	1966	0.613	0.586	7.0	1.0	0.4920000000000001	119.188	162587
H2XKil402Iyl8Gnk	5tOe9RlhnwZ4JuymPJDC1h	36.0	2013	0.434	0.369	2.0	0.0	0.144	137.852	301173
H2YkL2APQ7R3emwZ	6ggJ6MceyHGWtUg1KLp3M1	46.0	1998	0.521	0.892	10.0	0.0	0.299	164.049	298827
H3uryo1FKi4ygpLY	0el5BIVt95ABgZkHSPsIc2	27.0	1964	0.652	0.313	5.0	1.0	0.851	85.678	161840
H4Rn7gxuv0sJFBsy	6focoSGn0PDqhZvTFLhvsc	38.0	2012	0.547	0.93	8.0	0.0	0.7959999999999999	139.969	205507
H5EeKULbGQdMOQPT	4HomPKDsqVz9xAtW2zyMO2	36.0	1990	0.607	0.784	9.0	1.0	0.643	111.871	326013
H5k2E6IhGaUcoTqK	6HkkRTJxBDexX3dXrzjGu0	33.0	2007	0.631	0.15	11.0	1.0	0.253	142.129	195467
H7M63BTs2caxHLmu	6LSDAtJAhkoNriP0HVKYJh	42.0	2015	0.425	0.912	2.0	0.0	0.4270000000000001	84.05	290993
H9d8vL3SJKvo8bcX	3u4rIcRR7gSoJdkJIx9zpu	59.0	2015	0.584	0.384	3.0	0.0	0.184	93.981	324123
HA7XNWwLQZuF6Hjc	6R1ArLLvqPvS3AHg9YgmrQ	54.0	2017	0.579	0.725	4.0	1.0	0.2189999999999999	127.986	239520
HAyKV0B6Ty1rA6e4	6laeTeAZPn72XZcGnd3Kih	3.0	2007	0.423	0.645	4.0	1.0	0.435	93.557	156147
HC6CfbarKJOvaP47	46ou6i1u3b8Uu1KUzwKkAO	34.0	1996	0.3279999999999999	0.828	9.0	1.0	0.308	117.901	273200
HFlSLHdjEjzkDJgu	5pbfZdAP7xUu354ZQBhTS2	45.0	1994	0.55	0.877	2.0	1.0	0.4429999999999999	106.23	268533
HGcOj4MaxJQoqq9m	65fqcmj2M1EiERwDoIflDt	46.0	2000	0.617	0.922	11.0	0.0	0.314	114.986	230600
HH3vmubzJlTrD8lt	7Bq17tNAUCLceZQOJMnj3D	46.0	1999	0.705	0.355	1.0	1.0	0.846	93.388	158800
HHZPHKq7xyUmIcs0	2Cp5exQvEWphydFc11pxO6	21.0	2012	0.516	0.8140000000000001	4.0	1.0	0.495	135.915	211867
HHsVKrzhzUV7BL3Z	1ZqHjApl3pfzwjweTfMi0g	58.0	2008	0.345	0.581	1.0	0.0	0.108	76.02199999999998	222653
HIYsWC4lzWHy7o0U	37aAKOsaDmLmJBGqnO1tfr	39.0	2017	0.258	0.982	7.0	1.0	0.57	157.326	96053
HIkZEXTfO16B1dbt	6cWpj6c5pNZYEk5KYjNBji	53.0	2013	0.49	0.79	5.0	0.0	0.285	149.903	197267
HKfd502OPyX73yXS	1WAdq62hIVZ59nUIsjAzKW	39.0	1999	0.49	0.616	10.0	1.0	0.421	92.305	218160
HNU7899zG5nzMtpn	2FxjiwS1BLkZDVkwFUYB5P	12.0	2013	0.213	0.255	0.0	1.0	0.127	85.04700000000003	294440
HNV71xeWPAqbgA4X	3UCnSaaqDCgtuRo0J8Sxbp	44.0	2009	0.507	0.944	0.0	0.0	0.0689	104.967	318667
HOUdk6g5iprQPEj9	11GPrBMtwCrVNWNSbZ0rFc	24.0	2006	0.3929999999999999	0.389	11.0	1.0	0.0386	119.214	466360
HOVkr6ZUpqlQwZVe	0aUq6uNfcjI9jmV0Kb3hU8	43.0	2014	0.632	0.8240000000000001	2.0	1.0	0.604	93.985	216173
HPBhegHaYMiTi3oQ	0O1HWJFV2FDOUWH5QvyplU	33.0	2013	0.601	0.621	5.0	1.0	0.6509999999999999	103.119	184369
HPhvvFWThgnDS9Ow	2877rI3UEEi9KPd8F2m30p	10.0	2017	0.204	0.789	1.0	1.0	0.1369999999999999	132.984	359315
HPwAhTFWKG1yWI96	4orQFDcvhvyaPx8PPf35iI	40.0	2007	0.474	0.901	7.0	1.0	0.36	164.888	216520
HQKk4LHWfVRhYni0	40lKptao1hxVqA7fd1OOGp	60.0	2010	0.509	0.778	11.0	1.0	0.216	105.066	285160
HQa5V1O42i5D3o8X	67OTvR4W0NFEWLrQRL2QGw	37.0	2000	0.447	0.815	8.0	0.0	0.441	95.443	261733
HRU3xfx9MdqpmuDN	5OIeh4TMxaIzUqfpsZpOWk	27.0	2018	0.341	0.0143	4.0	0.0	0.242	176.47299999999996	125442
HSwxznJgmXmkolxt	0pvAmXz50wNF8BNTLq4o1k	43.0	2018	0.595	0.847	7.0	1.0	0.83	185.061	206280
HSxUW3U2aP92vp0V	509HA9Eo90mwvh21AjOMq9	36.0	1980	0.7659999999999999	0.46	1.0	0.0	0.58	153.335	235880
HTqUzOe7SF1tWFh6	41h0mngXd81kGbYN5yeqnU	41.0	2014	0.4429999999999999	0.987	2.0	1.0	0.319	144.846	206019
HUOSeI0YAPMQQbBz	5yOq42N3hcuYMWDwRKA4OS	40.0	2018	0.5329999999999999	0.944	5.0	0.0	0.3329999999999999	134.94899999999998	241547
HVsxu5jJtOctRg0x	4HS4veWZYPzHvEmVxrVEoy	25.0	2013	0.672	0.63	2.0	1.0	0.485	128.005	209164
HXR67d9mHNTVWMUq	0lrtYwuy37bJzsO2LHz2kj	45.0	2016	0.725	0.4970000000000001	10.0	1.0	0.954	171.988	262675
HXbh141P712MSpIW	6OAjBZZVEr88WpbeajpKvF	29.0	2013	0.602	0.91	4.0	1.0	0.826	94.01	168933
HYsGH5Vl0UOwyEev	7ITRNB9OckYIp2SW2iXU8U	39.0	1991	0.425	0.8390000000000001	6.0	0.0	0.705	109.575	418707
HZKtP8XUnklektpC	4WaDcbDrAtLEks5Uv2OILc	7.0	1992	0.349	0.792	6.0	0.0	0.405	92.998	341240
HZqQoKQaUPOKpOfE	5ivya8USJX3ezDjd2FYSXa	39.0	2012	0.563	0.954	8.0	1.0	0.789	148.05100000000004	212751
HaRuIk8jhyisuHfH	0BRETWVsgLUOyuw1GQdhiG	41.0	1975	0.764	0.61	0.0	1.0	0.975	98.466	250067
HasvlKVkh3kNRLEg	0dDLgYLf7Tygr5H2ZxCQ0w	12.0	2014	0.16	0.972	7.0	1.0	0.1169999999999999	200.124	193028
Hb6QxQ3eizAI9OJy	6UtLgklJRJNx0GsAn3dgWo	17.0	1986	0.773	0.537	7.0	1.0	0.863	98.841	251200
Hbk6tjofjFONeex4	0criiQKIY1hyU0lRbVhZ8L	57.0	2017	0.3939999999999999	0.871	1.0	0.0	0.286	97.51	256320
HbuQKtQ5NzKDxHLb	08J2YadWGSyjFNMYHHDR18	29.0	2018	0.725	0.846	11.0	1.0	0.429	128.061	241763
Hd9RYsn5T3tcG5W2	1aen8skTkwVtOaFaL9MwBF	39.0	2008	0.481	0.647	7.0	1.0	0.502	139.984	241080
HdavlfT9eh8AnBP8	4bpvJF05Zjz4TcPRuUufSC	15.0	2012	0.246	0.35	4.0	0.0	0.113	151.393	322641
HdfGEhOLhQplFaXf	3rkaQkFSww4bbJNarJXdkn	12.0	1989	0.5329999999999999	0.7440000000000001	0.0	1.0	0.462	127.105	228173
HfdShvYYaND0YQXH	7mHk9xv1aYsd0T3m9nolyk	46.0	1996	0.506	0.964	4.0	0.0	0.696	122.785	202813
Hh3X5VdG0HyJlfJh	3XTME2MUPXEMTLfOEjybfF	18.0	2011	0.5720000000000001	0.91	0.0	1.0	0.7190000000000001	112.017	195984
HhkNFzWHiGPft9UF	5wGfZ5xEWjxS2vfYkEp4U8	36.0	1994	0.833	0.568	10.0	1.0	0.925	113.846	349067
HiOOYaMzIukDXhGJ	3tbNT2X5tfMIVeUflYbZUZ	61.0	2018	0.445	0.662	2.0	0.0	0.479	200.04	207458
Hja23XejDRzCMh8j	6fZouanPj27mII5L4kwvDe	45.0	2017	0.7490000000000001	0.797	5.0	0.0	0.7020000000000001	128.005	228027
HjreHVvPSNMBouFW	0RweUCzWNmSfyozSbyKz88	41.0	2017	0.258	0.7	7.0	0.0	0.173	170.265	57907
Hk3AqQLxHHf4hzFE	2XqEik8FCrrm2pjU57vk2d	8.0	2011	0.518	0.847	0.0	1.0	0.77	133.006	218999
HlqTlQ8W3JUyq82h	6cAmmW37tXpfUtbhJcEnTv	36.0	2015	0.687	0.872	7.0	1.0	0.72	105.976	253698
HmGwJU81FWVDhk8n	4G8ouLFUUdm2ICGrtM6JLl	50.0	2018	0.487	0.954	4.0	1.0	0.59	160.092	252000
HoJktTVZrsaESEcq	7til9cDK5rExLomnvyUhS3	41.0	2012	0.774	0.615	0.0	1.0	0.7879999999999999	89.005	217080
HrQe0a2FRIrI9nGB	2xp7gG07AwxRzERnCjTFXS	29.0	2005	0.615	0.594	4.0	1.0	0.3229999999999999	95.797	197493
HrZQyMUA0enusyuh	6WZrDN48HebcJIfaH9VE4x	34.0	2001	0.307	0.805	2.0	0.0	0.18	160.33	218640
HshAaiNsDdV1W4nq	7gZ3kWNtIxFgxjsm5OTVMB	59.0	2001	0.537	0.561	4.0	0.0	0.242	78.13	273200
Hsx23Vh9yKm6u9uK	2dId9x9fxcaeAOswSIBC39	24.0	1986	0.326	0.6679999999999999	7.0	1.0	0.419	178.74200000000005	366933
Ht4qhPvFoG95vSSj	2XZWpgwCr9GFZUI6QgPBl8	25.0	1998	0.501	0.7390000000000001	9.0	0.0	0.385	83.068	266800
HxpQhVmioGnpZS2M	2xtIazYoqL33NVSWAJn8k0	39.0	1991	0.3779999999999999	0.759	4.0	1.0	0.872	170.65599999999995	215893
Hzb24yos0SywoE7q	5lEsM6qpuzuZwij6jIZPvP	54.0	2010	0.599	0.888	11.0	0.0	0.833	121.05	197587
I1AW2OYx0QyxSToh	3QvKie6yU8embOjRqM0fDH	36.0	2007	0.395	0.172	2.0	1.0	0.121	147.69299999999996	239067
I1IGV7Wc1zHSOqUI	6J6RWKCPN5RFKHUKEUFjxS	59.0	1990	0.787	0.63	0.0	1.0	0.882	125.347	267293
I4BXiPdZKgHy8TQR	3grxgV6Ot8KqtysApjYLs1	57.0	2015	0.667	0.755	0.0	0.0	0.513	99.994	219987
I696LFToFrDdwsVd	7ybprTSdhXFzGWdtUEyfjG	42.0	2007	0.6920000000000001	0.769	4.0	0.0	0.828	128.977	203285
I6GIwClrEQGcZ3Jg	7hj7j4Ym5NZxiEgSwzTSBY	32.0	1983	0.337	0.882	4.0	0.0	0.4370000000000001	121.524	317947
I7xwlyqUByL76Wpu	1hHGUdFaiJHw9hVZGJWYO2	68.0	1970	0.585	0.532	7.0	1.0	0.68	94.461	180067
I9h4t3rQ3KOzzBBn	1c9WIFQTRBEiaD5sjbnub3	9.0	1989	0.3379999999999999	0.927	7.0	1.0	0.159	115.68	303933
IC3kh9KgubfaGreg	0YSRkJfGZkRQuafIKRfrl5	28.0	1976	0.428	0.449	5.0	0.0	0.365	170.173	262893
IC70veAhCXIpesFV	15s9W4YHKtPCGKMubsdA5f	31.0	1996	0.529	0.831	1.0	1.0	0.285	141.046	325733
ICANFOkGsYg3c0Qd	4MpKB94Mp6RcXULZdks7YD	38.0	2019	0.5710000000000001	0.942	9.0	0.0	0.31	114.018	217676
IG0zzQPGgMEmxn98	1S0DrC9rdjTIo6PjtVWDP1	44.0	1999	0.6679999999999999	0.98	10.0	0.0	0.871	138.925	212080
IGIqTBFpMc4MB9nr	69VDiAdbv6lBe6wrt6lWKw	26.0	2004	0.593	0.7809999999999999	5.0	1.0	0.67	92.984	251960
IGrNQ2t0Ei2Pnxk9	251p31yKdHEwSFYiAi9GCr	31.0	2010	0.255	0.679	8.0	1.0	0.119	96.68	596507
IHsW6UmhOf5b6jqQ	0pZLJpsNxGmi8qlexF2iLP	39.0	2015	0.344	0.961	8.0	0.0	0.3329999999999999	141.982	286133
IIs72wE6hB8vxGJG	1opSxQP8KkdKOGvbvlmuIV	32.0	1980	0.622	0.86	5.0	0.0	0.746	114.714	265800
IJWWeCxo5CuF61mu	5ERGhYZH1fqdhF7H5ZXNoK	24.0	1994	0.247	0.72	11.0	1.0	0.489	150.77200000000005	243667
IKEsVgEXFbIw7xc0	0HgDGw5QDBIfDCTIrdV1Tx	41.0	1992	0.618	0.986	5.0	1.0	0.254	117.535	269626
ILZwDeBWWOKmB5RL	1wQPh3k4rfhvBHBBX6vjB6	26.0	1992	0.109	0.0833	9.0	1.0	0.0433	83.0	294160
INDWvz0mN8kSiuUR	7sx41M0GEQPLMYt3FjCnSw	47.0	2006	0.74	0.1639999999999999	2.0	1.0	0.356	108.205	185240
IOH8JtmWvmXusEv9	1GGK81j5LaThJjnJHhfGDq	53.0	2002	0.54	0.348	8.0	1.0	0.456	135.73	300520
IOM7IZaDjlP8w8pm	0I5Z0p0cLWdyJNC6sqMTwD	52.0	1998	0.3670000000000001	0.428	8.0	0.0	0.5379999999999999	170.722	326658
IOotPvHBXmjUyAuj	6nncsxAtb792Zby3vXnTHe	16.0	2018	0.2339999999999999	0.908	4.0	0.0	0.3279999999999999	164.002	299316
IPLLLRmjz4b5qy41	2MUV7GGJ5aqNKIsxWLBvqM	21.0	2002	0.5770000000000001	0.65	5.0	0.0	0.552	92.998	295133
IQ9ezY4QoXoRcDsZ	3Tp3nTswQmMzmQRqZu4iM2	49.0	1998	0.48	0.447	4.0	0.0	0.255	96.771	161933
IRy8HGshzYaYPmt8	6vLwOFz5BYeEJPyvgUea2D	49.0	2011	0.684	0.8540000000000001	2.0	0.0	0.706	141.409	259947
ISNATR0AI3EGe2a8	2TAcwD5KcV9uY3O1tLGV15	60.0	2011	0.485	0.701	8.0	1.0	0.613	151.94799999999995	184920
ISNlLeHquvqSE6IB	5h7AiBIFXl3ft8jIooSXUS	15.0	1972	0.416	0.292	9.0	1.0	0.3	108.733	151827
IWFocO8KX6B7trre	2jS1x6qMrAsG5kmyxLQWW7	13.0	1979	0.201	0.184	2.0	1.0	0.0999	170.175	258179
IWOU9aDMsNBfngem	4JOmMnqpJWNkkutT3H5OD0	29.0	2002	0.561	0.68	6.0	0.0	0.405	90.992	264600
IWljtlDfIjJHuMkn	5wmBV7RrEDrEamTvCnuLxX	45.0	2013	0.4039999999999999	0.49	9.0	0.0	0.1009999999999999	119.822	283970
IXGvK0g5FeYAvXRe	1FsAJrdlBS0WmBzztR14ya	19.0	2007	0.392	0.3779999999999999	7.0	1.0	0.3229999999999999	70.546	217640
IXgqaSjAw8Sxjavv	73bLM6IiZCpx526cbeGk28	30.0	1981	0.376	0.489	11.0	0.0	0.2789999999999999	107.001	323960
IYECU4Jz8rtUgT5M	4q8ce3VGQzroZzwrRhRwKf	48.0	2013	0.617	0.925	2.0	1.0	0.564	116.981	240518
IYZSS2Q4LKAnqtHF	7HIxje7YI8IRqMS8HsEYOg	37.0	1983	0.586	0.7759999999999999	5.0	1.0	0.634	117.043	316347
IbF5g824fUGFmmGv	1nwBgvFq6uJWdnGExNupNK	26.0	2004	0.514	0.967	7.0	0.0	0.216	120.129	327093
IdJaVPfRHFTwXQHs	6aLuj1wqdhXHAITvt1stgz	16.0	2010	0.336	0.913	0.0	1.0	0.462	114.929	172227
IfFwLGCQOMsKMLws	0BnmRhc4oFO6Y5DjBKKqyk	20.0	2006	0.594	0.8690000000000001	8.0	1.0	0.962	133.24	211652
IgDYP5D6FTxYIilQ	7mlJpcVvVRzgGwkL3GUgY3	46.0	2017	0.483	0.721	11.0	0.0	0.2319999999999999	165.917	234547
IjZP68t2X4AEp0Uo	06iHk4N4gngQ747CaZYMyZ	27.0	1987	0.15	0.937	7.0	0.0	0.1989999999999999	176.108	230067
Imikr1wOiivWcNqF	3sJo2HtLkCsiMgoaAwIIyp	35.0	2013	0.6629999999999999	0.621	0.0	1.0	0.732	109.85	163347
IpJ1aktgYIvbyqQf	0jKhTc3NMJygG7jh8ta4CT	22.0	1995	0.6890000000000001	0.6679999999999999	2.0	1.0	0.422	89.98700000000002	323133
Iphy6dJtI3BO8sxV	7mviMqqbfFyZSE1F0pXV9o	28.0	2015	0.514	0.898	11.0	1.0	0.722	139.967	227747
IqAF1BoOfSefzaRE	1NvAqtx7PytXUytohhYXbk	42.0	2016	0.601	0.644	8.0	1.0	0.3339999999999999	99.855	205099
Ir48Mv65qQZJIKum	6bODP2qIJ5gjPiFWbY0EZu	41.0	2015	0.487	0.977	4.0	0.0	0.5479999999999999	140.981	153400
IrS0oGml5voPOJmI	6eGAAfefyxZjZbAvMT686X	18.0	2014	0.2019999999999999	0.662	4.0	0.0	0.5670000000000001	162.961	198000
Itah1m1jjfddZ3KW	3OuRdW4CfE4yBm81GnQSWr	27.0	1998	0.627	0.61	11.0	0.0	0.747	89.08	280267
ItcHBWbkwi2pGYHl	0yRRVy4pI3Oa1qqqUpuGME	33.0	2005	0.34	0.965	9.0	1.0	0.212	107.753	278720
Iu8G75bCsdyXIiIe	4KA6WDF2kd4jzmW4RW2n6K	28.0	2002	0.353	0.114	11.0	0.0	0.151	75.798	143347
IvFtcAajHxKWNl7x	0aauEuObcI2mG3hSv0mh6k	33.0	1996	0.4679999999999999	0.831	1.0	1.0	0.381	114.639	347960
IvHhVfeLHHkXZkYy	4tNuAO8sbfnxxPtKqqzk0L	9.0	2013	0.245	0.7440000000000001	11.0	0.0	0.4039999999999999	153.039	261587
IvgK80LY0sPNGQ1Z	1tBxs9BqNlBXbIxVaCBrv5	45.0	2017	0.5379999999999999	0.743	4.0	0.0	0.316	127.809	231347
Ivo533TRW0wOSCVa	5XX9oGZfgKMXdHnEp4t2JB	65.0	2014	0.688	0.841	2.0	1.0	0.743	133.912	192670
Iw8bla6TJka0DIj4	5brwuY7q1UM3ay3bZmZ0Qb	29.0	2011	0.397	0.436	9.0	1.0	0.594	116.725	318640
IwJqsfasgWY6fuzB	0K8mgY7Eygl6n8YgJQIgPK	9.0	2017	0.657	0.55	10.0	1.0	0.7120000000000001	99.968	235157
IxUm8yXiNoUlMF0z	4KncOqIAEYnAM90go8Ielw	40.0	1968	0.3429999999999999	0.396	0.0	1.0	0.314	171.41099999999997	284533
Iz3HIraw5b7cSakg	1BLIejgsEW10gWMRwqykN4	36.0	2017	0.7190000000000001	0.8220000000000001	7.0	0.0	0.845	126.207	219147
J17PrWqslmLLWQCW	0x9rqYjtJGZjG1S84tBpwN	6.0	2007	0.552	0.5670000000000001	7.0	1.0	0.0578	105.382	226333
J1BcJsw4HY1oNZcg	1gCLmon5mv5ypcWGDxxvup	26.0	1982	0.521	0.466	0.0	1.0	0.481	112.466	220467
J2k6oeSLcl5zVLrl	6XQwk5C1XzodDdo3eEN522	22.0	2018	0.537	0.911	8.0	0.0	0.652	118.667	304365
J6KorzpkWE56tlaj	2xUIK8A0TX0Xno5GnSy2PJ	52.0	2014	0.537	0.852	5.0	0.0	0.487	93.056	183787
J7ks4R4hI0gmCoQK	0fg3D6ZjhwL7JeDlvWLFbX	31.0	1977	0.552	0.606	6.0	0.0	0.962	123.907	255400
J7mWO4HVxxg1FPoB	7CHupJAHu78AZvookw788C	18.0	1984	0.392	0.917	8.0	1.0	0.684	140.218	132667
J7xJbLHBZUsI5FBo	3GNAmmzGcDEPdDxr3uWgex	12.0	2004	0.215	0.715	2.0	1.0	0.039	131.165	490600
JA1tWKcLysuUi2nl	70v5mCvyPRquTyU7qTIU81	47.0	2012	0.6659999999999999	0.7859999999999999	0.0	1.0	0.6	117.126	249907
JCKd93BKMRpu90P1	4tERsdVCLtLtrGdFBf9DGC	66.0	2017	0.715	0.742	0.0	1.0	0.322	106.971	230880
JCYADEbn7MkX75jk	0hjANar01OL1RWox3nYT7k	37.0	2013	0.588	0.077	9.0	1.0	0.208	89.48200000000001	242991
JCnJpN2RFUxKN0MS	1asmlT5RnwSChjmVUBGUAA	36.0	2012	0.455	0.602	4.0	0.0	0.2269999999999999	139.27	210987
JCoVLNWgRrFWoVo5	7xMBlV5OBTiHlUraGaHGqs	47.0	2018	0.8540000000000001	0.721	2.0	1.0	0.828	112.012	180807
JE3oW0laLeVRypni	1lSOywNsa0Rqg0fNGUUl2i	39.0	1993	0.467	0.884	6.0	1.0	0.542	108.052	220733
JFWPrDh8rnlAh8bG	2f04dRH0nfLi28GOMyx96M	35.0	2002	0.366	0.7440000000000001	11.0	1.0	0.371	123.783	213707
JIBOxdlkdZZ040qG	0K9oonvc2ZLyg2pXJ3vvpC	17.0	1972	0.521	0.815	7.0	1.0	0.736	111.111	153400
JIDFnCIilxuRyLOP	0HSqXHUdHUbDjWxYIClohv	47.0	2005	0.532	0.441	11.0	0.0	0.204	83.99799999999998	264200
JJ75FJUIJsUtFGII	63xacFFxlsNSEwVOfl7sYh	28.0	2016	0.573	0.4679999999999999	2.0	0.0	0.0915	134.974	273321
JKCmNj7TVqzqeZgL	2samei5JT3TYa5Ty7YM0a9	11.0	2001	0.366	0.5760000000000001	7.0	1.0	0.516	88.353	235107
JKxDOWvm2dwbxVGd	1h9GNQ3aCkQyMAaM40a5xU	36.0	1994	0.296	0.941	0.0	1.0	0.465	135.105	214533
JLuFzGN2uBDXgX8c	6IxhlGtqmnnCIZX7j0nJtt	38.0	2005	0.7290000000000001	0.598	5.0	0.0	0.474	125.971	214933
JN33kqbIFTxj59o6	07l6JFwSC4I9ZRVQBDfQY9	42.0	1970	0.8059999999999999	0.532	4.0	1.0	0.805	138.69899999999998	163173
JNI1K9oqtFVFv5Fz	5WZn6AJc3D8xM58UqPlco9	44.0	2012	0.596	0.8140000000000001	7.0	1.0	0.519	108.51	175333
JOXJtqBv7ptLmaK3	2DezzC1osZwVm3lxIRlrCe	52.0	2009	0.429	0.889	6.0	1.0	0.284	95.07	214787
JPOLE03VfYw9GZyc	4E2dSYVxXN0Bk6aihDrim3	35.0	2010	0.8420000000000001	0.882	2.0	1.0	0.374	123.068	214307
JRrgrwMPTMsaJviI	32CVurlBxtEYQlDm3yzCLl	46.0	1958	0.61	0.6990000000000001	0.0	1.0	0.8590000000000001	97.924	113480
JSFTvYmVLrNUrkzc	5PIkwFAZ5Vov3M6NFYNnAH	24.0	2002	0.698	0.417	7.0	1.0	0.617	119.936	197267
JSaX8fVllx7DBjp6	2sisaDiUQ3fbJa7Bw2PdLS	41.0	2016	0.365	0.965	1.0	1.0	0.103	150.861	291278
JTw1BY0bXyVllPs7	5nVmRT4K9M7Q91MzurFQ7p	22.0	2010	0.286	0.942	4.0	0.0	0.192	142.225	319347
JUWHRdg6KEa5VqqK	27BlBe04c9Vi7Qlcsk83Ol	33.0	2013	0.39	0.657	8.0	1.0	0.278	104.573	321352
JW5pCyikNCfC7Vhz	2B3jjwe3iaqJ7HCNQpoilC	18.0	2007	0.7190000000000001	0.7959999999999999	5.0	0.0	0.946	128.026	270707
JXaPIpmkuyTKfj4K	1iYIjy6WLj4tApH0UEgvp9	24.0	1986	0.696	0.6409999999999999	0.0	0.0	0.964	120.2	244827
JY8t7eR98mvg1sRm	2mcXljiOPZngF8bP0gUjyl	28.0	2013	0.309	0.7609999999999999	5.0	1.0	0.2019999999999999	100.027	264507
JZMBdjivuyaMVfUx	1Igy3egsujfV4WphlW0B7K	50.0	2002	0.415	0.961	2.0	1.0	0.2239999999999999	142.447	270867
JZqEL5gvS3LB87bk	1zmVaJqxFje0qN4CQxfThL	32.0	2014	0.785	0.351	6.0	1.0	0.172	96.989	238827
JcPYe64ekCPq4w2z	0z6SMC3gEs3lc8SNKHWlCP	23.0	2011	0.168	0.477	5.0	1.0	0.0476	175.59900000000005	281213
JcTVxXe2eNRCinki	19wyEOwk4PTvfhBxSoZ34a	29.0	1985	0.607	0.502	6.0	0.0	0.508	127.482	189413
JcuOAa2ToKyzlfF3	0ehVlmYvrZxHPe29r5dKYt	22.0	2005	0.3879999999999999	0.966	1.0	0.0	0.529	146.72299999999996	209200
JdtXJ4aJLn7Y9uhF	0rb6HvdvWJRkyhxsfFf1ep	19.0	1990	0.4589999999999999	0.8320000000000001	9.0	1.0	0.541	101.977	236373
JfyymS9vUpaSsdXY	6K2lAnetZihOmsPba4HWvh	21.0	2008	0.7120000000000001	0.732	1.0	1.0	0.7759999999999999	102.025	215560
Jgb6rHGPBGMa7Woq	0zRzEkNEBpYls87sEnbBWG	39.0	2017	0.422	0.963	5.0	0.0	0.214	132.114	403440
Jge28cnQXYabhHlF	2jsRuKafWAWF4scWKw3pUs	27.0	1994	0.263	0.983	7.0	0.0	0.126	120.239	272720
Jhppol79SR16qvAY	6YB6CK4Tsb0BgtxCEL9KlI	53.0	2005	0.855	0.674	7.0	1.0	0.578	95.991	242253
JjDd7iPCeks0Ze4B	7oArXBmMlLCtZdUkXWQZGs	52.0	2017	0.52	0.512	0.0	0.0	0.321	147.963	187907
JjoMNkhcO5Ejp1A1	0Ko2PABMXhDGFuBYOlvWcx	46.0	2017	0.56	0.64	11.0	0.0	0.252	96.992	342747
JkgsHdGZxqfv6c0L	5wq8wceQvaFlOZovDtfr0j	57.0	1999	0.474	0.905	4.0	0.0	0.322	93.02	233733
JnUzsams6T45Qku6	7o4uDen5v0nfTMBmg32XVp	28.0	2018	0.4970000000000001	0.691	1.0	0.0	0.163	90.545	277240
JngNLBEfE7O3Rpkc	21Qy6W9MnYdc3NfrTU47fM	28.0	2012	0.677	0.935	4.0	0.0	0.5589999999999999	115.003	182240
JrjFRJUJyXxxgEyg	14kYOiFVPb7E7NfFbqhdln	69.0	2018	0.708	0.4539999999999999	1.0	1.0	0.24	110.963	189507
Jt6Xlj3qdL1X1uCS	1c6Gl2V1HGYPprBmKJdiFj	36.0	2009	0.5670000000000001	0.665	11.0	0.0	0.598	97.815	211600
JtCSfXZ0vJJTj7QI	0YnKzmoRsc4Uc9ZrCJGFBE	38.0	2015	0.552	0.895	6.0	0.0	0.698	85.49600000000002	231520
Jtq6snveWJRMa0bE	0Nwar8rweBUyfyuoyjjUvk	64.0	2018	0.4039999999999999	0.564	11.0	0.0	0.371	93.631	170573
Ju30MPp5pmC98Rv7	5fuilHPCSViseXRrKMEFns	38.0	1990	0.252	0.743	3.0	1.0	0.126	142.986	343093
JvOSYYoGMARdZYdX	72MFfV6q4hG2DKEu5dWXBx	19.0	2006	0.201	0.276	7.0	1.0	0.218	169.315	118347
JxIk0fneRwJwmhmW	2m2FrjkQrHxEfFxHujRqVo	42.0	2009	0.361	0.873	1.0	1.0	0.282	155.895	229040
JyDL1Y8dhc6hIKnA	4bI4QDxDHTxIuXG34ni568	10.0	2016	0.473	0.667	5.0	1.0	0.374	84.171	250667
JyMlKHY9RjcJKjQh	4H560RqZEEhrgOquGqTCvs	47.0	2013	0.5820000000000001	0.6970000000000001	0.0	1.0	0.252	135.911	245733
JyPKhZCsW7gLqz42	5CSvM0jXneaFEQcXVd7o92	35.0	2012	0.7290000000000001	0.8390000000000001	11.0	0.0	0.54	129.933	227120
JyrH5vad1UBThKPd	0TtbdD068t7JBif88ruL83	37.0	2005	0.373	0.406	7.0	1.0	0.146	94.226	235826
JzlmKozfo1gqumlu	5b3RoMHaMDoyOSDnnTtba8	14.0	1989	0.471	0.51	9.0	1.0	0.6970000000000001	180.18400000000003	161693
Jzn4tZikE21nNUPl	7KZeMVtkrnTdX0MFOy4yqC	17.0	1988	0.397	0.974	8.0	0.0	0.389	121.208	316667
K1ePJmdRGMNB4SDY	7e61sMsW9ET6rMkhBaulQp	35.0	2005	0.474	0.639	4.0	0.0	0.326	80.006	227693
K2SdWHcMdhvWZZJg	3ikmI8WLZ5UbbgHc7CiAmD	19.0	2012	0.674	0.777	2.0	1.0	0.611	131.925	221283
K2gMISj7br577RSV	2G0nQvuwLLw5rm87IARhon	37.0	2011	0.52	0.8490000000000001	7.0	1.0	0.695	171.981	283973
K36TWMG2jZ5PSBoT	5o2eGfIZjsITz5W4BbCrPP	37.0	2011	0.291	0.941	4.0	1.0	0.118	139.99	303507
K4EwkQie0TJCizrr	3hecJL4Jb59CIOVhEvNrHT	29.0	2017	0.43	0.76	1.0	1.0	0.35	151.945	267880
K6RKLKDPO6CUwwAq	6eIvJeu7uw94ZiQ0JPcOAZ	17.0	1968	0.374	0.773	0.0	1.0	0.502	94.131	219893
K6dklMBW6pcuxBol	6zXirXTfzQsQLbWgEJc2OS	25.0	2017	0.428	0.216	1.0	0.0	0.19	120.889	252024
K7KI59z1bCESszKH	77sqGP0spxWzIvg9u5oRjX	20.0	2004	0.494	0.8590000000000001	2.0	1.0	0.275	104.819	151627
K7vyxC83lQfqZSPg	6Addv8fHU00jjDoWYGtSMa	23.0	1995	0.45	0.972	0.0	1.0	0.488	133.876	223800
KBWUmNfvhuPfZtzx	7A0Z3hgvGhPMeG48KMjDdC	39.0	1982	0.6759999999999999	0.624	4.0	1.0	0.679	128.31	232000
KBo2p07O2ZihkQck	2YKI5E7oHg1VOmrMiTzfl1	43.0	2017	0.529	0.728	5.0	1.0	0.593	108.056	66763
KCACCeRamDuSiRJJ	4KZjH06AsfhQtNwAgpBo6b	8.0	1978	0.3720000000000001	0.929	11.0	0.0	0.551	107.951	95583
KCU1zZZul3weEjsQ	34pCRFoabI7UAI0C6Y9GUh	32.0	1998	0.39	0.815	10.0	0.0	0.474	123.7	181040
KEHXZ0lSyQ3Pe9u7	6pFzkSbJLsfulYxJv7yh7b	40.0	2014	0.179	0.154	5.0	0.0	0.11	94.248	162320
KEoLoK6JfFaTfeFw	5IIb87UEQg3gKPjNSAYJBk	41.0	2008	0.408	0.95	5.0	0.0	0.585	171.937	188493
KFl1UaQWKchPyQyN	706yOGnWFkzW3XvMefTkCn	32.0	1976	0.42	0.936	9.0	0.0	0.8079999999999999	150.624	219320
KGlfh2mkoz8B9AIK	2TWn3hhAzgXDDKlLJcJYAn	29.0	2010	0.539	0.778	2.0	0.0	0.6509999999999999	151.03799999999995	223253
KHtJkaWozyCzsxvf	0JJD4lVL08Vwox6LhPRBSk	14.0	2011	0.5479999999999999	0.6459999999999999	4.0	1.0	0.409	130.504	199067
KJ9uHHRaK27UerQl	6jhvDPA1wPvyZgt4Sd0jV2	37.0	1970	0.5870000000000001	0.282	9.0	1.0	0.564	115.646	193667
KJHpb4iSjO4JCpID	3x639plCXGLyZoMcyR2IgJ	35.0	1977	0.246	0.979	9.0	0.0	0.168	103.039	186093
KJyVTXfwdjUGtj5m	4FnE5uIocHn46VkmItxtZH	30.0	2010	0.608	0.927	11.0	1.0	0.589	122.935	209453
KKmk2QJLVj2Aqsjg	4uTvPEr01pjTbZgl7jcKBD	76.0	2019	0.747	0.4579999999999999	6.0	1.0	0.47	75.029	182000
KLIcOqL2vJmI8UVV	3E7VTYxBDovFZIxUpobRur	42.0	2016	0.472	0.898	9.0	0.0	0.635	139.72799999999998	210373
KMMPB7AgaLFF9MkK	2iomtGUbMlzme8VKFNuXIB	31.0	2018	0.424	0.966	0.0	1.0	0.292	110.518	248760
KNkXfhAr88FaozHB	6col06dC7iossljlQQ1Xx2	33.0	2005	0.4629999999999999	0.852	4.0	1.0	0.67	169.87	207533
KNkk2UdyYeZTRMUB	6mtQ1W6H8bbMjBBapFKLdD	18.0	2018	0.292	0.924	0.0	1.0	0.178	126.842	303947
KOB0kXKBJWxappOD	1xbedvhPI40imakpR920NE	28.0	2010	0.635	0.563	1.0	0.0	0.363	127.188	223760
KQgUhsoki9Z4shww	4XEukWsNOOeINwMkf3iT0I	22.0	2015	0.6829999999999999	0.643	11.0	0.0	0.188	127.967	201840
KR5Buj1hgH9F0VuA	0n840cU65JTnindmfSIsv3	33.0	2012	0.416	0.974	2.0	1.0	0.1989999999999999	149.936	183480
KRY3z4w12Y1yUY7y	2rslQV48gNv3r9pPrQFPW1	48.0	1966	0.59	0.483	9.0	1.0	0.653	93.427	451133
KRfKxafMjhFbiYkE	2IfG4XVbuL7rbA20TsFPxv	13.0	2010	0.288	0.6559999999999999	0.0	0.0	0.125	171.824	210600
KSFqEF78UeE2v8za	1yUXbgFPwjU4etmzkesNQz	43.0	2013	0.6759999999999999	0.904	8.0	1.0	0.939	139.954	204947
KT1e1xNtYIivCVBP	0VNLvVaS0Njds7K6kD1iss	35.0	2015	0.679	0.517	9.0	0.0	0.402	124.926	243627
KW5NQ5oDNsWTSSu8	4In36toej4JkNAPn24Jk88	31.0	1975	0.545	0.8490000000000001	2.0	1.0	0.8390000000000001	142.012	205573
KW7FYxwQGGmhcZEQ	1jy9XX2RJJRvxsGrXJ5mnj	23.0	2005	0.4920000000000001	0.967	1.0	1.0	0.341	100.541	256733
KXbJRji5TObQUK8V	5FvapYqWK6TEuh4csYwQ9O	49.0	2011	0.6829999999999999	0.3329999999999999	7.0	0.0	0.3289999999999999	123.804	208636
KYXEpMIkih2KQoAa	0pOquN7oXgbcLMAYYypja6	36.0	2019	0.698	0.488	1.0	1.0	0.395	68.593	303693
KZXoKszUQA52wY0h	09up4LZcf0qLctrA9hJDyV	27.0	1995	0.216	0.336	11.0	0.0	0.0504	78.32600000000002	289480
KaTCF5M35YvkjjAI	4TAPeoq5f28AHeAEoeytWA	48.0	2018	0.601	0.954	9.0	0.0	0.484	126.059	233293
KbNqFabcrHueyTt2	4TOnziP6TsZ6dD7RzEVEqG	51.0	2012	0.527	0.524	0.0	1.0	0.407	92.936	240453
KbiCjEDMzzHYn6zF	44ETQCGE31ypmEc5ut3WMe	32.0	2001	0.631	0.682	6.0	1.0	0.871	102.055	264920
Kc2LpewwVWSoeEfk	3vcybGRC3eU6btnEWuFWII	47.0	1997	0.401	0.6859999999999999	1.0	1.0	0.395	91.456	299267
KcCbr0D0Ns3up2aY	2I1nii7UgtRh9zSvglybAJ	42.0	2017	0.495	0.264	5.0	1.0	0.322	81.74	45591
KcFV0wWs4MWaujLx	3YFRloQQjuodpSA7gcpEM6	34.0	2013	0.33	0.7759999999999999	0.0	1.0	0.391	157.951	202560
KceJ2PgwAcgezKE9	3DdXqYCieh73dfbT54suy9	26.0	2007	0.477	0.903	4.0	0.0	0.3289999999999999	101.001	301493
KdNVAUa7SJOUUSev	6ApFw0KmCRA0X0p2Vbqm0U	38.0	2012	0.321	0.926	0.0	1.0	0.287	110.199	281400
KdqBApQdbY75Jsgm	2L2Psy4iU4jrzqtGq1g2lI	28.0	2008	0.5920000000000001	0.933	1.0	1.0	0.7509999999999999	108.968	222347
KeKbzmQ8Nas7OUHo	1YwPNemawMgGe6sF4U0FTE	64.0	2008	0.809	0.883	8.0	1.0	0.918	124.096	266307
KgfevHF8TE4mpjU2	6p81A5fSrFYvYzdxveNDPo	5.0	2015	0.7090000000000001	0.6609999999999999	6.0	0.0	0.687	99.986	250800
Kgiu2ovOND7HCZBl	1KlC2yGobg0mBMAIJ3OrX2	47.0	2003	0.738	0.56	2.0	1.0	0.645	157.946	282293
KguTteL3tOdobHH3	6ifbPf9vldlIJwYKrBFktx	37.0	2005	0.4429999999999999	0.3670000000000001	3.0	1.0	0.469	149.888	180558
Kls900uPwg0Gla6G	3eWcDIr9PlQG07V4Rzx6us	30.0	2016	0.7909999999999999	0.652	4.0	1.0	0.866	110.968	226920
KnMItrBYhHFixzJT	2U2Z1IXnmJIvlknWizFykZ	66.0	2018	0.725	0.674	11.0	0.0	0.773	120.057	213693
KpWQdk5Egc2yCpDb	6GhCgeJo1rY8VWppJZta38	45.0	2011	0.6940000000000001	0.602	0.0	0.0	0.413	112.735	261467
Kpbzp06WpfKQWu5v	3wfFbD9xXgMsMDOPvFyJbi	28.0	2017	0.7929999999999999	0.8220000000000001	1.0	0.0	0.435	107.059	191258
KsuRJokxNoGSwPAR	7tJsTykoo4Jk5JguHTx9W7	47.0	1971	0.618	0.833	7.0	1.0	0.8959999999999999	100.29	163040
KtuBiBx6SGPo9PRO	6PtE41BwaPBOjjMc8mKcG4	51.0	2016	0.541	0.186	7.0	1.0	0.162	92.544	192000
KwA8khjFWlElYAMl	3L4hrj9OrnF0dK0Di4se6G	20.0	2019	0.569	0.938	9.0	0.0	0.93	139.945	197853
KwFJaPn6gwoNd3Q4	70oiO5ivU4Ke41WMuXI26J	20.0	2000	0.441	0.851	2.0	1.0	0.309	91.97	269200
KwZai1UJW5Nj0mRT	6DPrhGVJ1WTZvM9fKptnGe	53.0	1994	0.7020000000000001	0.8320000000000001	1.0	1.0	0.619	92.362	252600
KxVk0UdKxRQRyZ1V	0gB0Y54cWe2zaC2BtzaGDC	18.0	1987	0.539	0.873	0.0	1.0	0.337	137.121	222933
KxmnjxQO27BpFmNl	1aRlB4Ek1PIZZgTNITqH9B	25.0	2001	0.848	0.56	4.0	0.0	0.831	112.933	239680
KxryDZFfi0mkMMiM	3skn2lauGk7Dx6bVIt5DVj	70.0	2006	0.55	0.8740000000000001	4.0	1.0	0.318	121.61	240213
L2GriWeUOiBcGzdK	51UtgWS4z1eMPuLQOzPtNH	64.0	2004	0.659	0.727	4.0	0.0	0.748	166.16299999999995	211080
L2YZohnGiw7ERRnm	1WqkUxNmokP1zxOrl41Pwu	16.0	1996	0.213	0.95	1.0	1.0	0.305	99.853	223400
L3aYkhfpuDhIZYKf	5LcCtjR8QLtoNecXfEt38w	28.0	2001	0.4629999999999999	0.975	1.0	0.0	0.498	134.129	128615
L4wfsVXT1EcAn9FG	4sdU50FCGDF2CM2Lw9ocYd	20.0	2015	0.5710000000000001	0.292	9.0	1.0	0.521	127.855	242160
L5R0wueWU2bQ7yMw	1s7Y9dMvqpoE4UKtlgD60f	17.0	1997	0.345	0.4039999999999999	11.0	1.0	0.469	179.81799999999996	149640
L5bQ37pq3PcoVtDn	26sMc53X5ptxM2xgGBROzG	39.0	1970	0.4270000000000001	0.313	4.0	1.0	0.472	87.243	186893
L7fA9PDmAwO8bPV8	0A39JjUf9DmIBTNWgSekxC	15.0	2007	0.297	0.573	5.0	1.0	0.184	135.114	302027
L8Og27BahD91hNM6	3EdMkS9YsVyEFUGwVJBjZB	44.0	2018	0.5870000000000001	0.599	2.0	1.0	0.545	97.974	204587
LAmLuNffCmI3XzIl	6L9E5ONm7Mv8lraV53UR3X	44.0	2014	0.693	0.67	5.0	0.0	0.929	89.98	215907
LBqozPyw2pc2tlt3	25FJ3Wsiv3woan4iN0fzYd	43.0	2018	0.703	0.489	2.0	1.0	0.529	124.991	231672
LD4zt4OLZzv5ukRh	0tAub59hpIfAEDe1FBYgeA	29.0	2009	0.248	0.897	3.0	1.0	0.439	137.509	427800
LE0isUFIeLTqqstc	3WpUgy3upC44hIkUhV67SG	17.0	2018	0.285	0.949	7.0	1.0	0.5379999999999999	112.197	246227
LExFi0fEE33rufmE	6HB51jeBO80Zay6rHPcpiw	16.0	2012	0.474	0.906	11.0	1.0	0.696	141.993	190798
LFKYue8YlfYi1ILw	7sS2LvPVb21cuXBnzsili9	15.0	2006	0.634	0.978	11.0	0.0	0.82	132.0	186333
LFy7e4MyG6iK6wdd	2bxY1baYlyXNzmjOkFvqId	50.0	1987	0.68	0.967	4.0	1.0	0.895	115.748	219813
LIYDFOi2cYIjvNUW	5i04Jy87RLxoZszJqY3QAN	53.0	2009	0.4579999999999999	0.483	10.0	1.0	0.513	104.823	254747
LIYIBenQlQQnEjRA	2svNxzjcNhy1U9JhaxAaQa	35.0	1973	0.677	0.721	9.0	0.0	0.78	118.284	275747
LLTTsV7eslc7WiQW	4CQUVgzAKW76g3BsQ8KSBS	44.0	1995	0.657	0.7	10.0	0.0	0.619	181.55900000000003	270000
LN00sO8Hi5Vc1Za6	3BgXArfX6oCBP2n8rlOf6w	27.0	2015	0.622	0.904	1.0	1.0	0.664	120.014	224134
LQKd7z8masEt7dDg	7pwcuP6GXZoL77XiXBvzBd	36.0	2008	0.465	0.958	4.0	1.0	0.3779999999999999	150.035	228747
LRFl10UsyjtvI1MW	7EuYt3nnLOLKprkHdsOOX2	39.0	1986	0.423	0.8290000000000001	1.0	0.0	0.4	93.37	166560
LRHEy5htrDSiGPC9	0uvCOD3I7rr86UEQfXXijF	34.0	2017	0.6459999999999999	0.669	0.0	0.0	0.477	125.012	180480
LRYZmzvmweTDQcwq	7J87u2pUI0xBt8HVKNuJ8n	27.0	1987	0.618	0.0854	9.0	0.0	0.299	84.595	149000
LSn6nPPs4pRhvw2P	4oPO23wZFxtp1tbauOE3ys	27.0	2004	0.501	0.946	2.0	1.0	0.621	120.825	256013
LSwu6xc4b80n9vW2	68St7eauFGOLlzkFlIhh3j	42.0	2010	0.545	0.978	9.0	0.0	0.475	117.062	216760
LU9pfbzRxoXmlpQI	4iq4RFWmQc3zFgBgyrpahF	47.0	2017	0.416	0.779	2.0	1.0	0.296	161.89	236667
LUnFHqkwWRUsvMAV	5EoD2H4HEX3lQd0l7CsHA1	37.0	1978	0.7929999999999999	0.395	4.0	0.0	0.515	132.889	281600
LXs0gOfFuWSvVxZs	7vUuOdabDtkAGRbdZGshsZ	39.0	2003	0.499	0.743	9.0	0.0	0.35	124.804	328227
LYot4W32kHWKash7	3RykIiejIO6BEhxSSrXRhH	52.0	2018	0.909	0.52	2.0	1.0	0.5760000000000001	119.825	166850
LZI7G5GNQShBvuXT	0VVMKGxdqQCLvxSlY5gqFG	34.0	1987	0.417	0.924	9.0	1.0	0.215	145.769	351467
LablCR5pL7cshkQa	7jO0qPIBVGOmqxpCthE8H3	42.0	2015	0.375	0.408	7.0	1.0	0.165	126.712	249080
LalGH4emAyu0T5I0	5PHLGjygWeBK5IDWmfHA6l	12.0	1994	0.182	0.997	11.0	0.0	0.0344	152.649	117280
LanLfwsIn2x7KT9Q	1i3twMYreJAChtDJwWG9ZH	28.0	2012	0.512	0.877	8.0	0.0	0.841	79.87899999999998	282060
Lb1aD3FfXFY3wdOC	5A1Imlsca7JkasY0AQeJy7	9.0	1968	0.268	0.0978	2.0	0.0	0.145	170.706	304773
Lby46KOu627ZLS7c	2NvAdwDIQ71uXIWZkr6tIO	34.0	2012	0.542	0.855	5.0	0.0	0.585	136.035	246280
Lc2PRwM0FYxpjpIH	1avh9cngo4HAUMcOG7EaQU	33.0	2001	0.664	0.898	10.0	0.0	0.758	89.03	183867
LchsEmbJdb7FVwOv	1gxHhHXJuMbunLwk78COu3	25.0	2012	0.758	0.8320000000000001	7.0	1.0	0.747	123.979	236218
Le1UxKnFvvjs2MxS	6dJRP4pXk4SOzWfhfHL3Or	51.0	2013	0.7190000000000001	0.858	10.0	0.0	0.616	84.49700000000001	261387
Lfz6ZdxizZyKdGzS	1C13CY3BoB8imJBjV9E3jT	48.0	2017	0.965	0.7959999999999999	9.0	0.0	0.923	133.095	169665
Lggy2QpQLVLASQ9Q	7gL9g9WgPj5Wx5y1ikCN7O	30.0	2007	0.501	0.884	9.0	0.0	0.816	157.046	139747
Lh1piMazF4t3mnzh	4lB8DlkAdlHyjHpvSwv7az	33.0	2012	0.168	0.813	1.0	1.0	0.291	156.969	417720
Lhl1FOYwC8eYnsLB	74AsDKDpgSrUdl1C76Orde	29.0	2019	0.735	0.711	7.0	1.0	0.645	100.007	220839
LhooJo6vANQOLlsf	2vKI9DF9zTmNC5X7xRqTvh	27.0	2016	0.605	0.792	10.0	0.0	0.245	115.985	228093
LiDbDQQh8XYTHZ3m	0f9fgKnM0Cffl6pEakTXQt	19.0	1994	0.6	0.563	0.0	1.0	0.954	117.95	144813
LivaZ25x4zX2XEu7	3yA9KYA3RoDivzQzrZtDT7	22.0	2013	0.807	0.659	7.0	1.0	0.883	104.016	71400
Ljh4OQHktTus5vp8	0iUano4euaiUETVUd1u0cx	51.0	2005	0.47	0.969	6.0	1.0	0.593	144.012	192311
LjxTLm8D1RuzNiHm	00NkvHyGAGC2waBNmCaAdn	37.0	2009	0.612	0.8290000000000001	11.0	0.0	0.775	125.113	244560
Lkv2DgDPlkseob65	6zKF4293k44ItKWJJgrhXv	65.0	2006	0.1969999999999999	0.956	10.0	0.0	0.209	177.018	244773
Lm1lBPHIoKVQTx82	5zH710lFSLtkHbMkslLDjR	63.0	1975	0.4270000000000001	0.4589999999999999	9.0	0.0	0.3829999999999999	129.878	293440
LmBCtyuLCLKHvDTM	6AZyiAl6mr3Jcp6AlmiQwF	43.0	1977	0.623	0.764	4.0	1.0	0.894	119.717	145173
LmBeTTydgEYCXgUW	7hhclvecTpNxNNRCk7NUoc	61.0	2001	0.878	0.7240000000000001	10.0	0.0	0.904	121.906	295400
LoUB6rTVEQe54TTo	10wixwbRvWP2V2lgROHm7A	45.0	2018	0.462	0.935	0.0	1.0	0.46	92.234	221682
LorzapbK3XS7Ysoq	1n0kky8rXeLrPx1y0cPT2o	44.0	2016	0.376	0.894	5.0	0.0	0.0433	126.287	238020
Lp6lyY1gdZJl34kY	37GpMz6FklLIquHtJJgnIl	29.0	2007	0.502	0.573	0.0	0.0	0.461	108.818	200280
Lpo6nAOnVimwagQI	4CTgCROhytFCN0o8t4CYAO	53.0	2017	0.5870000000000001	0.879	2.0	1.0	0.395	108.905	203119
Lps2nY7wJhof8WRL	0UVIXwqfTjefBbDyY60MWB	49.0	1999	0.669	0.9	6.0	1.0	0.885	123.716	150773
Lpv9FoxdwHrKQGW4	0iudEeJHsDx7r393yBGF2e	29.0	2012	0.209	0.477	5.0	1.0	0.176	65.307	727373
LrDRE2DpoxfCXGZd	2pCDn4LcPXLIbvr5eNKy52	31.0	2008	0.68	0.581	1.0	1.0	0.263	152.017	214373
LrHDtYGETwyw1age	4xa9ACBoJs6R2w9eHfRMks	17.0	2009	0.299	0.848	7.0	1.0	0.5589999999999999	158.849	426000
LsMLJpXYv4cspLKZ	3P605bZBbZR1DfnSaugFqa	30.0	2014	0.6970000000000001	0.6940000000000001	4.0	0.0	0.7909999999999999	141.96200000000005	236801
LsyLoWoaqR5iVQJ9	2pzDYkhFFRbmfypcklAVKg	22.0	2001	0.309	0.993	7.0	1.0	0.0635	48.359	42080
Lu5T51xUcGPS7u0d	3JV17jq7Ou2X6jENvAyJ46	39.0	1999	0.6659999999999999	0.708	1.0	1.0	0.789	91.001	211240
LupdAWLBwgPcR5vH	0DkbxDoJC4U0jmGoEUQCYU	25.0	2016	0.609	0.387	0.0	1.0	0.039	99.947	263627
LuyxeVk8b2tEEmwk	0BKJNlqLlNvvIunfg2BPCg	60.0	2010	0.405	0.908	9.0	1.0	0.3429999999999999	165.009	224086
LvVNMJELpynmjiZR	5hTnhR4IPbmkXFRBuYMzfn	19.0	2011	0.446	0.128	10.0	1.0	0.0463	135.664	323667
LwENT6TTHg9ggSDR	6JFfOp1LTXnyDCTfHlOc9j	48.0	1985	0.6559999999999999	0.469	3.0	0.0	0.66	110.037	237560
Lwod8hlqEglIT2G5	28Qvi8MWw6CAiQ2BQUuRha	35.0	2016	0.302	0.893	1.0	0.0	0.389	153.861	235827
LxQu9ZgJ7CCIH8pF	17prKBKAEYNc8eVEqhsiMY	26.0	2016	0.456	0.259	6.0	0.0	0.1159999999999999	101.087	225113
Lyrnxwe2GGwcKebH	6dvXAhUtgROlE0eUMFyEyO	19.0	1995	0.527	0.87	7.0	1.0	0.355	128.095	194027
Lyw8lI9YQZEfsZXX	3xTOH7tS2WIuViDwVC1ohU	29.0	2017	0.26	0.7859999999999999	8.0	0.0	0.186	110.967	272066
LzP8Md1xFtzVE7ca	0lqHgjNrXmtFroWDqwV1iQ	39.0	2010	0.369	0.868	2.0	1.0	0.353	119.709	218800
M0CN01VSZnI9GiiY	3AGByugnI0dN0Di08NPh5n	42.0	2015	0.659	0.722	7.0	1.0	0.302	122.522	238000
M1F3yZqA5NuSioLG	575Sz3R4xOhueUstPObylF	59.0	2001	0.444	0.913	6.0	1.0	0.569	163.689	230067
M2XQTQtbTm6Cs4D2	1jHmXJGINKayBEAkAotz6n	10.0	1995	0.748	0.535	10.0	0.0	0.713	98.029	215373
M3kVpQTYD6TFXNL5	21zv5Hi0SQSvLyaKPiKreg	35.0	2011	0.406	0.758	8.0	1.0	0.149	90.926	288507
M4IrvSFYcTDYOZpu	5TXNLJ2EENAt3Tf9MX4kT2	47.0	2005	0.946	0.732	7.0	1.0	0.542	103.691	229360
M4WUwd7i57cfQvZW	1KJSyY61dglJHGEUV8CdMm	39.0	1988	0.495	0.618	7.0	1.0	0.272	85.64	236973
M8VrcoCQ4ScTps9k	5NlAO0LYyh89zsXK9pvoMS	36.0	2017	0.636	0.537	5.0	1.0	0.716	115.436	188114
M8xN0FNj9Rao1Q8o	0dfQwyoZoS9LgQiU6AJO7f	50.0	1998	0.8109999999999999	0.725	8.0	1.0	0.698	120.242	278627
MA4OogB7wWrehsXd	7fklxl8AxKiGz5fFZEglIm	51.0	2018	0.588	0.4970000000000001	2.0	1.0	0.238	99.071	257053
MAI0R67UwbKJhs1K	0b1L4GuHRY7jLzcMdek3fP	44.0	2012	0.594	0.879	9.0	0.0	0.799	80.994	213560
MBeRy8SFL6wOGR4i	3cdoGlh6I1xC3QSVgMifvd	23.0	2004	0.878	0.841	3.0	1.0	0.86	127.99	224000
MBvrRnbK5666FPvz	6xK8IduLzbk1IQ9ROQ96Sn	43.0	2006	0.627	0.685	11.0	0.0	0.507	143.98	291120
MCcsNxiRJZ7N6lJP	1KLTYEvz4FP2z0DlXUz364	38.0	2011	0.552	0.853	1.0	1.0	0.3779999999999999	129.988	274560
MDoKZebhoJX54OkZ	5J6VGJJhAkESVDo8YSYfRy	36.0	2014	0.3389999999999999	0.282	0.0	1.0	0.0906	97.393	245813
MDwilAKB1n0mPfox	4lTcqxjs7OWzg5pqC3UEM5	33.0	1970	0.488	0.18	0.0	1.0	0.246	110.231	271707
MEhMHjtrabP0UwbA	37F089DpeU2xFkuynlijXA	25.0	2001	0.473	0.46	8.0	1.0	0.1639999999999999	61.427	339093
MEsj7WJcYWtrrQRU	2bUin4VC1LNdF8Bjjxb8Uc	19.0	1993	0.221	0.597	4.0	1.0	0.589	83.853	270240
MFFOdbxytLhbmz8v	7AbVwIfc8icKAM6MSMO25Y	30.0	2004	0.472	0.456	5.0	1.0	0.12	127.851	230000
MFKCeIZl0bouCCO0	4DLVznHqwQ5R8nkLpTWa8y	43.0	2017	0.619	0.75	1.0	0.0	0.48	119.959	319937
MFk96PpHAyUilozX	4URyMVt4ZpmDQWd7D8rZ7k	37.0	2012	0.6729999999999999	0.885	9.0	0.0	0.8959999999999999	127.966	207587
MGHvRdc07ZkckSJ7	2rZwPoSaDPri3GN3ZqKsBZ	29.0	2017	0.5489999999999999	0.3279999999999999	11.0	0.0	0.1119999999999999	95.524	297240
MIlLY1EQIiEU9QCt	0MxXc2F46m0xTDHkbQpLs1	13.0	2014	0.645	0.871	2.0	1.0	0.823	121.904	159933
MJZPQMcz8hUTpJvK	1MhU5W9ipBM3350lggL5eV	8.0	2011	0.486	0.721	9.0	1.0	0.7190000000000001	92.652	91013
MKOSlKwu6Jqsw88c	45OFlmffEQJWlHu8Yf6Q1R	44.0	2017	0.507	0.949	2.0	1.0	0.423	133.963	217627
MKPDwvGPAXXXoEFg	6pmuu4qSz2WrtGkBjUfyuz	52.0	1990	0.61	0.8190000000000001	8.0	1.0	0.4539999999999999	100.057	198920
MLD39ZeAyX69FYvI	6zmGmMfP6FsHvKwEonQjFU	31.0	2012	0.925	0.653	8.0	1.0	0.8	122.955	106827
MLaFgawOBOoC2MiT	1IKzLByg2KGGUlvCDQKVJv	54.0	2018	0.652	0.79	1.0	1.0	0.616	145.99200000000005	201720
MPj1Ze9trbYM2aM5	38VakCUnfgl1XOEJELJg6L	22.0	1979	0.296	0.98	5.0	1.0	0.271	94.221	205080
MS7IxHjA2uSPdc8d	11E7cDW6NSZMfX7nGovOi9	9.0	2008	0.7040000000000001	0.133	11.0	1.0	0.569	55.202	130840
MSsSZSiFyLNxaZO4	46ZfPS5VpSQVU5gb82hg3K	64.0	2014	0.462	0.977	0.0	1.0	0.746	154.03799999999995	218867
MTNrLM78GLXftVhn	7DNIwkHlb9cCPnNI3oexg8	41.0	2018	0.495	0.966	5.0	1.0	0.286	110.021	254893
MTShQsdrSVjrlPFW	608a1wIsSd5KzMEqm1O7w3	64.0	2011	0.508	0.809	11.0	0.0	0.489	149.999	296147
MTWv5ooA00iAD8Ms	5L9CtWaLszc2IYwopagVaH	53.0	2018	0.753	0.7929999999999999	9.0	0.0	0.52	120.022	180147
MUUJf7GCnVn3yfed	4Gz79kVUfXjvdChYYl2vh4	31.0	1995	0.46	0.979	9.0	0.0	0.535	137.85299999999998	195707
MUVVvDQsGV3hkwuK	2DSaEJk9f8PI7HuxXbDnY9	23.0	2004	0.75	0.95	10.0	0.0	0.523	111.892	193867
MUbjB0CY3tKISJd3	65N9abRNej5yT3nuE2jEcE	49.0	2017	0.3389999999999999	0.1969999999999999	10.0	0.0	0.0385	91.33	266733
MVziJgfwpY0KpTgb	6DU1WKdUnR7OZkw7BZl9P0	36.0	2006	0.0811	0.6579999999999999	11.0	1.0	0.251	62.825	523333
MW1eByzYa8EwaSTY	1lAoyIBxXvsa0kRaYrYqLJ	29.0	2005	0.246	0.935	6.0	1.0	0.483	133.97	243773
MWxegM6kglfcSTh3	1dlBMzm6CqwQIUQ8PbT3NP	38.0	1983	0.484	0.947	11.0	1.0	0.5710000000000001	94.517	276373
MWxrOpFFpahCWPmC	6WGnIpVtdJuw5GP9KRwdmL	39.0	2018	0.775	0.693	0.0	1.0	0.813	123.01	209021
MYJvLAW6nHXSChmL	2l1DpqHmq2KXMIDWznslpf	30.0	2004	0.602	0.804	11.0	0.0	0.672	107.976	168653
Mb4xHfhEyxUOMHMu	0NIRG3SEn2Zf88o3qHJil5	46.0	1977	0.7070000000000001	0.906	7.0	1.0	0.97	112.837	315293
MgEcTbDUIfrmq7tw	2rkhftG79MhsNYpzavTZpY	16.0	1989	0.296	0.843	5.0	0.0	0.358	142.105	253133
MgzTU7UOXO8cJCw0	0UYBRoUpF2ufuuatuMYOQf	11.0	2019	0.266	0.6779999999999999	11.0	1.0	0.0376	106.398	666411
MieKha2DsF0JDGyI	5JwaKuFciGErKq01IHfC9u	45.0	2011	0.407	0.7979999999999999	10.0	0.0	0.289	131.815	234920
Mj0A7uXuK1Dx28dz	1fJL0EgvPrLIltnF0d3CbR	42.0	2018	0.4679999999999999	0.733	8.0	0.0	0.289	129.974	269244
Mkm7IeU8vw9ScgaK	5sylRQo9eX79MPeGvrKAKY	33.0	2000	0.727	0.716	9.0	1.0	0.8320000000000001	120.557	215707
MlvpO7BBsPRdGpMC	3TbKcmraxp8J4PvsJNRXhi	40.0	2009	0.5770000000000001	0.268	9.0	1.0	0.28	157.989	339707
MmuqV3Gg8xJYLkGF	5Md11uzTcHNXMWOJAz60Zd	28.0	2001	0.302	0.957	9.0	1.0	0.159	97.078	90533
MmzSHmggheIo5pyn	3ZWFiMUpMbSjG7Ya4GKlqu	39.0	2009	0.282	0.868	3.0	1.0	0.514	173.826	222053
MnXEEETePp5SMeKh	0shzerxxCfxlu2DuD2hccJ	17.0	2007	0.522	0.5579999999999999	3.0	1.0	0.275	142.889	228600
MpC5OHhc8H8gfjKH	57JvwdRmUxwt4zi2Kk4OLC	36.0	2009	0.26	0.917	1.0	1.0	0.131	94.578	427040
MrR1w4xfmh537lOW	3q8U4Q7zDxLPSsx8upRq1Z	53.0	2005	0.639	0.514	7.0	1.0	0.643	136.123	240533
MrybNrXk4F6kltbb	1IqYyJ37a3gUr0NC2vOD2b	55.0	2018	0.369	0.835	1.0	0.0	0.525	160.156	211500
Muso3TXcqwi73UBJ	368RLF0YBCX8FyB4RGkaVq	35.0	1994	0.415	0.966	9.0	1.0	0.309	95.433	146307
MvtG6DqVg1brcmi1	1bylrLcaJIGGq7WC3nMHQh	23.0	2009	0.457	0.797	9.0	0.0	0.416	145.961	259120
MwCQ1xELqNXCzouH	6SeFPYWv9lIlSWanyEDYf5	55.0	2018	0.446	0.927	2.0	0.0	0.2739999999999999	160.031	299016
MwxkIAMxuryo7O1K	50KO46MHsh9K67kdPTk7mX	24.0	1987	0.476	0.71	2.0	1.0	0.5920000000000001	101.671	204507
MxyIlGvbvQxTDKIL	61qJ4hUpEMshk1afsLmAEE	28.0	2016	0.612	0.161	7.0	1.0	0.0394	110.04	292566
MzFlDNw7zSvhZ7pM	3qaMNCQxUC3Xmm41ZOo1TF	23.0	2001	0.843	0.826	1.0	1.0	0.947	108.494	187973
N0P14bc3EGQSC4YP	7caJcFZTtLzy0ZSol1AXKH	34.0	2009	0.536	0.957	6.0	0.0	0.457	140.014	203520
N1LIEqoAukKHn3QN	54gobTrNsykhJzLP2hL1ju	23.0	1994	0.184	0.8590000000000001	9.0	0.0	0.0673	147.961	486480
N1QLEVutobFBMeEL	2Hj2yaVFXjzhQ2umr1FZCt	43.0	1995	0.6729999999999999	0.31	9.0	1.0	0.523	114.652	289693
N2Sh5gbuRRThze1L	4AjJL54lkJGiwOJQtldjIV	24.0	2015	0.36	0.908	4.0	0.0	0.158	144.035	296990
N4P4TcJX5c918pQi	2cD03wNP6eU8pwyRI2eXWA	34.0	2010	0.3329999999999999	0.8059999999999999	7.0	1.0	0.3429999999999999	152.121	319355
N6wa7wFwyFz7tA9i	3PAyW4dkGxnWJNWzKNVWf5	35.0	1978	0.319	0.407	2.0	0.0	0.347	80.883	207467
N7dvdLWUdIkKfmor	5qbBX0kpJ2G5JHEQDS00Y4	19.0	2014	0.602	0.7809999999999999	11.0	1.0	0.893	120.029	261237
N7fEr1Bgjr7Ezf3F	6Ssx7q2PcTkyUKmPajkls3	37.0	2005	0.8809999999999999	0.542	1.0	1.0	0.727	110.005	166173
N9T8x7U9sm3O7MVS	2pemRVQh3eLi4GdIIXffgb	27.0	2005	0.276	0.64	2.0	0.0	0.127	111.233	940320
N9toIfJZbSm9pllL	1I0qu4PsBjAHfJHy9wy5AA	42.0	1988	0.747	0.698	0.0	1.0	0.7879999999999999	122.11	215347
NADBD4nUI4LIrVjY	5htMGEZIlx4vI4k29Qe4Op	28.0	2009	0.563	0.873	9.0	0.0	0.6509999999999999	112.029	234907
NCJwIesCrhAlCtC7	1TAj8x0d58aU7BYnmYaVbS	15.0	1995	0.384	0.912	11.0	0.0	0.201	132.82	211533
NCONeOaMBitsyTJt	5HKcfvhCdIoZKzeQw2HgEe	40.0	2005	0.638	0.794	11.0	0.0	0.441	129.995	260947
NCOrhDx0qvY61onf	6RfvxXBEzXIpEj3mVgaeJ8	33.0	2008	0.583	0.5770000000000001	6.0	0.0	0.293	111.917	180853
NDc384MIf5w71tce	7u63zva845rv8tRFi9FG8a	47.0	2012	0.61	0.424	4.0	0.0	0.207	108.416	215933
NDroPROgWm3jBxjH	2XmNvmSgrRvSYy11lLsIM2	25.0	1993	0.5379999999999999	0.129	4.0	0.0	0.141	128.011	339160
NGLzqIO1fgzl80rR	2UzfHTlaqddnFOiPTLsxKm	37.0	2012	0.4579999999999999	0.952	11.0	1.0	0.563	159.901	148067
NHZ1lgPatZFR3VNO	5rj4SmUDAe43tGtBgNgZnu	21.0	1983	0.439	0.912	9.0	1.0	0.4370000000000001	109.645	245973
NHyTHDKv8Z8pjRc9	3bmL5rU99q7ZA75vqdzDRO	34.0	2009	0.544	0.95	0.0	1.0	0.179	122.031	230520
NKq8SSeLCMJVwZIa	6gRgweWPiX1ii33coNlTt8	42.0	2008	0.483	0.94	11.0	0.0	0.823	157.011	192080
NLksx5CAOmyGU2Di	3jITkO2u1H36DMiMAMJWHj	54.0	2018	0.484	0.928	1.0	1.0	0.44	135.934	245069
NMmWfFjBSDPaJnNS	7fzMLaxdvF0NFl6mjrn7ZF	23.0	1990	0.583	0.55	7.0	1.0	0.8170000000000001	97.817	136733
NMsfpro9ZfqciB3T	1auwDyZjMtDEWiG6n6jxju	34.0	2016	0.6559999999999999	0.655	11.0	0.0	0.127	127.919	274160
NNB2CFD4cHOS0dZp	2n5gVJ9fzeX2SSWlLQuyS9	66.0	2014	0.8740000000000001	0.706	1.0	1.0	0.895	89.96799999999998	216248
NPcSK26fKDd5mNNY	4PUMyBj2OUuTlQnp6C7XQP	28.0	2017	0.524	0.765	7.0	0.0	0.379	132.945	168969
NPsqSw5iEXrQwDl1	3aVkPdCHqik9bj3qOnbops	29.0	1987	0.3670000000000001	0.0243	6.0	1.0	0.266	131.843	123533
NTNVEBvtGPK2pCVh	2SnNaoNhMjC1WRMTWD8qTX	58.0	2015	0.416	0.258	0.0	1.0	0.532	116.599	134347
NTpsRutpNQqmHLiw	0OwvrdjaJOypNsNQHyBWE5	58.0	1969	0.508	0.823	8.0	0.0	0.638	94.533	177227
NTsVQsTWhtDPIrxw	2e6fLGJIJrEAbFx5q7566u	38.0	2015	0.5489999999999999	0.887	5.0	1.0	0.507	124.048	180187
NWDsqhKiTgeAi6QB	4LkGTBlO9qBMLU2YokqnIo	26.0	1998	0.25	0.732	4.0	1.0	0.182	186.413	571867
NXtUMqS9c89qN5xT	5BuFV1oy4Io5Gd5jBIJBwX	19.0	2007	0.347	0.926	0.0	1.0	0.337	176.528	190840
NZIwsBC6l5MxEbjD	54sEj5GIx2EW78nRDyC58R	49.0	2014	0.435	0.743	9.0	0.0	0.28	141.877	292507
NZXwXjER14ROLH9i	79pjkbvSEvXUPcnHipV2L7	13.0	2003	0.745	0.65	0.0	1.0	0.936	125.037	208333
NZZmA8Wiswwiu3tT	6SvpFmoAAehspS8RTmguFp	38.0	2000	0.585	0.395	7.0	1.0	0.209	118.12	190400
Nblp573S43B1TMzx	7JeXvzvmoeIpY4RVQTd0mC	33.0	1998	0.595	0.794	5.0	0.0	0.407	165.083	193227
NcFmEWcQR8532K1m	1nnhOD9S7wG8FPDMRzAgQX	29.0	1982	0.679	0.94	2.0	1.0	0.903	118.362	209267
NcJM6LYjo623WZNd	7DadGqxfyT2zMPz6N8LOC7	44.0	2014	0.4429999999999999	0.968	2.0	1.0	0.118	115.025	242587
NdPORJTvmWsxJtKF	0eyE0L7FbNrXaByFzMXT1C	37.0	2008	0.63	0.342	7.0	1.0	0.552	77.515	209587
NeGsGaC2AOzmRIVX	2IdBQT8bNRE6msRCU32LFX	16.0	2005	0.7559999999999999	0.802	10.0	1.0	0.773	123.974	186760
Nf7kGQ8vllPrMe7t	26GstlIVIN5ZmRt8jZO6QR	15.0	2000	0.374	0.885	7.0	1.0	0.608	131.92	164053
NfGm37JhJYDPodKm	0UnRCKkL5LCZbaTO0kHKMk	39.0	2016	0.584	0.7959999999999999	0.0	1.0	0.365	92.011	195227
NhyHKWYxG5JtWY69	79Aacm8MCWdT16GAGZwlnT	27.0	2006	0.311	0.7979999999999999	5.0	1.0	0.53	123.652	301707
NiEqUBa9MFKnisSC	2h335JGoBQOAprkXEiM8GA	13.0	1992	0.364	0.85	9.0	1.0	0.384	126.493	208707
NiudqcEKB1pIADsL	26uVP8g7Uijo0zuN22De3x	38.0	1971	0.387	0.5720000000000001	9.0	1.0	0.3989999999999999	121.796	502160
Nj4NhKfCGqGSH0Nl	5ya5NjAqxfHnuyweRUTotI	28.0	2015	0.163	0.904	0.0	1.0	0.33	81.725	639307
NjKqg7yIThKBrCi6	0NFYBiY95SUauRVdgf77PK	46.0	1984	0.325	0.921	11.0	0.0	0.747	197.655	164560
NkjB4fZ87anIiB5P	07tMRIRmq0oLKCbOdJO2eK	26.0	2011	0.3429999999999999	0.7979999999999999	6.0	0.0	0.317	142.97299999999996	271093
NkzTvNULIDEvr3Pc	1E3elyeDZawq8JlTEIrCvL	45.0	2015	0.482	0.921	5.0	0.0	0.431	161.13	224760
NmxwBNHkpiWdYydl	6QU3BVj4CranbZLqYSiKp7	24.0	2011	0.701	0.901	6.0	1.0	0.963	105.026	216467
No8luSxFWQj9cQi1	3xVtc7PB4V3AqAfq4Iahli	55.0	2000	0.887	0.597	11.0	0.0	0.843	90.021	309760
NoZw9vCsofY23L62	5gLdL7v1v2IFs8PBsYGMeD	22.0	1992	0.289	0.943	0.0	1.0	0.301	133.653	287840
NseTeg8DYBXDyOfn	2KwZpxCVZD0rYDavmA9CaF	28.0	2009	0.535	0.8590000000000001	5.0	0.0	0.413	136.972	226133
Nsl0iL0ZQWoyyE8X	1TanmIWbaUj5NVwJ3k4XPd	60.0	1999	0.7190000000000001	0.687	3.0	1.0	0.6809999999999999	123.878	219600
NtUYiyjoMcRwO24L	3d80rsSg3kbUggJNkAtika	13.0	2004	0.309	0.951	6.0	0.0	0.238	82.994	259640
NucjQEFY1a7K4xNx	3yRtCntPrFnfYgiqn1He2o	44.0	2018	0.807	0.414	4.0	0.0	0.3279999999999999	173.889	154600
NuqyJTYxThwAGWL5	4dFUnh2iSclaagRJIz1u1J	24.0	2017	0.3929999999999999	0.89	5.0	0.0	0.395	132.393	213791
NvJAxwG3gHTY26ZQ	3G6xjB96azqSKV3uU44Bmt	40.0	2005	0.542	0.272	2.0	1.0	0.203	125.465	293173
NvSWjeH3geJJhq35	0p5RGfSrZBT3ITi68Ouudv	11.0	2011	0.5660000000000001	0.805	11.0	0.0	0.728	138.019	253920
NxAAyq4j8drO6uBU	3U6b6K1bmGB7q2yEfXagYw	23.0	2009	0.488	0.335	11.0	1.0	0.294	115.149	226293
NxDuAw545ivgXqgP	7BNDyzwDboNRR2wmd7GSew	60.0	2013	0.67	0.8290000000000001	5.0	0.0	0.349	125.01	214206
NynHPW5MWtrjK1lY	6squXSZ3rl7tENdZiOuIEj	51.0	2016	0.555	0.414	1.0	0.0	0.6729999999999999	73.64	126920
Nz8IqtwvHEZzOH4F	0zliAIq64I0K68Jpy2uCga	36.0	2004	0.44	0.985	11.0	1.0	0.489	145.019	297173
Nz982Cs73ERZr7iP	0lGM8bkO1VHY5zbXLdjCCq	33.0	2006	0.792	0.415	6.0	0.0	0.857	155.998	203720
O11vtIuT7KUT5tJD	18K1q6Sc4qDrwIL2t21c0X	19.0	1984	0.59	0.605	4.0	0.0	0.503	80.009	171373
O2J3NBz6KjLajZcl	1uRvmjiSbjbENK4Dn6ZXRo	22.0	1979	0.447	0.569	9.0	1.0	0.3379999999999999	131.946	470360
O3t0HuKhhq9w1I2M	7nrXVQYRrAXzLS9Dno83ml	28.0	1970	0.4529999999999999	0.5579999999999999	0.0	1.0	0.358	79.34	239691
O6S9TEhbmuIr0Yf9	4LxX6vXLnrfamm2Suj6WNf	39.0	2002	0.379	0.924	0.0	1.0	0.395	169.09099999999995	230507
O6o96EiqqmkefOgG	4zX2bEgFHUIZV8rR3qsLor	45.0	2014	0.457	0.902	3.0	0.0	0.324	100.026	364080
O8CKL0jxzFTm5Qfk	4y4KGkGp6qoewYhQdcQfT3	29.0	1974	0.66	0.259	7.0	1.0	0.446	129.039	200840
OAt1S2yooIMQl1qN	0FfQF78FDkTSwKWQpfqUiR	32.0	2012	0.3379999999999999	0.302	2.0	1.0	0.113	121.182	236651
OBLAgOru7ZKJRaRl	6XddlINS6fSZYjtuXGcwXj	33.0	1981	0.574	0.675	2.0	1.0	0.794	126.654	298973
OBhjJ8FgJYVCu3kC	2sMmI1ZQKdPRZF92wHVis8	25.0	2002	0.382	0.929	0.0	0.0	0.342	77.509	215667
OBtjy5GGUTd9d5md	33XdEVFV3YFrKQ0y99t6Sf	37.0	2007	0.215	0.967	10.0	0.0	0.407	143.127	171160
OCM57tsHAvVxlaGM	5IPT4Noqvo7bsfbWUOHcG4	62.0	2018	0.5760000000000001	0.782	1.0	1.0	0.3670000000000001	87.971	223893
OD6sfVyohxUZAO36	4LE8fR53Pjd6xmHBUlxArg	51.0	2006	0.597	0.6779999999999999	2.0	1.0	0.659	160.07399999999996	282413
ODOgOOPDyKFuAs28	4Tkxvxb3cEV9uM4oXcWQ4s	29.0	1995	0.385	0.951	2.0	1.0	0.53	147.372	173627
OEFy0PHs9kzi6qmR	0d4Aqf2Bcus025XBVjF8lf	40.0	2015	0.433	0.8079999999999999	1.0	0.0	0.145	152.054	200566
OEGqSWOzOlSSdr0M	6G3afsR0udhKnAU0Tut25j	51.0	1987	0.682	0.5710000000000001	0.0	1.0	0.657	135.109	234467
OFoVgMUVJMN0nvlt	5PUzc3JjxWUY9Y4r2xalrO	38.0	2019	0.613	0.3779999999999999	3.0	0.0	0.34	140.009	180088
OIVkRwA7EgcS0tZp	2Bv3KubyRDc7w4J5rC2DL5	45.0	2000	0.416	0.376	6.0	1.0	0.1939999999999999	137.69899999999998	247707
OJi0vbkvOfaEB2my	2OqrpVoHNCTVxQWCo9r5NJ	29.0	2015	0.473	0.7120000000000001	5.0	0.0	0.157	160.083	328768
OJmB2wZme6Z87NCr	4QzFXz0zLYh1R7GU8PFNHa	25.0	1989	0.662	0.8540000000000001	7.0	0.0	0.52	127.737	273160
OKzYX6XYKG1SCpvR	49SpHaonnqks7taOwDfV6Z	45.0	2014	0.499	0.785	1.0	0.0	0.6759999999999999	102.736	184379
OLY5uYSJd8A0NZT8	0APt4t1Dab58sYmGQ4jgij	59.0	1971	0.784	0.4589999999999999	0.0	1.0	0.931	106.957	200147
ONysRKGk3jzj80x8	2Zo9es9luzoQHxL35qTPZj	23.0	2011	0.389	0.931	2.0	1.0	0.8590000000000001	174.984	145623
OOCHZysC0BbrMxuG	4StBMIFXJl9ObFMdeEQD6S	39.0	2010	0.305	0.763	6.0	1.0	0.55	146.685	200773
OOwq0fyhJQa1aWto	4vSQMvXvp6FGGN16t9cj1x	31.0	2001	0.512	0.816	6.0	1.0	0.473	91.04	193733
OPCFSxw3OLns6h6H	5A93W5YIoFLWP1TNc4oPvg	38.0	2017	0.309	0.936	2.0	0.0	0.111	130.241	939139
OPcYBWmz0EJ3q11K	541OLGN9Qfp5lizRnGk8fG	55.0	2019	0.7140000000000001	0.84	0.0	1.0	0.1939999999999999	125.955	187124
OQBDLRJLjdpkQL5P	586rOcAzOHkpJTA4POqO2c	42.0	2005	0.444	0.348	5.0	1.0	0.1889999999999999	139.781	304853
OQmp08zc6UHr5fdo	7gfGbXFSuYGLnXqN0XtB94	50.0	2016	0.732	0.75	8.0	1.0	0.7979999999999999	127.894	227373
OUXDXm9znPHGvJUG	7g0mX3nfKZwfYF1XvZFOpU	29.0	1971	0.515	0.386	4.0	0.0	0.262	87.54	213093
OWCMvdHOCiJbfEti	6rgxhVkvzaoq6xwohBlJD3	28.0	2015	0.515	0.595	2.0	1.0	0.3779999999999999	156.002	429493
OWDZdEIH3zJALwGu	20HCbY9qPpi1H2pP2MRUWy	45.0	2008	0.506	0.59	11.0	0.0	0.735	83.62700000000002	210453
OWSOLQoxnic46G9q	4N7e9ltiDKb19Swu2CWqMB	29.0	2003	0.54	0.526	6.0	1.0	0.467	171.92	226560
OX7daYO8JIIwvduD	7ihkvdMXVPA1Lro3zAxWm2	42.0	2016	0.358	0.915	11.0	1.0	0.118	170.00099999999995	237177
OYFgQeYhTRuJB55z	2Fi537SUXGqcVPTHQERcTb	26.0	2018	0.695	0.773	1.0	1.0	0.345	119.982	227173
OZFUWxluXFyHNZ59	1kLEkoyuj00EKdauNjKHts	36.0	2014	0.384	0.898	10.0	0.0	0.3289999999999999	139.673	203937
OZixZeyg8RG4R5BC	7qa2hVECKNhZwZbQbm0LBT	37.0	2009	0.775	0.6709999999999999	0.0	1.0	0.805	119.986	264827
OZyqPkVhX1XGYciF	4mYVqoiUGkcfZbaNkdnxYo	45.0	1987	0.722	0.6459999999999999	9.0	0.0	0.939	107.82	222173
Oa1B6rlfz79YatfP	2BagLPRSrq9j8ASiVd23bt	42.0	2006	0.563	0.5820000000000001	11.0	1.0	0.652	140.124	156547
OaMOYAZMmouzUfEn	4eGOBCZyjEQ6WckqOVz0ES	55.0	2009	0.5379999999999999	0.249	0.0	1.0	0.249	86.93799999999996	211080
Oar06jhnOEeM9ges	5C2yZ3tVzWyUzQyZarZHnR	26.0	2009	0.552	0.679	1.0	0.0	0.15	110.871	196853
ObVTrSr5FxGbmsl7	10N1whEmHK9TzAXCiIJfAc	27.0	1998	0.741	0.866	5.0	0.0	0.746	106.023	302173
OfaFRpwTuuRlBFRX	6c3S2wem7E9jyD69Tm3VfE	33.0	2015	0.439	0.77	4.0	0.0	0.29	170.09400000000005	209787
OhWRgLF4BsakSnXl	3Hl3TSGhhpSHfZcgi9CKpT	31.0	1979	0.669	0.513	4.0	1.0	0.6890000000000001	84.70299999999997	265480
OjH8M3HbmgxxFJn9	5qevYQkMyEKIHb1NgYSfeK	29.0	2016	0.239	0.486	2.0	1.0	0.1159999999999999	83.88	361453
OkDHewWGc3yuH4fa	6YMIcwXJ4FdQfmHIZBDWKq	10.0	2014	0.423	0.155	11.0	1.0	0.1169999999999999	84.91	210635
OkMyyoU8miAyCSac	6ifQd0SZ2LiMuCuYx0QYvk	26.0	2019	0.472	0.324	7.0	1.0	0.351	99.211	113869
OldgbF6bvtTEJOnC	3nGilshJB24dYDp9Bl8CR7	29.0	2003	0.255	0.934	9.0	1.0	0.241	185.183	216640
OlrEiKo1xcZpQHWz	3Q4mpD9y7v3Rro0aCuaAOf	32.0	2007	0.5489999999999999	0.952	7.0	1.0	0.59	131.003	236907
OnL2vyNc6akjB3kD	2F9JloTNvfkIvwXJP0bZUO	49.0	2009	0.395	0.928	1.0	0.0	0.649	195.862	185147
OnOUU0qiN0pXTDeJ	0qdQUeKVyevrbKhAo0ibxS	73.0	1970	0.5379999999999999	0.7040000000000001	1.0	0.0	0.583	120.963	281227
Oq1ZwVYfNIJFbmTx	4b8YMA83Adte9iIypPPGAX	23.0	2016	0.336	0.998	5.0	0.0	0.0853	97.949	319000
OqVFiTyVf5wR5FNq	3vhaMxyoEBA0WhBXWIP3b6	35.0	2007	0.621	0.487	6.0	1.0	0.38	82.602	207787
OqpojKypQYk8NKKN	0N08KoCLrMNg9liFPucWhU	21.0	1999	0.706	0.994	9.0	1.0	0.967	126.526	164760
OsBIQ1O5px4PrcH6	0lh3mRmPgeWQrLQ6X0QOTL	21.0	2012	0.425	0.774	2.0	1.0	0.209	126.084	304160
OtAKDTOfnqax8PbN	1IuXn0UGbV7rWMnxORxu6O	25.0	2001	0.412	0.99	1.0	1.0	0.324	103.038	87720
OtJd9tGjmvMCGLDC	4wtHbIS26FOtpjMkaQQ8Zk	46.0	1997	0.452	0.684	9.0	1.0	0.297	178.05200000000005	270160
OuqvqcBNCj9nk5uE	1bOU4Dk4iw4N2XXP3JRm0P	21.0	2011	0.293	0.752	0.0	0.0	0.217	94.246	292573
Ow2JSzIFP0OSj3RK	6zQq3TrWnilO8SR1fgvTeD	57.0	2015	0.605	0.8490000000000001	11.0	1.0	0.599	89.993	247283
Ow63moHv90ZZBs9Y	2dThEJP9S344qzNhePcSzj	49.0	1988	0.7120000000000001	0.27	9.0	1.0	0.7559999999999999	75.645	238867
OwRx3TAJLm4dPu4U	7oAwy1WGeju5TT9fIRXwAT	38.0	2014	0.621	0.924	1.0	0.0	0.643	148.017	186663
Ox9RbAMdARpA4qBK	0wJfyGqsSqnCmS6BJBwNjB	7.0	2017	0.301	0.976	10.0	1.0	0.412	81.854	80493
OzJxZkIY1Hsgb6sY	6c1hKkBNxNOL7Nv8kINyas	34.0	2015	0.171	0.995	2.0	0.0	0.119	105.272	273056
P0akl7avLWycsbUp	2qECpTF1Sr9CpDVM2JFs8k	23.0	2012	0.4639999999999999	0.902	0.0	1.0	0.249	169.27700000000004	218653
P0j8xvzbnhtewrNY	1iD4k9S6OXgF2a7ETP0dkC	33.0	1987	0.4429999999999999	0.917	0.0	0.0	0.5	121.427	265120
P4gkAfKPZ5oIOAtf	6Dno7FrbG6vnTm9KfjFwf6	55.0	2018	0.435	0.473	10.0	1.0	0.327	123.519	231774
P6Z9ptCOYl5cteZe	1f2nakA5EJBLo7FeCJle7n	19.0	2013	0.173	0.993	9.0	1.0	0.076	152.14	289427
P7wTsn98b4kSlz2G	2Z9zrBZKB1pacXtqdnYtEP	34.0	2005	0.552	0.409	10.0	1.0	0.529	157.906	344013
P83tbIBgWCSH2i8b	0Sox7tv3MK5h6AkFLUPHtY	52.0	2016	0.753	0.39	6.0	0.0	0.374	136.747	248387
P8ocVhSIrHZczAww	6F2vo4sxRNQ58VYe3pdiaL	49.0	2006	0.7240000000000001	0.7040000000000001	11.0	0.0	0.96	107.486	299373
P8qxHDSBDJzT6NwC	1t4pPnbkOjzoA5RvsDjvUU	67.0	2018	0.8109999999999999	0.57	5.0	1.0	0.8140000000000001	128.066	251250
P8ubmUyDn2dizvls	0BCZ70H45ADTjY0VmhcMwk	35.0	2001	0.657	0.6679999999999999	0.0	1.0	0.7090000000000001	84.995	237040
PArJx6kFxdzSRr5y	6vxVuPwM2LgWMMn4CBPRt1	43.0	2006	0.556	0.986	5.0	1.0	0.288	97.107	122213
PBFAxExx5KTjrNWE	4MRH2CbR51OBzilnGoKmPN	38.0	2019	0.797	0.457	1.0	1.0	0.637	132.028	172695
PCXdhzXDdpUdj2xj	6ChnuEqMo8TvwBlXjmnaTZ	27.0	2003	0.327	0.8540000000000001	4.0	0.0	0.302	117.898	281973
PDHgXypfJrtDDRqw	1K0urJwRWgKsdufGEdkXP7	49.0	2016	0.535	0.823	1.0	1.0	0.32	114.942	317228
PEAU81Ypg6l4kK3s	0IXm1wt0O5xGZkbqePvghW	35.0	2016	0.512	0.947	1.0	1.0	0.355	124.072	260827
PEFaEAWlOfoqxM3u	1RMRkCn07y2xtBip9DzwmC	60.0	2012	0.594	0.841	1.0	1.0	0.643	129.925	227973
PFrmb66Q7L9VGRbL	5XKg7aK8ssbNzwY6cu6WVf	28.0	1976	0.255	0.313	4.0	0.0	0.0688	175.43	455520
PHZt97kHsvRKsdMC	1QJJtsmh49Hrh07oTGxnZX	27.0	2005	0.6659999999999999	0.53	5.0	0.0	0.142	145.442	296027
PIBoyu8yCp86gk15	3lHudHuzdBXdV50PoAf230	24.0	2014	0.596	0.833	0.0	1.0	0.608	129.988	235094
PKLqZNDO4sU37S7s	15zarGPJkaG3btC3Co7Luo	28.0	2012	0.6829999999999999	0.622	4.0	0.0	0.795	94.999	238533
PLKGnDwxZF2tbaIB	3C6ypQamFvL1KWKnsHMNvt	24.0	2013	0.2769999999999999	0.964	0.0	1.0	0.2319999999999999	154.873	255733
PM9Y9kiWtGvUBOaq	4LX1euU2uR302sEED92BAg	16.0	2007	0.445	0.124	11.0	1.0	0.318	128.084	222960
PMYqcZBzklxtziH3	1YNmI8U6y6DTw56oOITpiS	32.0	2008	0.163	0.95	10.0	1.0	0.253	173.827	196427
PO8RoyDR0xb8cb62	0QmqrpDCYY8CbZsBDIcPp9	42.0	2015	0.763	0.5589999999999999	9.0	0.0	0.94	105.021	189787
POdgTSLBnoFJaj2x	2UWdUez9MB9yzL7Y81Mcip	64.0	2010	0.616	0.682	6.0	0.0	0.528	117.78	315200
PPWiMqFPJTLpFIaX	5r4qJlanw6v5p47X8HiErs	12.0	2006	0.178	0.71	7.0	1.0	0.304	119.266	405227
PRwCvIvp9UQ7CoAh	3DD1IRAw4NQzNe0EuGz0f1	19.0	1999	0.251	0.3429999999999999	11.0	1.0	0.166	71.42	248840
PTGYJIzCqTg26oEl	30ixK9SJmGcMcSAP4Ksf8G	40.0	2016	0.49	0.972	10.0	0.0	0.376	95.012	238491
PTg1DOEaMmVgmnjB	2XzLxqhgczRscb5VVxvTrY	24.0	2012	0.677	0.86	1.0	1.0	0.809	121.989	271480
PTjAgaULILFpDWCm	4UzVcXufOhGUwF56HT7b8M	70.0	2003	0.186	0.29	9.0	1.0	0.0776	68.992	262533
PUESKNzHR3gY8HsQ	3sA7HKGzcKTVscdiTCrWpX	69.0	2018	0.851	0.6659999999999999	11.0	0.0	0.0585	134.06799999999998	129105
PUgJoPM0buYPTKbg	3sesyxJx6CyP0Qt4lhfjAK	21.0	2013	0.546	0.959	7.0	1.0	0.321	102.996	403947
PV5EXN6AIVBqvsLO	1eJeS2lssioWFGcgWSQKVh	29.0	2018	0.311	0.974	4.0	0.0	0.336	196.047	490660
PWS8XcQ49VSJyvYq	18nOrpJicn62FT1GMrTrX9	31.0	2002	0.5	0.8009999999999999	5.0	1.0	0.364	124.01	232960
PXq9tkRNWWSvef5b	5UPnBgnylUCjtAPtAH4tJY	49.0	2010	0.615	0.386	6.0	1.0	0.442	120.032	249479
PXwbTWJDr5Ek5Cr0	5mp2gqf8tLqLYwrCwh5r9C	29.0	1974	0.341	0.568	5.0	1.0	0.425	130.798	354493
PZ5hPyNGGjcUNwK5	4r5VaK6H1bq0cTGPMTN97Z	45.0	1989	0.711	0.975	6.0	0.0	0.645	115.19	252333
PbZnvWvDCLFAxAXm	2Zk7vU7yq9mh01qmvVaYjP	25.0	2006	0.616	0.305	9.0	1.0	0.484	103.131	198467
PdNevARe2vLJPWta	5gSed1Fd3tdse60Gc0Uuoe	57.0	2017	0.732	0.974	1.0	1.0	0.7170000000000001	137.905	156961
PdcTvt7fWomuG5NV	1A4T3cm5mteRN0nz4AiY7P	39.0	2013	0.445	0.8859999999999999	6.0	0.0	0.5579999999999999	164.842	240613
Pdq1UFnK2ArzgsTu	1zMXCwfwiIGPZA4kq7ideV	38.0	1981	0.5379999999999999	0.923	0.0	1.0	0.444	124.445	274867
PdscwwhwMtGGjg86	1AN3Ljpu2jB6fgtWAyU3oW	51.0	2018	0.5539999999999999	0.6579999999999999	11.0	1.0	0.407	135.976	246973
Pe6BTnWIlzmTK3zb	7lWLvscIJY2VMXsFVxNd3d	27.0	2016	0.351	0.7020000000000001	5.0	1.0	0.266	128.17700000000002	215067
PeYOFiL5ZM6VL9W3	1RPU4PqQM4pxL4iCK03iM9	37.0	2005	0.38	0.966	6.0	0.0	0.368	154.009	223739
Pfa1Ngj0jUWnMaTl	6ufrOaf4v6Qady6GiIpQ0s	66.0	2018	0.475	0.752	11.0	0.0	0.515	154.957	223467
PhBMPr4TKI199CB0	35MDyhjpeXj24xtl7geW5p	37.0	2000	0.248	0.575	10.0	1.0	0.273	175.005	280733
Phwt5IGY09B0630Q	4o9aWoai9UFblJYSiVmYuf	45.0	2018	0.331	0.32	5.0	1.0	0.25	89.906	194733
PlOv9yQNzfuUdZP0	5CYXQ9WzVTUbyOYiSKwRFG	39.0	2017	0.703	0.5670000000000001	5.0	0.0	0.247	134.004	229413
Pm981eEqKtW3Fo6a	2VESf4DiwSf8nne5kMVTpa	17.0	1969	0.421	0.5770000000000001	2.0	1.0	0.562	106.622	272173
PnHfIYJLZuzqmwRm	3PNFUK3lkxcczImO87wojG	25.0	2011	0.494	0.958	8.0	1.0	0.8590000000000001	159.963	204347
Po0D8LDorKfhodAP	6mJQe0vTIojlxwyMwwy6YR	49.0	1983	0.486	0.83	3.0	1.0	0.652	151.869	188533
PoTQ9felmQHjpYDi	5zpDHEU12zATwLGvozxPw2	64.0	2011	0.6509999999999999	0.6709999999999999	0.0	1.0	0.161	90.135	303813
PoyqdIqwWSc3EKMp	3ojBGxHAH27JDsLK6Q6nLD	39.0	2001	0.4479999999999999	0.909	4.0	0.0	0.255	97.177	190320
Pp2vSZXua1PjqhBo	4gZDCOFuLCxCRWNhSEcOtJ	64.0	2018	0.655	0.6679999999999999	0.0	1.0	0.867	93.003	202627
PqjX8Jm9lA7ogAe4	6l82XaHZyodfRvNo85Pdqr	50.0	2019	0.493	0.159	0.0	1.0	0.38	116.074	219960
PtyyI63REyhuqMxR	6bvg95U7d69pYKPwDEyGC3	31.0	2007	0.691	0.912	10.0	0.0	0.68	126.977	223867
PuSXJxPORmgseu7w	6wUu6qPgDJDQhX9rF19p7e	12.0	2007	0.178	0.98	3.0	0.0	0.0814	98.19	308893
PvyKzuD8i6m1qztk	1Kg2SxJ45bv8Wuf3oDq83Z	27.0	2011	0.512	0.034	6.0	0.0	0.273	74.709	176453
PwdeptVsr9z1iMsi	6hXxzVTPiADBIe30wU57Bb	44.0	2017	0.5760000000000001	0.574	7.0	0.0	0.627	84.755	196759
PzjMLoz4uryikjBF	1gEK5unpcVyBc90uJRBtY6	49.0	2016	0.6829999999999999	0.5539999999999999	7.0	0.0	0.359	123.895	161853
Q0FuvjirjmMi2Xy4	6gvjoGJ5ENrstW6K9p8Tl5	32.0	2013	0.44	0.8	7.0	1.0	0.203	143.942	460653
Q1F9BBOUb1VJLxUp	6gJmEEJOvfiVUmMOGxkGtu	31.0	1990	0.512	0.835	1.0	1.0	0.375	121.51	291573
Q52cznadxHBxLBkm	0kbUZ1HXc7H9GU8bTRMqQu	11.0	2015	0.171	0.3389999999999999	4.0	0.0	0.13	180.788	298907
Q7WcI2AdYoFRpel8	4fXTShsqtEP8Vf1Kc80Wec	24.0	2018	0.385	0.593	11.0	0.0	0.33	160.011	337280
Q7bIAmy6Sja1xulS	4vIbHmmFD3vNIcpBSPV3NJ	17.0	1967	0.526	0.732	3.0	1.0	0.8759999999999999	82.146	154827
Q8Ga4JwYMV6Pjjlj	7nt9P1amEw1ZIqaIZK63qS	4.0	2011	0.252	0.302	0.0	1.0	0.0863	113.181	253920
Q8Rc9YWCpYnVtPIa	3DpGkTydxKfJ8vcWobZ7yi	26.0	2006	0.63	0.24	5.0	1.0	0.424	133.763	121467
Q9flfhGyPAuZPNEh	3oArevzg2Zu4skD56ffKCJ	18.0	2010	0.21	0.938	7.0	0.0	0.1169999999999999	145.558	745040
Q9ji3TxEcglfaJXB	48CfYCJAygVUPrgufT4fs6	35.0	2012	0.498	0.991	6.0	0.0	0.376	100.034	244867
Q9pxEjJEO7VFTddy	3vVkxjrTP4SM1Ogq68LoXW	60.0	2018	0.523	0.888	9.0	0.0	0.213	160.013	167700
Q9w1OPbVjf7rnvBP	1OmfNnKAYJ0tPZ5ngfC1ai	28.0	1984	0.471	0.713	11.0	0.0	0.225	106.595	224400
QBGxad2tXIjeAZmP	42n0DBWV20YYrZsYPg5lId	0.0	2010	0.485	0.752	2.0	1.0	0.591	151.93	156056
QC0MFa1Jqct6Colr	1UfCIFhRr8Bci9LUJ68dvp	45.0	2006	0.266	0.949	8.0	1.0	0.39	140.145	217960
QC9UFsMqJkF0LuDl	7Dwy42azB27P0mHSwEYPO0	28.0	2006	0.37	0.301	0.0	1.0	0.51	149.265	197893
QCXRQ9ClIIsHnqQH	1oP9MTgQc5qHhamMCt4sky	30.0	2003	0.575	0.855	0.0	1.0	0.6709999999999999	146.284	205067
QD7BTwWhwBlwd2Jp	294BfoD9CPpQ57lxKAalOx	28.0	1995	0.434	0.846	0.0	1.0	0.475	155.882	179840
QDT141UGc4UtyUXC	5cReuMm3X3iqU7xdsjczsE	26.0	2002	0.255	0.946	2.0	1.0	0.158	84.65799999999999	277640
QDdCkF3Nj4C9O7P0	7JJ22vCP45tMhZnAH4Sp1e	45.0	2012	0.442	0.939	1.0	1.0	0.479	100.561	367280
QE4tT6NKyJCEuJtK	57IEwDDEj8q9UQKc0MNR2x	49.0	1991	0.498	0.901	6.0	0.0	0.5720000000000001	96.916	258267
QGPi0zA5k95CXswl	2zavoMfVVPJMikH57fd8yK	45.0	2005	0.259	0.6509999999999999	10.0	1.0	0.6559999999999999	134.972	67133
QGUHfFcgQc9SqkCN	5WElL3I3ukIPCP2pXjH2r5	32.0	2011	0.3289999999999999	0.921	6.0	1.0	0.455	149.54399999999995	208120
QGayyDZVQuukBP4I	3Px0khdn0fzottFJ9kwM9U	34.0	1997	0.545	0.98	9.0	1.0	0.877	116.535	123560
QGdgQboTXeD8gPcZ	11NyergG7yqRkpMXbrebft	22.0	2011	0.465	0.931	2.0	1.0	0.416	129.958	212520
QH7tv1qz2s78YuRw	6UDpC6jElm03iqYbeUtuDo	8.0	1975	0.258	0.917	9.0	1.0	0.708	188.639	131133
QHU0SLyrhmoV6cvX	1qCxssDSQ46tzg51PQlVaq	20.0	2005	0.8440000000000001	0.316	9.0	0.0	0.785	125.521	333493
QJDzK9L87BR5dLet	4FBxcnOJojD1G1uDV5IGK8	25.0	2000	0.515	0.621	10.0	0.0	0.341	98.921	228040
QLJMqaAtbCXJKK4U	2zoa8qLUUwzptrzjhMWxuZ	21.0	1985	0.491	0.733	0.0	0.0	0.33	103.598	135373
QLrf6bNhbdCGxry7	4UW7SwfzGgnZrIXb3H5rCC	42.0	2011	0.33	0.959	1.0	1.0	0.444	134.733	223348
QMNzlYdOjMr7umlL	2OsEJFTfzfjG4oC92cuP2c	57.0	2013	0.722	0.821	1.0	0.0	0.721	127.944	210293
QN4fiXmpb5xvtBpU	3DIGha5S4Y2dkSwhVCaQk2	15.0	2009	0.253	0.777	6.0	1.0	0.2319999999999999	139.546	642653
QPMhzQ8aZ3toSHUS	5SvJWjPUiJcXqtXm8BmM5z	46.0	1997	0.387	0.958	0.0	1.0	0.778	180.055	177373
QPUaa2orGuoeXzwk	0eTHlx53lUn95HVsJtR6Qx	53.0	1973	0.5660000000000001	0.669	9.0	1.0	0.92	149.702	239107
QQ48tJRRnT53Qx6c	6YtLmg1dwTo49xt6DODONr	38.0	2001	0.537	0.921	10.0	1.0	0.769	105.553	200440
QQ62LSramfwmN04m	1bBMq6tpwkf0y13IX0HePX	22.0	2002	0.89	0.947	0.0	1.0	0.901	114.145	230693
QRDkzojypcloX8Sj	5euDb8KdOconOarPzW9pZm	18.0	2008	0.469	0.984	10.0	0.0	0.6459999999999999	167.96099999999996	174600
QRGCFUepeaetTQdb	4XxnQHL1TBW6qitkNeEFL7	21.0	2007	0.376	0.8590000000000001	3.0	0.0	0.2789999999999999	106.75	232787
QT8HWNkZT6Xr0Kjo	598m79JEjWwQkh4eCdV8Nx	40.0	2018	0.65	0.93	6.0	1.0	0.685	115.02	189017
QThGgPlStyNdFv9l	1xDYdcZliVU2UA225POWpw	39.0	2013	0.551	0.933	7.0	1.0	0.408	130.996	310695
QTruQtAjMs3xsDzO	4CHDLQA19PRKRCtpBIzASe	40.0	2015	0.293	0.792	7.0	1.0	0.6970000000000001	161.933	202160
QUcZsJvxjp5NkHSx	7hzfrKYkRfPUIiagwhBtZS	40.0	2001	0.5920000000000001	0.738	8.0	1.0	0.754	116.019	222973
QUzttKRVMeCkMpfU	3mzV0WDATjcpzcTNK2TLJw	49.0	2009	0.416	0.98	4.0	1.0	0.612	195.972	209427
QVvArukhNNjMFC7H	6g48vpikqU2atsrDXdGzKo	48.0	1994	0.544	0.917	5.0	1.0	0.642	140.639	212693
QWX0h5QrO8RYoPIr	1Gm988SShMEYblFucUlntX	31.0	2016	0.425	0.897	1.0	1.0	0.34	175.03900000000004	244698
QWnjpT7IFHbkX89O	7LcqhoHYwrCN0PydCtAjqI	42.0	2012	0.721	0.675	7.0	1.0	0.247	86.99700000000001	221227
QWvTOCsSPgZlMblt	03l1Oxum2Hof8RfIeJJJCW	27.0	2017	0.703	0.754	10.0	1.0	0.354	159.921	197200
QXOSFm1WthgD1xwJ	5K7AMlpc4796JRWXb26nCV	67.0	1997	0.371	0.609	11.0	1.0	0.426	136.526	266533
QZQ0WDuM3qn2npyU	3STjN5FAkJiljtZzrSeE0I	46.0	2005	0.485	0.192	7.0	1.0	0.181	116.692	242627
Qbp2iu4w8tSEAlus	2QrMFdLklqg2wfur5xMyFk	40.0	2012	0.455	0.973	3.0	1.0	0.292	136.02700000000002	234707
Qbus1NSW0A9vhkuM	7134qHWCKX9a9KAGpIqAMa	33.0	2007	0.349	0.659	0.0	1.0	0.687	142.21	243680
QdOaCdAV1jSP1ofh	2rbDhOo9Fh61Bbu23T2qCk	79.0	2018	0.5529999999999999	0.502	0.0	1.0	0.296	129.976	210200
Qeq6wpAJPSXhjqUY	4sHQXsxvIkTiozx2BD59fa	19.0	1991	0.5329999999999999	0.725	1.0	0.0	0.451	115.147	245440
QfDUr1mXBLu5qukX	6dzCL61cL7P176Ygvp1hek	27.0	1999	0.4479999999999999	0.607	6.0	1.0	0.28	174.03900000000004	347400
QgCSYJwimIpcmd75	1xK4jVxfQ7CYZ5GzJR4XFE	21.0	2007	0.774	0.5670000000000001	6.0	0.0	0.526	98.001	255933
Qh5XjFCInkeOAYzu	1TAU8ZSZc3nu4JhaPadyfS	27.0	1995	0.5920000000000001	0.5489999999999999	9.0	1.0	0.624	137.981	190507
QhAAd1JDJkwkXoT8	6d4TbmVv0dBChWG57pTgZK	22.0	2004	0.611	0.915	5.0	1.0	0.617	128.129	179720
QifBGvnSykodyhzv	2CfYBDMvXBKxIqBOUjAvfU	53.0	1993	0.6679999999999999	0.7440000000000001	9.0	0.0	0.931	104.665	223160
QivFcHFI1f7cKPhB	1DIg9155AY65dpR5Lf5Vg4	46.0	2015	0.389	0.758	0.0	1.0	0.318	154.91899999999995	218933
QjbYhOb1SMuQHJIE	4wfLPdmcaRGxkUP35RH7r4	31.0	2002	0.2289999999999999	0.875	9.0	1.0	0.291	172.334	351000
QjqXSgGVWStv5jg8	0BVaeKodms6MvEvxDQyyK6	20.0	2016	0.412	0.871	5.0	1.0	0.2739999999999999	141.023	276693
QkMsyKMDsyDDCXX2	3NRiJ7XFMALvrXXB1oRBFO	33.0	1976	0.391	0.257	9.0	1.0	0.235	205.301	228160
QkqL7VypNNDqymuP	13rs8zN46Bi5YVzS4T0mJe	35.0	2003	0.57	0.914	7.0	0.0	0.523	94.993	204813
QlCWDYoNhcgHDWNq	4tdGyzQ3WqygwxOEpbQ8eo	41.0	2008	0.7040000000000001	0.907	1.0	0.0	0.7120000000000001	95.023	229113
QmMGVdL2DltUTsRL	4kZbYkUuDHyphD71bPMYL1	44.0	2013	0.447	0.3429999999999999	2.0	1.0	0.0777	123.931	457250
QnNRpxD9P7tMFR0C	5OfxDqlbZyYBtCcLHpWacq	10.0	2015	0.445	0.616	5.0	1.0	0.0978	135.99	335294
Qq0BNBj4q9Fc141o	3yZQk5PC52CCmT4ZaTIKvv	70.0	2013	0.5720000000000001	0.912	7.0	1.0	0.606	156.07299999999995	187187
Qq299h5cR4S4uLMH	7yC7FWZz24L43brXzNpLWT	53.0	2005	0.312	0.536	1.0	0.0	0.0962	104.476	283267
QqO36KRoawTTRbn3	5xgDL3ITev9OFmmpV5I3cN	26.0	2018	0.491	0.826	3.0	0.0	0.62	104.933	210193
QsmOt9k9b7ibVsa9	1PiZscF70USgrXYRNn9hoT	47.0	2019	0.568	0.7040000000000001	0.0	1.0	0.3989999999999999	157.969	180807
Qtg7qg9xLrWN3qZv	4QNkRMOrqBEac43cOcEx1w	33.0	2002	0.685	0.6940000000000001	6.0	0.0	0.7090000000000001	84.01700000000002	253947
QuU6WR4HhaqTUy2u	0XnV1J5tlSbxdItQudgaFv	6.0	2004	0.363	0.1969999999999999	1.0	1.0	0.175	98.763	248493
Qux9RbzLLlzVgpdH	6CIsCnMCwjOFWjsrFidwAr	18.0	1997	0.384	0.611	7.0	1.0	0.433	146.502	204733
QuzfC9DwH0RmDUCP	7eWuBTL35BSBBiIjWJk0KB	48.0	2005	0.2789999999999999	0.987	0.0	1.0	0.22	85.62899999999998	190107
QvYpogJ5qMDGPvsw	17W8bZBSty1TJ4CRG4GGJK	49.0	1988	0.557	0.426	4.0	0.0	0.354	162.713	192440
Qvegy0XyxmKIVRLg	5gN9Fj3TCrKP1WLZmKQO87	28.0	2007	0.361	0.828	1.0	1.0	0.326	145.704	204000
QvoHpDeaRyzVJdh1	2o5bg7kQaYn5zhPld7fuYC	42.0	2013	0.5329999999999999	0.306	10.0	1.0	0.109	102.005	470933
QvwMORsxRAZGi8CW	20JcxdRw8gvqTY1EEpYxHb	46.0	1976	0.3939999999999999	0.243	3.0	1.0	0.504	173.365	222400
QwHdkgCRshgnIC3W	0fk42rNYvOsyTicsdlVbQw	29.0	1995	0.512	0.616	1.0	1.0	0.924	111.242	253133
QwNss6GGYg1RBJm9	3IMXLQk09YmvNb2tdT4aWk	37.0	2015	0.652	0.902	1.0	1.0	0.496	166.926	167253
QwZihO318oJPWckQ	1XKhDkF8bX5IxMO4QTirvl	44.0	2009	0.741	0.52	4.0	0.0	0.44	115.89	242267
QyHZeQA8UhZ0zT07	3m2Zd230K68bC4Qe961d9p	46.0	1993	0.715	0.0938	5.0	1.0	0.531	125.35	268840
QyefqtHAJ3HU9vBZ	0zSz0RvCWnYxOyh4JF2Az9	30.0	1977	0.475	0.285	2.0	0.0	0.144	137.917	269573
QzIpVi163R76dQuq	76AYOdnKWcSLviCsKDXyS1	52.0	2014	0.4479999999999999	0.982	9.0	0.0	0.0978	131.895	299820
R0kjvPkfpzkRCdE1	3qwQ6lgxH5VaU1Itv0yVpy	20.0	1991	0.349	0.196	2.0	1.0	0.363	76.391	339427
R3grCbCPRvoR8HQk	7AX7qVqFljHOJC3FIQ8a6t	37.0	1970	0.611	0.337	0.0	1.0	0.7340000000000001	84.545	250120
R4Tt2h6Qd23y7eRE	4Ahphc0UzRSoMpJRHgnGQK	53.0	2016	0.452	0.962	11.0	0.0	0.5660000000000001	164.032	208827
R4WNiaWidjO9Tb4M	28FJMlLUu9NHuwlZWFKDn7	54.0	2009	0.327	0.918	7.0	1.0	0.107	161.088	414960
R4pWohpf8CTNL1Ml	5ZGaS6Q8WW21pyQWajBcXs	24.0	1956	0.62	0.208	7.0	0.0	0.733	113.472	154853
R6FGK1V5V450mBRN	2lboLn4fGfbE28GaSAIHyx	22.0	2017	0.732	0.4539999999999999	1.0	1.0	0.4429999999999999	90.056	194449
R85qL99EHVXBso6T	7e3KM7NU4FMdfSKolIJtMI	41.0	1986	0.286	0.527	0.0	1.0	0.0792	107.02	209594
R8Ko2XZ3km0vqLxU	0UOEI2xaKz9n9rGabExcNC	25.0	2005	0.63	0.836	6.0	1.0	0.7140000000000001	129.941	285760
R8NkOOGL29kp50Xj	29KyVqHekckVGfxHn8QS7m	45.0	1981	0.5760000000000001	0.528	2.0	0.0	0.6629999999999999	107.21	218827
R97YjDivI6ZdnITw	0rC1Zom3PFrEYwdl4QN785	47.0	2018	0.8270000000000001	0.573	5.0	0.0	0.504	130.059	180000
R9ove8iUd4kTefAc	19tyg2Ons2b39L4QVPLq4I	48.0	2015	0.401	0.991	1.0	1.0	0.121	150.116	270413
RC9U77pJ8VEnsMRx	1LGGNTjxSxkU8pi0QrZ0Bp	29.0	2006	0.5660000000000001	0.608	2.0	1.0	0.3979999999999999	136.028	197093
RCEtPqtfCg0R4aMB	5GPWNfDFBX0neLQxkXvfCn	34.0	2015	0.431	0.672	2.0	0.0	0.235	90.014	360485
RCFjot7dIp659BnW	0NnyYBnyStcNKDu7PejLPF	55.0	1971	0.75	0.78	4.0	1.0	0.738	94.864	223520
RCwOjMdsN5YsunHt	7ePjtuqKqa0ZbzznCNqiEf	50.0	2004	0.447	0.713	10.0	0.0	0.138	138.095	306600
RFps10FD0sqdZeDI	5uoyNyNoJdeJKe0iELsnjc	32.0	2008	0.633	0.847	2.0	1.0	0.768	136.013	222707
RGpphp84Jsn8R9Y6	63u2ijOPQbhaNvyULeNpyY	35.0	2013	0.488	0.68	10.0	1.0	0.111	137.865	226387
RJ64dpUwQJwRqzJ2	3Q7g9fCdsVSV4fC01N1aNz	37.0	2010	0.341	0.871	1.0	1.0	0.346	148.159	94107
RK4xxzzuWIpgn88M	7LDZjZJ6Sm1UTST9ByMBqJ	10.0	2014	0.172	0.902	7.0	1.0	0.105	129.681	247973
RLUJ1orxc3IKIsVs	5j2W9gvoVQ7gtiPSJSQ2MF	20.0	1994	0.49	0.718	9.0	0.0	0.349	145.991	259000
RM1wvitoLevqn9NQ	4cOkZz5O9M367QfaGSVSXE	40.0	2014	0.379	0.966	11.0	0.0	0.23	139.668	254446
RMbq7XtxkfKRZQNd	1xsEBFwx0q55ZDQm67np1m	34.0	2016	0.462	0.969	8.0	1.0	0.495	75.012	198600
ROm2Vv0rig9S5d6E	2CIDqYfIYfl9vx02wIyCG9	53.0	1983	0.573	0.65	8.0	1.0	0.346	95.1	272840
RS5GXukYQTS6hFJP	1zTtpTKjk7RsMBx9ybrAqP	36.0	2000	0.2269999999999999	0.996	9.0	0.0	0.0707	140.121	189800
RST57JJzLeQ1Vx73	2gE0khQ948RYQOeTgCUL2a	51.0	2009	0.508	0.953	4.0	0.0	0.555	119.973	340787
RTFplkV5nN6rVigA	7eBsrswnxQGxmvF444Nvd3	31.0	2016	0.446	0.972	6.0	1.0	0.514	90.021	223187
RTPlj6FFNw1k5dIA	6lOS1dPkjHlAzRCMplJupN	45.0	2013	0.624	0.748	0.0	0.0	0.435	104.992	275889
RTwTcvhUG5Sq2YcU	6I5TrlHsY108HpSoYyXNsQ	24.0	2007	0.594	0.983	2.0	1.0	0.4270000000000001	104.97	153840
RU0dAbzHOqzlw439	3guazByz82uD2zHf8q7As1	53.0	1999	0.8590000000000001	0.642	6.0	1.0	0.353	92.055	214093
Raj00rC9sWbeCSUI	2MwjZo81ldYYAah74RNQ85	34.0	1971	0.627	0.733	5.0	1.0	0.8220000000000001	90.506	134480
Rc4KEfkSZvLtQeFl	2SycAFE4fCPfLTlaeL5SHm	8.0	2012	0.685	0.7340000000000001	1.0	0.0	0.589	102.941	262160
RcLcEmntMhrMu1be	4DEYwr2SLpvj6plN2ngIfB	46.0	1999	0.512	0.921	1.0	0.0	0.414	91.899	206867
RcOEUo7Nkj3CIPbF	7l6uGTWoucLoA5V6KEZZ8w	31.0	2012	0.672	0.8140000000000001	1.0	1.0	0.8740000000000001	126.036	218893
RcSdNuAM3wY29IM6	1vdmjGbCTg1wr0Ao2eDkmM	24.0	2012	0.611	0.428	8.0	1.0	0.102	143.411	219194
RcfV7e2UWruEdhUw	68uWKoPwSxYE6DVylRA1XI	48.0	1991	0.5670000000000001	0.659	0.0	1.0	0.61	90.519	323333
ReiFJzmUU7fazThi	2VZ5Vtjn16RThAvaFz3sJZ	54.0	2010	0.5770000000000001	0.917	6.0	0.0	0.5820000000000001	127.992	219440
RfSwvrBF17pERMoY	2QZrqeTpCvrtXtZjJm94wh	23.0	1997	0.3379999999999999	0.677	7.0	1.0	0.268	133.77	414960
RfpWgNConAz420aT	2L2XquxTZBmzzNBCPCzq0p	44.0	1990	0.368	0.987	3.0	1.0	0.0622	109.927	320533
RfrdBsoQJev3MLVP	1HPZrXzz5LBOZRxAc9HNpl	23.0	2018	0.424	0.921	11.0	1.0	0.6	87.12100000000002	176198
RgCF2jsQHaEOoTL3	4Z7iTslardbJwCO6dtOE7B	37.0	2014	0.178	0.89	2.0	1.0	0.2269999999999999	195.209	277147
RgSDpKUWIT5DQnaV	1oDey7MWmrKRCSM0tgEoU8	42.0	1997	0.7	0.6659999999999999	11.0	1.0	0.462	121.005	228827
RgceqxQ689NQ9pbt	390PNFZOkePvdQnNrrfY4S	8.0	2015	0.528	0.988	0.0	0.0	0.0792	105.795	114848
RgsYywFTkKi4nKrg	3Mp4lDIGyCBVWDSF6ALaEd	28.0	1993	0.7070000000000001	0.6579999999999999	3.0	0.0	0.955	117.73	185227
RgvusdVQ8Ck7EpVd	1wDQYLCxPRyMbvamYJiFIU	47.0	2008	0.534	0.664	0.0	1.0	0.698	102.498	233480
Rhat7DDYZUqxqozJ	4OikxHAgM14El0wQIyyhP8	42.0	2006	0.906	0.821	7.0	1.0	0.8540000000000001	120.004	209827
RjDXpIx8IgwDj04i	0llxnKwB2eKrVEUxBWuHgR	56.0	1996	0.7490000000000001	0.8859999999999999	1.0	1.0	0.479	99.523	354133
Rjop8rDOyRz1qUiI	3iswCeOIVmvzM27TFOpnLQ	25.0	2007	0.185	0.7929999999999999	9.0	1.0	0.162	128.174	365773
Rk6tTYqOnu0Slx35	5DyGEqGugzF3YyfnFPa5jz	32.0	2017	0.411	0.826	10.0	1.0	0.603	89.99799999999998	196344
Rk98owGwi1U9qwEc	1SkAdVcVlaDqpKNRirhUrB	12.0	1967	0.607	0.737	4.0	0.0	0.964	155.142	152027
RkApi0k0DzshCJif	3Kwnrfd8npsKfoWHJdbQG3	41.0	2007	0.802	0.939	8.0	1.0	0.8909999999999999	131.994	231547
RkBnN7Lo6koMlvYt	6DQs0v2MTAKHAmqBVA4lkk	40.0	2019	0.593	0.489	8.0	0.0	0.38	125.856	169213
Rl24CbLva1lNYItP	0XwRYDlZya4Lunwk0CDOP3	39.0	2007	0.46	0.7609999999999999	4.0	0.0	0.216	96.024	271627
RmkwkCwdu5013Awo	6NdavLbxlTaCGvB0eOoXZw	46.0	2011	0.509	0.992	0.0	0.0	0.479	119.957	182160
Rn0Q8MNVQitIrfhn	2lgsIW8xhMnKUy4UvSW1Dk	30.0	2019	0.3829999999999999	0.851	5.0	0.0	0.6970000000000001	187.652	136808
RrFpXC0QGY9egPYo	7f0IJbdWm5Ts8bk2C0dNJd	35.0	2004	0.4529999999999999	0.812	8.0	1.0	0.369	138.145	224800
RrPVUX9k4PU530wB	36dryGGS6XXpj86NaFhOLG	20.0	2012	0.669	0.903	11.0	0.0	0.922	165.045	163280
RrbEwPmaeF9IsC5O	1izZReWXhwrXeMjhlv1SnL	43.0	2014	0.584	0.83	6.0	1.0	0.547	145.037	188916
RsiwiTW62iwRIfFv	1NaQyyaSbCNlPnbileCsKc	30.0	2009	0.8809999999999999	0.514	2.0	1.0	0.675	92.467	195347
RsnRESfSpwUc2Bag	6JKK5s5eMws7yoXpPIqKwq	31.0	1998	0.731	0.489	1.0	1.0	0.691	114.673	192227
RtWurUTzvX0fPkvn	6hiq6vrIefM0Jgpbwtz2xu	28.0	2015	0.266	0.956	6.0	1.0	0.3	164.305	156707
Rxc9mqqAkcWf5PZW	649bs67cdD249BDaj6W90G	22.0	2010	0.725	0.89	10.0	0.0	0.716	121.021	207333
RyGp68NuULzyx3lt	2bUPXKMSVel4islUkmHGX7	14.0	2003	0.389	0.758	7.0	1.0	0.3829999999999999	80.024	230253
RzXzJEREmADsh0HZ	04ijIUVdT4Qy1SBWFUPROY	47.0	1981	0.695	0.503	1.0	1.0	0.969	124.113	236533
RzdQajerTpHMlzAN	1OUhfm8VXT7jvDPjH7P6Sx	26.0	1978	0.5589999999999999	0.539	0.0	1.0	0.369	81.081	242600
S0LiVPKgj3AdOgiu	55HnpWu4MBkmnnV7wFNVXI	15.0	2009	0.637	0.958	0.0	1.0	0.945	139.982	210867
S0c7KfqIaCtxG1rb	73wfZvzQVFIxO9pkzS1BzH	26.0	2010	0.126	0.941	6.0	0.0	0.157	85.236	239053
S2YyJnpjJnGTQQx4	2RW9qqrhPwMPHlWx57CalB	39.0	2013	0.568	0.8	4.0	1.0	0.55	115.104	226910
S2zUefe3rhSEbpVr	35pJpoAgndgXG1fEYTv9j9	9.0	1999	0.417	0.909	5.0	0.0	0.525	77.508	388720
S5RpokMK3TReDSDt	5qKzIwbqo66I3JFDQMLiK7	28.0	2009	0.5579999999999999	0.934	11.0	1.0	0.529	130.998	236200
S7a3IXLtT9oHsDcw	36HmaGr3Q3pRwT8Q9HPFLZ	43.0	2015	0.517	0.341	2.0	0.0	0.373	110.311	333213
S90pj3JMf1xtdODU	2b8xbWvck5yh9vvEogsfqa	39.0	1970	0.505	0.594	11.0	0.0	0.45	100.459	150802
S9UczEevYYv8o0x7	6u9klYiUn3NTSMkQ9unEPD	43.0	2011	0.3989999999999999	0.389	2.0	1.0	0.1369999999999999	110.106	286240
S9nRdLI9yIk2fBLm	1b7wetkgd3AzltSWGVehAc	30.0	2009	0.575	0.81	7.0	1.0	0.4920000000000001	115.241	193747
S9ppCfJiyWLpqDpD	3g9rfVxgLrcHEAjnbnulQi	44.0	2017	0.634	0.4920000000000001	7.0	1.0	0.1009999999999999	137.981	202360
S9zSxVs1aNNR8ZHD	4N3bUpOSQHQwsnfboxl73L	52.0	2008	0.595	0.4629999999999999	7.0	1.0	0.16	78.014	233382
SBmy9TZnvg6xipbp	0v6oeNfWxB828ZFuWJiVKq	12.0	2007	0.46	0.711	5.0	0.0	0.14	143.931	440000
SEKWAadQkV8v3i49	52etae4ON7iYMTHUuwjv11	39.0	1998	0.478	0.928	9.0	1.0	0.4	173.704	278400
SEgkWiiw2sUChgqt	2rxoD3APza2XEGHOQ5bry6	36.0	2019	0.481	0.687	2.0	0.0	0.26	107.017	376256
SFZc6kPsMFuEOMnW	052QjISGAv9TPgtypVETn1	33.0	2008	0.581	0.384	3.0	1.0	0.0786	125.023	583160
SIRtCArvP3dNyqLp	7623p8KZ24WTeO0NeIb4tV	42.0	1990	0.7809999999999999	0.899	11.0	0.0	0.509	101.126	277933
SJZTstFdLSYvbRAi	2tpRtiVvuI4WnwpPYwk9Z6	33.0	1980	0.7290000000000001	0.6809999999999999	4.0	0.0	0.8140000000000001	118.101	373238
SKNfHOjz6hZGySM3	4vCG26vd7hzGdLq84pl1tf	48.0	2014	0.357	0.986	7.0	1.0	0.5429999999999999	183.901	258360
SKegtFT0ilQrnLAy	2vY5isgw6pEB9HKyAexkZz	30.0	2008	0.525	0.873	7.0	0.0	0.44	167.861	162947
SM7f1GFFB4NKAAoK	6rynJypWPtE7kH37owFWvx	35.0	2015	0.501	0.797	2.0	0.0	0.39	127.985	250693
SMeF0FUIbCmKL9Ew	1RbOObDFn7GOseR1w529Zj	55.0	1985	0.752	0.743	7.0	1.0	0.8320000000000001	108.254	235827
SNruiLQdBF8F9HJR	4EWzGhlhykm3nNLvPUEdv4	32.0	2006	0.718	0.327	7.0	1.0	0.44	111.017	165960
SOdH3JD7rBCOz06G	0BnMXGSKIOTqroiBpXgLTV	36.0	1983	0.547	0.871	6.0	1.0	0.222	121.623	246307
SQ1Lgea7H5jpASWg	6RB4Z9DwTWaVgyNg3dR9p9	46.0	2007	0.462	0.8009999999999999	8.0	1.0	0.491	84.541	215200
SQm1WDe9FQRQ9W6N	2pBgETPQ5qblDL0YMOHw96	9.0	1990	0.263	0.539	4.0	0.0	0.684	83.527	279187
SQpM6ugNSG8Q693U	4Tw8vwHHv0zVY9DnShX7g1	23.0	2017	0.215	0.932	1.0	1.0	0.244	94.835	106520
SSDnJww24KC2rwh5	4m2lVqfPeSTD3azgBJHowK	51.0	2017	0.7	0.435	7.0	1.0	0.645	125.894	275500
SScds2ShuTZGW3oI	2kZzvGFSGj4q9D6ExJ5Ahj	4.0	2011	0.502	0.946	1.0	1.0	0.488	144.059	249480
SVydxQBcTZH3k1xQ	4hNMZVwePbqggBQHu5ajGe	43.0	2014	0.667	0.415	7.0	1.0	0.207	136.66299999999998	209240
SWFIT8VKwPDk6KRn	0CDHN3Wk8JY0p5myySB0mS	44.0	1996	0.225	0.939	4.0	0.0	0.225	113.533	364627
SWQZFaRQI5CxwUt7	67cp0skwtfXZG2kmd5MDJO	23.0	2014	0.35	0.86	1.0	0.0	0.321	94.12	180653
SWRaczsb1u2WmMon	5mPJPRF3jCl01OIk2kGiR3	21.0	2007	0.6779999999999999	0.875	9.0	0.0	0.557	109.973	209613
SWWSThoWHmW3KZDg	1VZ4S2A6eUdp1d3WxH4xR8	27.0	2013	0.76	0.79	10.0	1.0	0.5820000000000001	94.017	199227
SWtKxpxBo87gIcn3	06TuMCjDEYjTOJScCRzmjf	58.0	1997	0.618	0.688	5.0	0.0	0.561	78.311	291880
SXV86yZhCwUu37kn	5S2cQAC3QrsGYNV6RhVfoO	23.0	2018	0.452	0.6779999999999999	5.0	0.0	0.148	76.98	270560
SYbGUSlh5oeTrjex	0liIIPtYUzD2ZFVZiQNyQQ	20.0	2005	0.732	0.354	7.0	0.0	0.145	93.04	245147
SZ6tb1pt8wJulT6Q	3FgrXi0L9lkaFJlNy5NZ0k	50.0	2008	0.73	0.938	1.0	1.0	0.937	132.002	231093
SZlmZkstlWmFSqtc	3DsN6Sl472DVLrrEnacY5y	25.0	1986	0.626	0.877	7.0	1.0	0.314	100.13	190827
SapKhbn1GGlJKlWI	6y1HxKKNY5iNqie88XiWl4	24.0	1997	0.888	0.556	6.0	1.0	0.969	110.731	43867
SdPFrVMcpDq1PZiT	7fLHdD5ONsHXtP7u8m11tI	28.0	2009	0.36	0.923	2.0	1.0	0.105	160.02100000000004	354427
Sh3b1hJv0MmibHbi	2GSAr6jyMi1S2rSHVsFqZB	33.0	2016	0.742	0.782	3.0	0.0	0.5760000000000001	99.971	196394
SjqkxvgCWWeHRpFf	7reNqRVI0aEGua98efgJta	37.0	2011	0.31	0.482	0.0	1.0	0.152	154.957	240627
SkLnqVUOpYIDluLv	4yy7qdzDVe8zpGtHJxycBt	38.0	2006	0.477	0.853	8.0	1.0	0.4029999999999999	152.002	201120
SnFQ5VR0y8gQZYfg	2cFNOGmLYBeoMu10gAb16F	40.0	2016	0.486	0.821	6.0	1.0	0.2739999999999999	142.053	228163
So9VkHvWUHr3xTko	39fIsUdGJ39RgI6phlUnU1	18.0	2009	0.135	0.972	7.0	1.0	0.143	154.89	156320
SpEVU21m8TGWQe8n	2XELtFPg5H2Xmg6eas6dII	45.0	2017	0.5529999999999999	0.918	11.0	0.0	0.7559999999999999	90.06200000000004	191280
SpiJRecInLIfVxUZ	3tFZWBhDGrahJZOLNOnWiZ	37.0	1985	0.7070000000000001	0.589	1.0	1.0	0.964	166.82	106600
Sr6cMgnJq7UmdnyL	6z5678MyxD6voZbYRv8uTb	31.0	2013	0.4529999999999999	0.936	6.0	1.0	0.5479999999999999	149.071	191529
SrKQlJq9cpMxmUy0	3IwJmL7ztDQr2p46dH48lr	27.0	1995	0.532	0.401	4.0	0.0	0.2789999999999999	78.96300000000002	288280
StYuywoB4qpiTPRk	5L4SENeXDGmH8fP24pGiJ4	20.0	2014	0.3389999999999999	0.602	4.0	0.0	0.0938	117.895	431987
SugxX3euhXsUymSb	7rxQRgQkuAl1D3VUYorssO	30.0	2016	0.382	0.997	11.0	1.0	0.035	144.985	283980
SvKJoJmkyetPBl3u	6EeVezzpmDrpwjI35Z2WRM	30.0	2006	0.544	0.8109999999999999	4.0	0.0	0.698	124.983	282720
SwDG5n8SOSgenedu	3hXhsrZPaVBh1ez0F6QFGf	33.0	2017	0.33	0.948	7.0	1.0	0.151	194.965	242360
SxAc4YP417HvkkMf	7yotKA30dwTKNEGomV9ZsI	72.0	2018	0.831	0.782	0.0	1.0	0.1989999999999999	141.869	191437
SxIk5lAKcpxvAhfO	51BroelKJaagm8GOIVFv3f	50.0	2017	0.89	0.477	2.0	0.0	0.659	121.966	212173
SxKXZyDP96qh9iSr	4rKYkQymUJM8wN054ep1TH	41.0	2017	0.46	0.935	9.0	1.0	0.607	160.043	175280
SxfPDWT7SU3Rf7vS	3CX5UKLQ9zqorQDx00Sbgt	46.0	2010	0.4629999999999999	0.961	4.0	0.0	0.2689999999999999	136.9	230427
Syz28kFjUS4Mo5lR	6fjK123JJZXGaqNHiLOusc	32.0	1996	0.482	0.376	9.0	1.0	0.6629999999999999	87.552	266600
SzBZuEDukwCG1Oxu	7n0ykTpyFXr4fH5iZuDQe3	13.0	2011	0.138	0.841	3.0	0.0	0.139	147.477	171907
SzrII3fHfO2BiKcj	2GRpUdEZOmQkREFCdfZjc5	27.0	2003	0.5429999999999999	0.532	11.0	0.0	0.742	177.491	238080
T1cienLIgQ0GOsoW	3P6zjYxB5sqnNGyd3QRBDz	49.0	2018	0.534	0.619	1.0	0.0	0.0579	111.033	263645
T3TLArBHKoMu3QmS	4JY8Dp1BNGq8chzmqcEhOK	42.0	2004	0.542	0.478	10.0	1.0	0.568	119.872	358600
T4XEwusk9mHBs2mi	0T9tbj6zsRKLiUx06sbOWX	52.0	2004	0.29	0.634	6.0	1.0	0.177	139.97899999999998	340107
T6Yxa2Kkq0C4tRsf	3YiJOUZOqerzfXvAfLQaLQ	25.0	2011	0.62	0.83	0.0	1.0	0.373	124.005	183693
T6diERLBwUUegocx	2eyszNMdxZtteBRCN1uL4j	26.0	1967	0.494	0.1669999999999999	5.0	1.0	0.366	128.684	253400
T7oGipaPKLyXBLsD	1x3pgBnX2PTn1Yft01UM2b	23.0	1984	0.356	0.732	6.0	1.0	0.267	140.8	250373
T7tL80eZh7WOSDPo	3sPMJNIx1qNOcHkwIbNgJc	37.0	1984	0.6579999999999999	0.616	11.0	0.0	0.892	112.294	303600
T9GLSza7joEC7KOY	26fZwf1ImE4aUJ4XaqOkUg	59.0	1982	0.505	0.631	9.0	0.0	0.835	118.178	237467
T9rskJMqlb3TDeAA	13fB3NE3kgXLuQUHI8KDEL	33.0	1999	0.562	0.8320000000000001	4.0	0.0	0.356	126.128	244933
TAIGbt6iehFyEES0	6n1S3L67y1celEL13EUw0t	35.0	1980	0.3289999999999999	0.591	1.0	0.0	0.471	152.861	281800
TANPHiz57WU4KiBu	00f5cJ88kjiyCLJebRHgAY	32.0	1972	0.56	0.392	9.0	1.0	0.652	172.327	233800
TAttNMXzMbGCYjIE	679GkqBs8Q1vA31XvkhHkO	20.0	2015	0.2289999999999999	0.4539999999999999	1.0	1.0	0.11	72.137	327520
TBFYOGS3xn1Y9mjK	0WRxMtWDPThZbihymON7yy	37.0	1966	0.198	0.3879999999999999	1.0	1.0	0.32	72.905	202093
TE6LDtcL8WPOk866	7HaNlbEP3u3WAxNxVC6M5m	39.0	2009	0.309	0.254	9.0	0.0	0.204	168.745	188907
TEYr2jFKqLiibyI7	7DpctT4XQN9EiuJWiTJrHT	5.0	2003	0.741	0.851	7.0	1.0	0.831	127.026	208747
TEcI6RqAnYgyCJ2y	47DIDWc46cy6doDwoYKDYy	26.0	2010	0.7759999999999999	0.362	8.0	1.0	0.3389999999999999	118.965	340787
TIWI0qXewm8aLL31	50VqNIbwCOPVtXuWSWjdOY	39.0	2004	0.526	0.913	0.0	1.0	0.473	156.037	338493
TImVLr9CfjpMTEQ7	0eqNqqxfOZjz3YiRmJvh2x	25.0	1973	0.434	0.748	9.0	1.0	0.809	156.32299999999995	186544
TJMaNQgEywcFvuWI	2TE9rkhJYDctxgzak0AnSb	50.0	2013	0.579	0.861	11.0	0.0	0.684	137.947	195933
TRBCqPkiWfJl4nwF	3oAWTk92mZBxKBOKf8mR5v	58.0	1960	0.715	0.882	11.0	0.0	0.957	156.571	119360
TRHon38wI946eyJz	0HuRTyI3kEP5K1ecfVKRyP	25.0	1976	0.542	0.223	7.0	1.0	0.204	110.179	241467
TSaRgg8Jn20M2Ctj	5cvipiWM5V4lf7H2cNwmNl	38.0	1999	0.486	0.784	6.0	1.0	0.302	123.29	244933
TTZ6nOkz6a3yO45h	3inuafyrtfbh2g30IFRdip	41.0	2009	0.546	0.738	10.0	0.0	0.192	115.987	325960
TXKJhRnLknZmb4El	64rMTX1i830wWSiHeLkFC9	19.0	2013	0.267	0.38	7.0	0.0	0.311	73.382	171625
TXePExBjyIlw1DDI	0ww9Rdd4cOAerNOp68xVkZ	39.0	2013	0.5770000000000001	0.648	9.0	1.0	0.591	77.642	187827
TYoYVKiQpzhvcatl	7lQ8MOhq6IN2w8EYcFNSUk	78.0	2002	0.929	0.65	7.0	1.0	0.655	112.249	290227
TZ2IPg8YwxDCcyua	2LlCbNQnkIRIc2ssMgUZsV	40.0	2006	0.461	0.789	5.0	0.0	0.349	147.925	280200
TZFCdtzeV7yRsyBB	3d3ZNcICP3hdkovGj4YMqI	39.0	1992	0.61	0.85	7.0	1.0	0.799	121.822	267467
TZFLcXUgeskqPGKU	3ypgdnPnb8KxSLsBlTLxI7	34.0	1993	0.467	0.4379999999999999	0.0	0.0	0.223	139.859	248867
Tcz5bRU38XM4KEHV	5QcgJ5I4y4pWcqacKkam9B	16.0	2016	0.154	0.449	7.0	1.0	0.0375	94.822	1512685
Td8bA1c5JCb9ERxr	0IiQ3gvsK7OTYoDvBUKukm	44.0	2009	0.415	0.657	9.0	0.0	0.69	115.752	205747
TdMEXg8TO1mKpJmg	19wTIVLYwubMX8XZppB6lH	43.0	1998	0.551	0.723	6.0	1.0	0.8320000000000001	176.19	238040
Tf2q1ltR7HsTrnTp	4714JHYV5kiMKsuo8eP41E	25.0	1990	0.638	0.639	11.0	0.0	0.409	111.03	284507
Tf3GftuXhlgjk2kY	1IzXu9anRMJJq6DduIjXgs	32.0	2009	0.439	0.395	7.0	1.0	0.174	164.125	317706
TgNMmLhzDV0sOgNe	6jKDgvE2pnYWRnj7xZV8zc	47.0	2017	0.7509999999999999	0.644	8.0	0.0	0.252	139.985	209767
Tgd6rArJj9imIA25	5FFFvpCMxIWtTF7DmUBBIs	38.0	2001	0.7559999999999999	0.85	1.0	0.0	0.655	100.251	185693
TiKHUeumGbdpUwyA	6GLM88XD37WLrzuIhsycyv	4.0	2009	0.7170000000000001	0.623	0.0	1.0	0.89	152.028	279853
TjFTEsaOKl1LThiV	0BSFXFUVRbgFvBrHRH3WPe	16.0	2005	0.738	0.784	8.0	1.0	0.541	90.914	243467
TjodKAmQhydtoVEE	6MW4ahXNEHaIUZ2cdSaslK	32.0	2013	0.5329999999999999	0.8390000000000001	1.0	0.0	0.389	129.048	207507
TkRj5yFEV29vzLvx	44sz0rNbTA687rs9CYi0IN	41.0	1999	0.198	0.236	11.0	1.0	0.0722	129.211	272500
TlI54GriifNHuu70	6W6MEgOpYt03NhhtbBFTll	12.0	2010	0.8590000000000001	0.6579999999999999	7.0	0.0	0.65	126.007	345547
TlKjPFntBtCfvnql	3wjTWjEQ4UtepljccINI1G	19.0	2012	0.291	0.962	6.0	0.0	0.23	83.389	300253
TnDbCfYqdBuEN1h2	5HLVrG3xcuAQVwB65hI1GU	38.0	2013	0.534	0.902	11.0	1.0	0.335	129.968	257120
To7DFpuChJUmGgZQ	1XRpbhOMzOISE3dDkQ6eZW	22.0	1972	0.6509999999999999	0.201	0.0	1.0	0.442	119.305	181133
ToGEr6hcY8W5l5bG	46Qy1xAr2K7rylRYwdQ6Gw	51.0	1989	0.519	0.61	0.0	1.0	0.2319999999999999	121.324	346627
ToaLuvnTCNkmxTRB	3PWEydzGlOkfLhZeISVfZO	39.0	2000	0.685	0.412	11.0	0.0	0.7040000000000001	144.346	217227
Tq1c4oueGRcbtS6w	6iq27lWBX3zvaX1ank9M2V	23.0	2009	0.594	0.4679999999999999	11.0	1.0	0.365	135.871	214080
TqfQLJGD3ycda4Wx	22UDw8rSfLbUsaAGTXQ4Z8	75.0	2008	0.727	0.7290000000000001	0.0	1.0	0.512	117.932	284733
TraiwzgD5wiMUYRb	59VNZlySTbDbIsv8oAke5Y	50.0	2014	0.8	0.603	1.0	0.0	0.51	114.977	145972
TrbEBY6l3wrdPPAy	2dphvmoLEXdk8hOYxmHlI3	51.0	2008	0.38	0.6629999999999999	1.0	1.0	0.429	173.139	249667
Tt2zZfL8oZDkkRJm	1T3U8rL3O3oVAWDJDzoahx	40.0	2016	0.652	0.6509999999999999	9.0	1.0	0.271	102.52	278594
TtQFvHNCmJe9ldjA	7GeJBHBazhTTEDIpt7o40o	20.0	2017	0.5539999999999999	0.956	6.0	1.0	0.42	114.961	344093
TtdLmeyA79MAiy2g	6byLrvbXmnUMdMWmSBgjKX	45.0	2018	0.446	0.7440000000000001	9.0	1.0	0.186	81.548	289427
TtqrGsIIUslqBlPj	3x2EA0ZDmE0hl61t7L3q6X	20.0	1986	0.787	0.637	7.0	1.0	0.348	134.186	423227
TvRLxhuWZxHNQr4Q	2UCn9wbque7TyydOLrbv34	18.0	2004	0.425	0.563	1.0	0.0	0.1639999999999999	111.989	380053
Tvum0hngmyHoIJjN	7ttVZD2510CE1pXJPJp0OQ	50.0	2017	0.594	0.4539999999999999	5.0	1.0	0.28	75.012	295000
TvyK48kBK3S8XOXD	38rpESGiE81IKEd8iatso8	26.0	2006	0.5820000000000001	0.958	0.0	1.0	0.551	132.626	222840
TwiQFNuKVjHQ27ou	0vKoBYigP1FZHskn89cTwd	9.0	2014	0.3229999999999999	0.214	4.0	0.0	0.106	74.012	316533
TwtFpQa2IRpriRlK	6Hn9Uc1mMNfqChXU3txNke	58.0	2008	0.727	0.649	0.0	1.0	0.669	129.99200000000002	254533
Ty6OgF440UYuAJbI	7xzXyOnErZDcgsGlchy4ec	25.0	2017	0.569	0.903	1.0	0.0	0.315	101.952	186471
TyNvQU6oFBejhBli	1kgPzE3Lhno9qlVxQklHfm	38.0	2010	0.7070000000000001	0.8690000000000001	0.0	1.0	0.917	119.384	196800
TytooNyEehYhy64v	1kqFGNPDNkusNmgUpE1HgQ	29.0	2009	0.722	0.778	5.0	1.0	0.7440000000000001	116.016	193440
U0fgnyiJBI9Ypbsj	1JAnC4VkVIbO7C6Vislnue	48.0	2007	0.7120000000000001	0.596	1.0	1.0	0.879	95.994	183533
U1BXoFZ8x0r2btIH	3QEKiqzMkWBEZGoM8ZNuex	36.0	1998	0.648	0.725	4.0	1.0	0.952	140.846	262360
U1WVMbZhaWQDL5Pf	0Sdgb54M5k9XDgbWfgHxfa	12.0	2003	0.715	0.76	6.0	0.0	0.5479999999999999	125.021	232587
U32XkamWnaMZKfGo	2N2vT7prULYdnOeqA0XBDy	40.0	2004	0.516	0.7140000000000001	11.0	1.0	0.7190000000000001	156.041	255693
U38V9jUK8LHoZBad	5yKfQJaKAfIrubuM5yF6MJ	26.0	2012	0.565	0.8240000000000001	0.0	0.0	0.0635	121.962	260027
U3rWApMheBGNhEFM	5j35m0VodPLiRxfG3fmTSP	48.0	2013	0.349	0.5770000000000001	7.0	0.0	0.495	208.046	256541
U42mMUpgGJnphDDh	5pTbvW8kk0chEemMrGI7MZ	27.0	2015	0.655	0.92	9.0	1.0	0.527	107.002	218839
U4lKEzXug3dj2etx	51gg9koXM8xJTFPZlcE7YC	41.0	2000	0.364	0.157	5.0	0.0	0.237	77.561	244040
U4sGQbZxrLaDkVdR	7CkVAuA536onqReyM6fghC	30.0	2011	0.659	0.887	2.0	1.0	0.825	112.915	189120
U4xTveG7s1KwuB1q	2gYiCTytrSRtuaHP1Nac6u	58.0	2015	0.5479999999999999	0.898	0.0	0.0	0.599	145.953	206213
U4yY4zFGOHYClSzF	5K9Wt11gFx9SOD0IsJ0nDZ	38.0	2005	0.615	0.8079999999999999	6.0	1.0	0.562	149.92	220173
U5YEPE4VxFTCyDEo	7uLCU3TOM5KoCUQw9mWv2q	10.0	1993	0.7340000000000001	0.883	6.0	0.0	0.6779999999999999	97.903	257135
U8c5DbdAwTZATgv2	5AogkvfwZNHeMefmnB8xd1	18.0	1983	0.486	0.733	9.0	1.0	0.143	105.815	328160
UCHsDKSTmeSEouRV	1YVGmFUZO1neVfwT2pjrmk	27.0	2000	0.287	0.565	11.0	0.0	0.348	109.71	319827
UEyEh9XErIyFq1IW	0jaGOwI4yLwCUUJVvDffWa	40.0	2019	0.628	0.83	2.0	0.0	0.294	100.025	341540
UEzpsg4wh7Sgcvaf	4PMmRKupIkdHQzSNxCPP1C	29.0	1977	0.6759999999999999	0.76	1.0	0.0	0.88	120.685	211373
UFSKCDq4jf7mJK9q	3z9LQM2vgaq0CewjKv5MtT	35.0	2013	0.38	0.239	11.0	0.0	0.0618	153.96200000000005	335347
UGi5iGsVzcIzfw5w	3rWlZxRCrBMcEL3QsSidr4	48.0	1993	0.631	0.84	2.0	1.0	0.653	95.849	261240
UIRIKK5BttiXm5C1	0kCBorRrKZkSztd9m0QI3r	71.0	2018	0.938	0.5	4.0	0.0	0.462	140.011	201707
UIvLv0fVuyd88swZ	01dIRb3nfRaD4rhKXzEngd	31.0	2007	0.892	0.629	6.0	1.0	0.71	110.084	271187
UJP2ItYeIZDWBqVU	7fx2rt43UfclOOulPwBYk2	48.0	2007	0.514	0.92	6.0	0.0	0.3339999999999999	161.0	198227
UJPwK6tlMrb4VPBG	1oDBf9r74ja5qfZDubI6gg	27.0	1997	0.504	0.988	1.0	1.0	0.214	114.224	135440
UKRvqos4eSTzAPSV	1ZnEt1m6su6qBHXncpLt01	44.0	1996	0.664	0.769	9.0	1.0	0.526	82.88	290467
ULL75tcqagASTwne	1sacFzHdhDc64kzBwD3z5m	23.0	1998	0.253	0.995	6.0	0.0	0.131	135.222	167693
UMZvD0cA7kXXYyGj	4GxOp2nY2CGHOyQ4KCiZ6J	20.0	2000	0.375	0.8140000000000001	7.0	1.0	0.674	176.75799999999995	216973
UN5IORBOghO65pM6	4NLpfB52hwDPLn7bphgjgD	48.0	2000	0.58	0.6920000000000001	3.0	1.0	0.638	137.907	232667
UOEEmvMNQiF8mMsU	2SD6KtOEm0er9dAVl6Z8N1	36.0	2006	0.608	0.915	10.0	0.0	0.579	96.509	200587
UOURAu2AMBQXgHMo	62hK2OalNLhutnAShdq8nS	53.0	2018	0.645	0.932	4.0	0.0	0.451	100.036	188704
UOhSfvV94b8cLoDy	79Hz50oQtHIt5dDoEx4IDk	55.0	2007	0.4679999999999999	0.892	11.0	1.0	0.8170000000000001	149.165	164973
UOjnVYaG8hvEqLqz	07dRAdbmVyeWbebhrfYLSk	38.0	2006	0.526	0.424	2.0	0.0	0.248	75.969	189413
UOtuzpNLddPveE3G	36tOpYpo1omPwIab8ebEkW	39.0	1992	0.71	0.8	1.0	1.0	0.61	110.211	378493
US0fCkIkuMWBMq80	5HkGsynhIVFXHAnm0cRFJo	43.0	2017	0.524	0.87	8.0	1.0	0.654	108.058	180973
USBYycgVlPN3y0UK	53DVsTZvB16BDP30XmfSef	46.0	2015	0.6559999999999999	0.368	7.0	1.0	0.522	116.197	188947
UUT3MnnHgEmcJVPR	2JQqfVJhFnNADUJDDPmw63	35.0	1963	0.3289999999999999	0.0556	8.0	1.0	0.124	124.905	249453
UVSPIud9vxolnTel	1upZuFHbOUzhH5P8wnDAbI	39.0	2015	0.4920000000000001	0.73	7.0	1.0	0.303	129.989	247646
UVgrRIvihBsjM8yZ	4zHrTVYP3jXooTbN9bsqkj	44.0	2016	0.462	0.986	0.0	1.0	0.047	93.981	183707
UW9g3nxsFahWHWJP	033nWyoCpD9u4RvdkVu20v	53.0	2018	0.73	0.899	9.0	1.0	0.753	127.996	199187
UWKNkp6w3mDYToyF	2CnmUIBqGCHAg3wM4cF13b	33.0	2006	0.3929999999999999	0.901	6.0	0.0	0.688	132.969	357133
UWWjwwfGBpzjhjt0	7lozLnUfzcgEpMMVQI7yhA	73.0	2018	0.6759999999999999	0.67	8.0	1.0	0.54	113.01	148260
UWfcdK4EHUPMZazc	1v07ywlVYd02pOCnXRBDNA	51.0	2013	0.713	0.536	1.0	1.0	0.158	97.012	206738
UXOdolAgjToZYmyj	4oqF9y2thGJh7hFd1hqItt	50.0	1994	0.172	0.97	8.0	1.0	0.8809999999999999	182.451	157627
UXo3hur2qjBuE8oe	5mhuBp3988X2EcDfBbetL7	16.0	2016	0.222	0.98	9.0	1.0	0.048	150.56	164853
UYTAxbKPpfF3fqXB	1a8NPRfu0iBc0PrjDYEzdk	9.0	2019	0.466	0.965	2.0	1.0	0.27	132.011	210787
UYfNoAnSmp9u4oPT	2vgfKxYkIbZ7qVUR7iNATA	44.0	2007	0.653	0.953	8.0	1.0	0.65	119.967	229000
UYnklBBToUS2b2yW	3YSagrvQP9x32rAjEI48PL	55.0	2017	0.7290000000000001	0.691	6.0	0.0	0.489	148.18	263078
UZEnd6AnZjUSnGES	5Do9MonxKHpFtk1aANT101	37.0	2012	0.239	0.831	2.0	0.0	0.352	139.859	262572
UZWaNzLoUhmJ0JKg	30DiCxCjIMM4OmBbNK5KQu	42.0	2018	0.44	0.873	7.0	0.0	0.123	138.099	264572
UcfuKy2y1zggKjXJ	0p3YVGafB1214KOw5AokGv	44.0	2011	0.3939999999999999	0.8809999999999999	6.0	0.0	0.532	172.07	214107
UfHxgZgBJRMLgWse	3vNFsxBbA4dPkymPF5Jm1b	51.0	2000	0.545	0.573	0.0	1.0	0.4629999999999999	126.366	237067
UhKed3DrEbcgrX7l	4CUoLQrUSVFlcxSrkWr1Rs	25.0	2009	0.482	0.6	0.0	1.0	0.1159999999999999	104.058	362853
Ui8q06M7hM2i3GfT	5vFNcFcIuW5QF8Szci22m1	13.0	2007	0.4970000000000001	0.8420000000000001	11.0	1.0	0.62	141.934	239493
Uid7VtDog7RP6RBY	0U1z4gls77sTDRTXD3BNNM	27.0	1989	0.637	0.633	4.0	0.0	0.5429999999999999	103.458	281867
UjBjzDFyFPZYq3AK	19A9cSHpycLLNVZjWXbVKq	15.0	2018	0.477	0.967	1.0	0.0	0.462	93.747	270027
UjLx2vpl9jKdfo8l	1Pr4ZFk19p1zVaY1012ECL	41.0	2001	0.61	0.941	7.0	1.0	0.36	120.874	192600
Ujs6WyB792G3byY2	3NLrRZoMF0Lx6zTlYqeIo4	71.0	2002	0.536	0.55	10.0	0.0	0.2339999999999999	144.018	238560
UmkVwTXLyCT56EIJ	0bLOiofyBB62YU2cNnONJG	52.0	1975	0.457	0.428	1.0	1.0	0.151	129.98	404933
UneJ100Xc5sRBctQ	30zcwDu5Q32IZXIwRkcWU9	36.0	2015	0.425	0.282	9.0	1.0	0.244	77.95	251700
UoHnVE49CWTH44pc	7lu5cs8mhVWLYsB90yvQRf	13.0	2010	0.604	0.858	5.0	1.0	0.836	120.036	292049
UpUgWZhPp9JKw1RC	4PFiLGx8jAzcAJxwPLUeZ9	55.0	1966	0.483	0.275	0.0	1.0	0.31	138.063	240800
UpzJl6oGaUQ1j2ch	4YOL7MGCj1lfXLlYUju7Mh	26.0	2013	0.565	0.648	11.0	0.0	0.3289999999999999	95.973	251667
Uq5a1rAUe0qUrXna	4vbW5aT9UQGRqEScStQPPy	51.0	1995	0.6629999999999999	0.525	7.0	1.0	0.731	134.748	183960
UqqCooP5lqwki3UK	5qKymwS7ymNUCRimGhiQkm	46.0	2016	0.35	0.967	11.0	1.0	0.461	153.656	292147
UsupPzh2cemkwQxf	2hmXbMkKvBbIgNM5Honk1k	40.0	2016	0.34	0.58	9.0	0.0	0.173	82.49600000000002	223960
UsvuRK5w6X43gUY7	5lHWZlGStW0V7OBdqfwEl7	3.0	2018	0.8170000000000001	0.493	1.0	1.0	0.753	126.963	139356
Ut9e6qfITREmhvZ5	2mfLtqYuSnBSeE30nIO6cg	13.0	2018	0.347	0.964	2.0	0.0	0.0351	99.96	624448
Utj915yMnJa0UvyX	2I2X996DYuVLckVhKxDFqU	9.0	2006	0.462	0.64	1.0	1.0	0.259	164.035	263173
Utn46i9ypxeqb3Yt	78oE3TII90zMkAgb78eo07	23.0	2017	0.5379999999999999	0.856	11.0	0.0	0.3720000000000001	92.503	264560
UuAv6BaERUk1PkhK	3CI1JP2ooMBSFjIy1u6Yrc	47.0	1995	0.6890000000000001	0.7190000000000001	3.0	0.0	0.959	127.982	227973
UuYikG5A6p3Np4AE	1dBAyvabnsaSIe5tTMiJA3	43.0	2014	0.412	0.987	1.0	1.0	0.282	162.095	205086
Uv3nRAabmAClTHFV	2UjGyCvayHjGihV3oLhD8a	56.0	2004	0.935	0.521	0.0	1.0	0.738	104.982	186000
UvMV15cZSzzGvlJe	1yDEFW9WSz1JqaoK2gJGPx	37.0	2010	0.813	0.236	1.0	0.0	0.523	146.564	281887
UwO8Kn2vRkI88mgw	14qudtehplvsukwNxlPWTx	23.0	1997	0.511	0.898	11.0	0.0	0.3229999999999999	86.902	220587
Ux3rD6Ys6oLdtmYO	22yk17jzpiaWLvCQxA3U0A	42.0	2002	0.541	0.903	4.0	1.0	0.643	102.442	152773
UzvrpELONhh1Xc59	4viyIXxGiBHGVB92z8XXUV	30.0	2017	0.422	0.993	0.0	1.0	0.105	100.046	214947
UzwkkBkgqupa1rnb	5jpZ64gyazIZv4F5DHalMk	16.0	2012	0.512	0.895	6.0	0.0	0.467	161.705	229720
V09A0qNXk9aPa1HQ	0MrkZz4D3fGlEkhebjPPrh	52.0	2009	0.39	0.861	9.0	0.0	0.35	155.063	246093
V0z5GQapukFBYbFs	7Cp69rNBwU0gaFT8zxExlE	51.0	2002	0.715	0.951	6.0	1.0	0.6709999999999999	126.643	284867
V3jIr3nnUbVJn4Qg	02jO9pur3xPHnC0niSMBj0	30.0	1990	0.241	0.946	1.0	1.0	0.32	182.007	232200
V3wHabBVf5TURzpT	0Xl59JXbSHdXzIXIHcovwP	30.0	2010	0.0832	0.377	1.0	0.0	0.0413	169.727	335000
V69RqX5ehqoqp5fN	3UzGW84T4Uj2V6hrPWfSpI	36.0	2009	0.619	0.7070000000000001	4.0	0.0	0.375	116.993	244893
V72htJq87MxbzZhd	4hvjf8dxtTHs7P3uhbgHmu	9.0	1976	0.629	0.721	1.0	1.0	0.805	146.065	164547
V8BHK3lEEOsYhR7E	1s0OQOEwJiCybX4adE63Tf	38.0	1980	0.583	0.6409999999999999	2.0	0.0	0.436	135.013	205600
V8OUWTgx9wb7oQ3v	2lUDeaNRpMST0SBmKFR91z	14.0	2017	0.727	0.774	3.0	0.0	0.8240000000000001	122.003	207680
V8Pmx8znwQ0NQZg2	5Ag4eBaKZxPHwEpUHSPonJ	22.0	2009	0.6659999999999999	0.718	0.0	1.0	0.909	150.782	228827
V8gpwrBWuEYG0f4S	2FMvgkV8mUSBYoY4vDlmF7	19.0	2004	0.276	0.995	9.0	0.0	0.152	139.05700000000002	105267
V9HVYlU2kekOQ4Bk	0r7mHMwjwV38E8HL7JmcRY	22.0	2008	0.461	0.0709	7.0	1.0	0.161	76.987	170653
V9OSRav9rvfLIwMe	5Ge3e6dV4wsae8lDQQq8PY	56.0	2016	0.7340000000000001	0.431	0.0	1.0	0.76	94.03	197307
V9Vcb4IFSD0nGscE	7vPd1EHjkZGXdHVwf9fXVd	31.0	1993	0.7879999999999999	0.685	7.0	1.0	0.753	116.947	373160
V9weUlcyzPJ2qbRn	6OgFTnpmp0lxjQ8P5dCKyH	26.0	1971	0.439	0.355	9.0	0.0	0.4639999999999999	147.05	455707
VARqkkITXROI84jC	2fvoYcBPkisbCwlXbkd2Ob	54.0	2019	0.525	0.51	6.0	1.0	0.638	150.065	201539
VAWiymoCIYxhae3J	5pRKNboeEfPCaitVvh7F8S	38.0	1997	0.581	0.589	5.0	1.0	0.222	118.145	262053
VCvtBlp2JaXDoHYJ	1PGMfTSkrMfJBdiFyAztv0	18.0	2011	0.159	0.931	3.0	0.0	0.0458	150.077	429733
VDeLfBD0Jsq9FCVv	3Lfiu5sZ4M4B6JaKMBc0FU	69.0	2017	0.747	0.76	1.0	1.0	0.682	99.975	191147
VExebQUnMhJwHGTq	2q2EAq1UZQGenqXZgBkLbu	43.0	2007	0.336	0.278	2.0	1.0	0.3429999999999999	167.52	160227
VHmKqMVprujTMJDT	3Mhzw3bnqekjw2leE9Yn26	46.0	2007	0.43	0.96	0.0	1.0	0.2239999999999999	82.985	230973
VIgFPHwnw7rbixcT	2Ykf8tMyWIf9WZNIZlk1UP	32.0	2008	0.4529999999999999	0.602	3.0	0.0	0.349	169.753	213907
VJabyz0dGFpBLQFd	5nUDWozXvWUNmA0qw5N2Uw	6.0	2006	0.27	0.955	4.0	0.0	0.1009999999999999	99.972	567947
VK00HrIz8H1nCQbH	2EGF4JrisrJ4D4HOdTyYEO	54.0	2010	0.405	0.95	6.0	1.0	0.3829999999999999	139.715	296733
VKo9TQ0FF0dAfhca	5R2FrtmWcTgAU8loRiwqnE	10.0	1995	0.3879999999999999	0.917	10.0	0.0	0.0915	108.92	434307
VNLVjz4Ekii6xHPc	5dF22XUGeNAR3GBhMgshgp	40.0	2019	0.647	0.921	5.0	1.0	0.774	114.991	220795
VOV4XM1yTXdaFJWk	2BxtgFJxhmYFyIwo5vaejz	26.0	1992	0.45	0.298	4.0	1.0	0.1969999999999999	154.156	268853
VQkuFNBJfm70iRCS	74ShSWUO9MyQ12K5b9ToCf	47.0	2014	0.5579999999999999	0.757	5.0	1.0	0.288	127.905	212125
VRiXAx7EAAoQrzVt	6TdBSGnJtu3ISOKg7dfEnm	31.0	2002	0.423	0.952	1.0	0.0	0.156	100.071	280893
VS5BXP0BmlnlCVq8	5CoN89chW47xo49fL9FWRg	37.0	2013	0.662	0.655	0.0	1.0	0.426	84.035	228571
VSkJUO2ff2EBYVQk	4SCU0YCqDZtKkAOPtSFKHU	20.0	2012	0.526	0.968	2.0	1.0	0.556	138.204	217187
VTiQufVGka4dXkST	3xIF5VdioBuzcB09rtowBd	16.0	2015	0.243	0.998	6.0	0.0	0.0333	124.168	193716
VUwJpQjeH7lOujed	5XcZRgJv3zMhTqCyESjQrF	66.0	1989	0.28	0.908	2.0	0.0	0.26	118.698	270080
VW1jpAbsSSgyFXZx	1IF3hBLrVnJSAMDt5t6bdd	6.0	1986	0.523	0.693	5.0	1.0	0.376	120.688	241107
VWaTI6G3S7H2aRA4	3DHSXEW8oE3w147ZrCBS8h	33.0	2013	0.346	0.887	0.0	0.0	0.273	151.116	211253
VWfQ7NAqjzDbKsIS	3UPBYd4oGa7D7DZKU2ACYd	54.0	2018	0.804	0.6659999999999999	7.0	0.0	0.706	132.936	177813
Vbxr7sx9tLocyRWK	0VGiuVk9zIo8L966zvQ7of	15.0	2016	0.502	0.8740000000000001	0.0	1.0	0.408	124.985	270120
VcF5x1nfR6x7LVg9	0bYkLnTr1ddquKhvq85aio	27.0	2018	0.47	0.429	8.0	1.0	0.262	175.31400000000005	318573
VcVbOWfr1DzQc7vE	3ZH8mv5AfnCUY7pxbO52uu	55.0	2018	0.529	0.93	0.0	0.0	0.365	109.005	238985
Vco2SHBO36jGIj8g	3xAka0D8585mDoShALnsd7	54.0	1991	0.241	0.34	7.0	1.0	0.064	80.979	546019
VdVvbVQvEfyBPTiG	4HHAE3GAWLuF8d8ELCbch9	37.0	1999	0.174	0.986	8.0	1.0	0.235	189.05	259627
VePEctNzLHl4t9B7	5ga6kg6kldyxzh0ibmpea2	27.0	2006	0.4970000000000001	0.868	2.0	1.0	0.5660000000000001	148.377	335160
Vez6VlUOTpA8QYOo	1CRY4X2b8X7X10EUdPUutw	38.0	2013	0.7390000000000001	0.7859999999999999	9.0	0.0	0.528	128.961	238613
VhMlrjDwhpeKqGNK	7tZ1sF5HLhqtRO0bITs4lV	48.0	1996	0.3279999999999999	0.957	8.0	1.0	0.515	181.957	230067
Vi7gUdTDwLrhFPDJ	0vNdvXj1O7D4cZLnerC9ne	28.0	1987	0.34	0.621	0.0	1.0	0.301	104.591	256933
VjkSGlRFZFP9e34b	7Ab51NCWADbkYjpdhUN3Mw	32.0	2011	0.304	0.921	10.0	1.0	0.4629999999999999	83.325	198680
VlRdDbkJxYqiJoCZ	5g2XeR1ZnPtindyWQ2hMnl	16.0	2018	0.3229999999999999	0.871	3.0	0.0	0.19	140.9	280200
VlyPBH0EpsKX3zWB	7fwuT8n8FPJGseqr38zJtE	35.0	1984	0.541	0.736	4.0	1.0	0.931	172.687	177560
Vn5M1dArWOzlzAb6	3O59UWV5NDKZ6Td64Acpzv	32.0	1968	0.541	0.54	6.0	0.0	0.643	134.33	183707
VnYBds0R0fZm9nlq	0b0a4nsj1ukHm5VPzCcCIM	45.0	2017	0.7559999999999999	0.45	3.0	1.0	0.8240000000000001	81.986	226569
VpLWDOIUpPhjD2f4	1eQgB3HQgdmaAqUqUR7WzV	28.0	2006	0.561	0.843	1.0	1.0	0.326	129.968	277013
Vq0JOAfWAu5fi4zM	5TsaFa1DG9Hqo1mkUOZSB3	27.0	2010	0.136	0.973	7.0	0.0	0.036	81.37	280200
VrErKSpMTxb66nPu	0a8cUf4CmFUv7GuFP13Ab0	17.0	1992	0.422	0.985	9.0	1.0	0.345	162.487	192360
VwApT9MehZ2gx1a8	5DL2L5OuyZg1v2OWRAitFD	50.0	2018	0.6579999999999999	0.6409999999999999	2.0	1.0	0.24	80.917	144280
VwrWHFmjIB306KiM	4iFlW5tgeMNmqgSRryiGEx	35.0	2012	0.522	0.988	2.0	1.0	0.58	181.926	187827
VxcuunxDgoNRAxdG	6oxnkBaMQssLO44dRiYYA0	22.0	1984	0.235	0.927	10.0	0.0	0.764	124.499	96973
VxeVXO6OERCBQv55	3Za9lO816BPNfOQVrY7Grh	34.0	2005	0.515	0.3389999999999999	0.0	1.0	0.0664	101.942	204453
VxkJOjheEZ2KmXhv	4BggEwLhGfrbrl7JBhC8EC	67.0	1999	0.736	0.8109999999999999	9.0	0.0	0.609	103.502	216733
VzY36FO8t9sDy1h9	5KCRE1CVair12NcED2WJQ5	21.0	2011	0.643	0.622	8.0	1.0	0.469	94.026	227560
W0I0QY8ucb4NcE3y	7Iu1TcpaMc60XJMliwFKT1	31.0	2000	0.449	0.89	6.0	0.0	0.523	142.006	226107
W1KQe9A1SdbULx79	2rxQMGVafnNaRaXlRMWPde	78.0	2018	0.552	0.402	11.0	1.0	0.382	103.313	193200
W2oPIJe4rtX27px4	7CFQA88EzvK6WA3mEinnUd	23.0	2017	0.7190000000000001	0.75	11.0	1.0	0.746	160.011	220531
W3CCtzRjme0zjren	2eCLfhleuAFsUPlBbBhSKM	21.0	2015	0.664	0.905	11.0	1.0	0.732	158.982	194120
W4RT2oKAwrm3ggpU	1rnvX6HHqcquxIzPcBD7VQ	27.0	2002	0.552	0.925	10.0	0.0	0.386	120.036	336253
W5UcGsdJQx3mss6c	2HcDTbtxYUhFVp3DLRmMu9	33.0	2010	0.409	0.858	2.0	1.0	0.555	81.079	203200
W5corTpjrk7QEawo	41pPyia2I4AI3PBnYUviO1	46.0	2014	0.597	0.7759999999999999	2.0	0.0	0.8809999999999999	107.983	229587
W5hS6GiORbPsebcc	1HGRSDZQjfh2jyRoeaYhlt	14.0	2011	0.505	0.444	8.0	1.0	0.7440000000000001	146.34	153613
W5tVq2rFbId2fTnS	6u46D4Qo2LxXUauqQ4lXPZ	21.0	2011	0.512	0.479	0.0	1.0	0.3339999999999999	121.905	197253
W6A8YWNyZX0WNp40	0MZNiX6Y894voEKhYntTwP	21.0	2007	0.327	0.851	6.0	0.0	0.47	126.054	288427
W6C8d6h3WXJQogSJ	3u1S1OmAUhx5DRlLrXqyp3	78.0	2018	0.69	0.784	1.0	1.0	0.669	106.066	194408
W7uDtEtChWiYb3Dr	1O1LkHTi3Lep9OHE8BvOVe	42.0	2001	0.4589999999999999	0.37	7.0	0.0	0.118	133.907	198373
W86mIKLYRcdpDQB7	2TRuBFYZYw0Q7qIVBhqR1T	45.0	2010	0.753	0.8240000000000001	0.0	1.0	0.937	117.95	180293
W8ruzCF9sKBP5F6m	6TfBA04WJ3X1d1wXhaCFVT	74.0	2008	0.546	0.905	0.0	1.0	0.598	126.12	177827
W9ZzI3jiNm54b3UQ	1CL3jh4Effnc19ZhQ5x8HL	15.0	1991	0.362	0.4039999999999999	8.0	1.0	0.2189999999999999	78.44	286600
WA69RBP7VVNxLvxq	1GY8zOFi8rC39xXnD0tKO8	63.0	1966	0.6779999999999999	0.544	4.0	0.0	0.963	122.735	171027
WBhyrlSmr4X1yyIE	5TITxqQOGI0hnem9Z3Knbh	28.0	2018	0.613	0.494	5.0	0.0	0.12	103.006	291615
WBzyf3LR7b53ya7V	4qph8a6knjDo4soec0KFiB	20.0	2004	0.495	0.946	6.0	0.0	0.654	134.001	202360
WC1vCGNbZZ1ggVCX	4kJ5xTh1TyX7ECAOfKJ9Je	46.0	2009	0.359	0.945	4.0	1.0	0.307	157.937	228227
WC7MrRB9xVfrbMGv	0h9qCOdRAlOA8IoAQOe5e9	44.0	1998	0.358	0.585	9.0	1.0	0.0773	102.656	435453
WCQ0wAlf3ZwxRk6j	4UJX7so2d2L2XttE5Pfwm7	48.0	2006	0.195	0.935	7.0	0.0	0.236	129.328	283360
WCrDlDnKjHsGjcQV	0h1yRXb0VDMH64xCsXoxaj	42.0	2015	0.599	0.6970000000000001	8.0	1.0	0.662	104.974	206333
WESZfNkEXTSzBsaH	5bE9iNcqexFRXJfpL6q78x	26.0	2011	0.612	0.8859999999999999	0.0	0.0	0.42	131.014	182173
WEkiUghEbv6bvLqL	7jIFGkTBIK1UwWaEXMW2Nh	62.0	1991	0.691	0.899	5.0	1.0	0.754	103.051	266080
WFKgFwlYxgr5Bjg6	1DZHq1mu4Q8uWT33ORE7Sf	15.0	1987	0.5379999999999999	0.111	11.0	0.0	0.431	133.97899999999998	168067
WFRuD3kMxc6vICY6	2FEAiEyD5Od8E87m4AuG7Z	30.0	2018	0.33	0.997	4.0	0.0	0.161	94.068	59631
WHxjgmae3Ce4GI1h	2ghsEENtJyJt7ysPVJcbmi	29.0	2013	0.4379999999999999	0.927	2.0	0.0	0.696	90.093	181147
WIU5g0OpNRpcHx3E	0V1cjQlvae4DmFeDFILDJM	20.0	2011	0.713	0.56	6.0	0.0	0.74	125.018	279600
WJhG1Aub9mFV7U78	0gZXockVcE7rEhSf4mcGLO	57.0	1972	0.5529999999999999	0.506	4.0	0.0	0.51	143.278	226213
WK41eG0q5syzuYcj	4ppTfNeRVLf3dwDHipC1zy	13.0	2001	0.39	0.644	11.0	0.0	0.0518	139.632	290867
WLin1wjxEOQiE6Gl	2x3hj1Y13NXv2cKHck0B9B	21.0	1986	0.8140000000000001	0.701	2.0	1.0	0.11	111.567	348667
WMPyZbE6EvI5f4wF	5xTtaWoae3wi06K5WfVUUH	65.0	2014	0.648	0.785	7.0	1.0	0.943	160.02	219200
WO2XiA5JUJc1shXu	4wh0E9OwMCxcaIKTg0Mts9	59.0	2015	0.462	0.89	1.0	1.0	0.3829999999999999	155.00799999999995	214853
WOXddkXJxOFMBl9F	7xSUGewoItgxStLNXnoWkl	44.0	2002	0.888	0.7070000000000001	2.0	1.0	0.97	116.671	210093
WOdwjPhCF0rsdsmT	6ETWn02Bv8JIYXHvSoQD5u	21.0	2009	0.377	0.937	6.0	1.0	0.3989999999999999	154.05100000000004	308107
WOfcbPlR3Cc0kg5U	3yzfWfO88DZuYQmqK2n258	34.0	2010	0.519	0.722	0.0	0.0	0.3929999999999999	144.947	215293
WP1pL2OGis1Omfbc	6pzyNyJEh2lux9S4sRqA1p	13.0	2013	0.466	0.852	1.0	1.0	0.6829999999999999	175.00799999999995	231600
WP4RkO51CCZnKBlQ	55OdqrG8WLmsYyY1jijD9b	64.0	2016	0.863	0.5760000000000001	5.0	0.0	0.8320000000000001	132.054	236293
WPBnYMX154X0DMFF	6FdPOK1hzjzsDNvAto3kRR	11.0	2004	0.303	0.7509999999999999	2.0	1.0	0.0994	134.405	273707
WRbNe1wqXuWUlW9n	6ForyBso37QPHoEM06IDwK	35.0	2016	0.5870000000000001	0.679	7.0	0.0	0.873	134.941	211914
WRvvdomVdDrx2JGR	7MKFtAnWUeJBYTXZCsHQxH	39.0	2010	0.434	0.8109999999999999	11.0	1.0	0.531	84.852	229373
WUIxdTis8WADsC2R	4kreL49xOapJRVTKl2OcmQ	40.0	1998	0.69	0.812	5.0	1.0	0.879	96.021	242600
WV0nwxHxYHiHuuHS	4ZsaKPfAtfmOpe7Me1KNul	43.0	2018	0.511	0.918	2.0	0.0	0.8270000000000001	105.007	209880
WYDhkPUgu71CQnF2	5eQtR62IZ8P8qZM2pSD9Ip	43.0	2002	0.456	0.7440000000000001	6.0	1.0	0.539	85.944	283000
WYE43ndTYxkJe1Cq	6mJMvtuCMZt4XXNs5zw1zx	38.0	2002	0.512	0.645	8.0	1.0	0.283	111.015	226307
WZBN7aj0uZj0WrSY	0naFsR8jsJ0J6HWwyEp6RP	49.0	2012	0.61	0.286	10.0	0.0	0.682	142.713	224160
WZk9NsK9zECWoYku	36MF5O3oyr7RppWoG69jca	47.0	2015	0.746	0.0609	9.0	1.0	0.385	124.012	185861
WawGnPjLVgiOy0kv	6LUm2kl2txJDSAwU7qPv4K	24.0	2011	0.46	0.445	5.0	1.0	0.118	127.247	199640
WbfeopmxZRWJ0Nq6	2o2636It7Or7x075FYC4cZ	29.0	2001	0.545	0.861	9.0	1.0	0.302	127.402	274000
Wf7fTQ7IKpq92WP0	5xdIKIPt3ycpj6NAzlQOFm	26.0	2010	0.34	0.945	1.0	1.0	0.703	174.035	191373
Wftx6te9I9o8NZb0	5ilQ6xjKxxGDTrQQNDp6Tw	30.0	2003	0.3939999999999999	0.764	11.0	0.0	0.457	106.612	242067
WfxzZrui6qQqt5MA	0sQ363WVeWIrUopUnj0jTA	57.0	1993	0.3429999999999999	0.504	8.0	1.0	0.225	181.875	271227
WgtykoE4fvPTAvxW	0kRkUurmczfzSoP8f4JAVP	25.0	2014	0.634	0.7490000000000001	5.0	0.0	0.726	134.921	187977
WgysWGs9JAJ5AOkc	0aW7CSfoMBKBzLE7VerHyn	55.0	2011	0.374	0.657	11.0	1.0	0.376	74.234	223280
WhSzBbGKdGiNuDKZ	63r0zgb1q1a0N5HNKAn3Po	36.0	2016	0.387	0.747	5.0	0.0	0.105	130.186	339960
Wi5VoAGKfSo81Gio	1xuy0LhOqyRErM3PTjQfHm	47.0	2013	0.7240000000000001	0.755	8.0	1.0	0.589	99.595	203080
WiinvNsURKU6cRWE	3cGyD41slrGW1e6UZnBlxf	28.0	2013	0.203	0.3989999999999999	2.0	1.0	0.115	113.199	335311
Wk61IvnOJo8Z4PRy	4cQIbDqCZrHknxlDUjRHZ0	60.0	2013	0.436	0.871	9.0	1.0	0.71	138.743	230227
Wki1bW857l9DbmIl	4Dg0FSovv3n8IBS9QMezTp	45.0	2016	0.64	0.873	11.0	1.0	0.201	127.0	431107
Wl89uae6RBPS13kL	4YUfY5mexUui2Lo9y5agMf	43.0	2016	0.779	0.934	3.0	1.0	0.8959999999999999	103.982	145600
WljWMIhImp5Ak6dx	1GsEQy2L9RXHEgTufGWbs7	43.0	2007	0.4679999999999999	0.665	8.0	1.0	0.0383	124.994	507279
WmNqsAqDnnPVhlRS	3unwRUV5qbjMmH3NJtaODy	42.0	1978	0.742	0.6	7.0	0.0	0.954	101.92	276000
Wo7ttQito032fSkb	3J4krWOV6J3mE6tNYiaqn2	41.0	1968	0.616	0.3929999999999999	5.0	0.0	0.7490000000000001	172.238	277187
WoGhU6P6dLVhOf2M	7khsvqWYjms5UASgLb8bft	38.0	1966	0.638	0.622	1.0	0.0	0.871	130.35399999999998	146400
WpCcJXRIHyPrv2g7	4Hruh5C0Ef3y8mIcns5Y1O	47.0	2004	0.4039999999999999	0.599	2.0	0.0	0.195	136.045	271173
Wpbfmpa4OH4SgoTH	4qSPm5ad3tx81UNQdy2ml7	39.0	2016	0.4970000000000001	0.913	10.0	0.0	0.483	77.001	171886
Wpm1j7ia9Tnt0qNI	2NZMogEcTS69z6OF3eo2G9	10.0	2008	0.121	0.893	7.0	1.0	0.136	95.541	312987
WrO5G0BU9P0qNtHw	3YfNvszYpptxYtHhsyBCvO	42.0	2018	0.823	0.643	8.0	1.0	0.897	117.987	199080
Wt0PiiD7NwTNxRrt	4HAWq1kBDMLSNq5UHWD7rH	39.0	2002	0.402	0.917	8.0	1.0	0.792	193.859	159573
WvfI9nwOhK7dOlpJ	6aIECqfZJJjV6PdL9dQHpS	42.0	2004	0.56	0.6859999999999999	3.0	1.0	0.562	96.112	224533
WwSQqMIUb6Oc00oH	4tRbLfvDfnMMyiSi8YqNRj	29.0	2011	0.573	0.728	6.0	0.0	0.795	127.031	190960
WwYOybskI0qfmdOU	2oIyIjIJL581F6WNkRy1jK	26.0	1993	0.4370000000000001	0.204	1.0	1.0	0.344	114.121	31493
WwgKaReaSdCnkwgJ	4NrSECImxo220MHMY1pOTb	41.0	2009	0.275	0.8370000000000001	6.0	1.0	0.216	122.184	426000
WwvmJNsrzdFVjAfL	6ECJVE5BQqHNUfUQn55nay	33.0	2009	0.356	0.852	1.0	1.0	0.469	100.08	248253
Wx5xlRAxMCK68VdE	2SnLnIHZZp3g59qjfXD90l	21.0	2015	0.623	0.71	7.0	1.0	0.371	82.939	194727
WzRkDzyZ5sPEMYbg	0c2YpJtxWQ5oVSoPYlslLc	31.0	2015	0.518	0.626	4.0	1.0	0.391	94.013	407053
WzqlJO9bflLqwmz4	6wsrdPesGUlwqyCqUb6LFF	37.0	2010	0.508	0.977	0.0	1.0	0.556	146.987	276987
X0OHMtnviYOUJTK6	1HPzBInBPVJfSUDNLsTGGn	58.0	2010	0.614	0.7020000000000001	6.0	0.0	0.773	169.96599999999995	250547
X1BgqU5qCsUEIzuR	014Y7CPce02N9bir2M1ePw	34.0	1997	0.725	0.7170000000000001	10.0	1.0	0.731	110.165	221093
X2UxGx6A93bzmomB	73doEQBZgtkom1Iyy76dEk	35.0	2012	0.482	0.722	2.0	1.0	0.4	140.817	232416
X3Ob2U7s2c2z6gex	3iGkVOWTZ8MJR4sikK1oRI	36.0	2001	0.7170000000000001	0.789	2.0	1.0	0.879	111.508	261427
X4jFLKv9COcbfFSg	0kvtmbRTgZNJ7GPGVhC2oD	17.0	2012	0.5820000000000001	0.647	5.0	1.0	0.204	119.958	275828
X4nxFJkuUInJfArI	08OXkYqqvhE7vjTzA9fVKk	24.0	1992	0.254	0.297	2.0	1.0	0.268	93.958	299867
X5ihEDR0EaR5ZzbP	3UiuKZWtgXjeAfnfGqIeu0	37.0	1987	0.7809999999999999	0.816	1.0	0.0	0.933	116.984	256947
X6z0stFzPJyigNjn	2R5zO3Zi0Of0v1DyxusWbk	45.0	1978	0.536	0.132	8.0	1.0	0.142	113.871	169333
X77yQ5Ou8gAv1iFe	6UZVW9DjfRKrcIVco5uwc1	35.0	2018	0.4539999999999999	0.88	4.0	0.0	0.546	118.238	192307
X7Dh9IW0hk9NC6ZA	2SR1q84Cvb9R9XDoQqvcO6	20.0	2005	0.452	0.893	2.0	1.0	0.4529999999999999	98.02	208413
X7bQrZDxfVGK3aVV	6q4XLE5WeOBWftoc9gTl2P	53.0	2006	0.508	0.823	3.0	1.0	0.152	95.98	270640
X8R3mEZDTUnr5XBm	3RQO0JgvHiNHvU7QZd8R8s	33.0	2009	0.491	0.96	7.0	1.0	0.361	127.001	215627
X8defiYa8Kz7DAoL	6aHqlJuJ4rJnPSIqbxs11y	17.0	2014	0.245	0.267	6.0	0.0	0.0521	93.048	116987
X8u0eXXkELsdbmGT	4YF6ybwYsBed8uOASsq7Qp	19.0	1996	0.205	0.764	9.0	1.0	0.479	141.595	221773
X9UmKzxyEDZ0Oscc	1ueOEwIxlCAivSC8ZrA5xW	51.0	2000	0.529	0.24	1.0	1.0	0.233	131.442	236667
X9iV94SmYSXydF2J	2YR8fTkGQxpmLat4A347LS	30.0	2008	0.8	0.7020000000000001	6.0	1.0	0.5760000000000001	113.973	188880
X9zyiDeDOr6k8iUd	0UNTBB02C1aB55Fu4H63qd	56.0	2003	0.764	0.821	2.0	1.0	0.962	162.519	276596
XCx5ltUQf47lsPUI	0ehtFnPWJIYVwZhca6GBu5	26.0	2000	0.56	0.972	8.0	1.0	0.5870000000000001	92.125	182973
XD4MsKOuEImt1Gnw	6K5xY7EabiBLjd2HuBQIak	50.0	2015	0.7120000000000001	0.6940000000000001	5.0	1.0	0.643	114.975	206213
XFHsDXxIXN7gvNDb	5aqu5xhPqoOWqF71PkfgM8	69.0	2018	0.787	0.312	7.0	1.0	0.425	119.899	128888
XGx9vTA0CmrgUJb1	2ZiJidFdQ30nVJEP4u44l3	60.0	2014	0.4370000000000001	0.863	11.0	0.0	0.233	194.073	240928
XHgKLrdanxA0s0Xj	2FGMsHSG11DQkz579hd8X8	34.0	2016	0.578	0.953	10.0	0.0	0.428	139.993	198239
XINP7qUl8eKrG3uq	3OETV4hQC6Ss9vqXahRTGA	31.0	1998	0.57	0.6609999999999999	2.0	0.0	0.161	145.153	297354
XJ2J0pk40oXB3qIV	6OE6PwauZVcbVrYGAkYOfB	32.0	2012	0.498	0.929	11.0	0.0	0.3	131.017	173853
XKHHjY6ZVJUDzyV0	3T2Z0X0dJ09v5CYBmcZODu	41.0	2007	0.6659999999999999	0.552	0.0	1.0	0.565	147.94899999999996	196867
XLT9XQT48DfHAZEc	2eeyCYseTMNhUVjOHvsJEc	31.0	1970	0.648	0.662	4.0	1.0	0.6859999999999999	95.546	209333
XNBaE1My6HTgelxE	5TYndk9aIJByOPSbpSehoz	23.0	2011	0.421	0.968	8.0	1.0	0.237	163.264	235093
XNHnWBoOO7rVNYjw	1sHWIzcHkT7qm1nyRannyf	30.0	2013	0.515	0.855	8.0	1.0	0.38	114.041	252187
XOT7qMMMrmWTIo3s	68vgtRHr7iZHpzGpon6Jlo	73.0	2004	0.662	0.507	5.0	1.0	0.6759999999999999	86.412	223440
XOtPca0L9EQo5MAB	0gh07SoJO8xxnQFUllJoP3	37.0	2017	0.208	0.975	3.0	1.0	0.48	79.384	704147
XP6qQrCR6Rh9MJx5	2QSjqNJVJEiVB03Epb2mIx	34.0	1992	0.363	0.807	10.0	1.0	0.59	98.505	308570
XRD4pfJmtFF5sdHK	7538sQPlfTs4bJVRSqq9on	20.0	1995	0.7340000000000001	0.593	3.0	1.0	0.633	130.385	205933
XWb6dMzpJsNwBPYH	2KY84AxHYq1vMKMchCc9j9	34.0	2011	0.433	0.7609999999999999	0.0	1.0	0.3339999999999999	77.014	222533
XWfDJYP0AIVHgsrk	4zeiDZ0L3q0rW0M4AQs4cm	40.0	2018	0.523	0.77	5.0	0.0	0.58	96.374	295173
XXFd7xa1Z18SLhcq	7rShtR7mI2kS0JpzdeGs7k	28.0	2000	0.625	0.8009999999999999	4.0	0.0	0.752	122.936	187667
XXShp3IW8QBbI6AU	4fsyPCAb55yWiyJVbDJLr5	36.0	1998	0.789	0.753	4.0	0.0	0.81	110.544	311600
XZ5UX234jN2PARId	51fNdmmF7wOzS3BLbt5Zkp	42.0	1982	0.472	0.574	2.0	1.0	0.409	86.571	294053
XaEOPByYX0ypNdHf	4e9vNGJS0P6Fk9xSywys9b	40.0	2018	0.65	0.241	9.0	1.0	0.0369	130.102	240005
XaOkF9nMqPvSJLjg	3om2TZtosZyHlITfewpIKD	30.0	2018	0.193	0.828	8.0	1.0	0.278	84.691	256773
XaxI1bIjlYb8Te7j	0ZQ6ckgerHYM5mOUxTl99Q	51.0	2003	0.48	0.6890000000000001	4.0	1.0	0.596	117.409	187760
Xb2Fw8Hrfo3XmYeX	5yb2pWoPheGZgDCO1c6yUx	29.0	1969	0.784	0.718	6.0	1.0	0.8240000000000001	101.84	218307
XcDu72gipo0aCTDp	74ynfl766B7U99PwFOanwq	33.0	2014	0.505	0.8590000000000001	4.0	0.0	0.575	87.985	265383
Xcn0ZCuNigtDbl36	2bNsGf3k5MM4yMSwXXNeRA	17.0	1983	0.245	0.638	4.0	1.0	0.183	80.357	218533
Xeg0EdihyYTTUHpr	0TZ1MAPCWb2jpaKzS5Muyz	48.0	2003	0.652	0.897	8.0	1.0	0.913	134.923	209973
XfLJdTZTQvc34XtI	3ViCqEv1cBIcxddLzPieQF	31.0	2018	0.506	0.913	1.0	0.0	0.155	100.004	238773
Xfq4FrvagN2XWrwq	2PAol2oDdGSHys8hc0gtLX	30.0	1992	0.503	0.637	11.0	0.0	0.366	113.871	267307
XhMbZeGuHJrd7GPE	7yFriaMZHcu7efVlTP2D5v	26.0	2016	0.412	0.852	7.0	1.0	0.349	134.082	227760
Xhlj1OVrv5reghaz	68QcquxCS39cQGTsRrJWIR	67.0	2018	0.7490000000000001	0.418	9.0	0.0	0.307	147.887	153887
XijoqZiHbjyhkbwc	6bM3GKo47KVgvj3gHdWS0U	57.0	2015	0.7170000000000001	0.907	4.0	0.0	0.401	107.051	232693
Xj5OonKAGqQ8xWKs	0J5g6MjaeNiO6M39eR4i59	18.0	1997	0.479	0.322	2.0	1.0	0.0943	115.14	371093
Xj7BqM7MQrUzXvFF	2im8Pxe6JuPf6dhpxhl2nX	55.0	2011	0.7140000000000001	0.5329999999999999	4.0	1.0	0.631	118.107	182613
Xjo2ZwkRSpC4xy6d	2bwvIrD9qzR39vHHvYDasm	44.0	2010	0.362	0.987	4.0	1.0	0.52	195.063	154960
XjrCcpfyMwX5qSaQ	7wuqiYtFp07e2UsAR4As7H	17.0	2017	0.741	0.385	8.0	0.0	0.76	93.985	186806
XkDpzfspMLx0paAe	3mBROtKxM1QTRv98X1dArZ	35.0	2016	0.513	0.775	6.0	1.0	0.475	130.01	223385
Xm2nNsTpuaydpaSd	5M8cQwYQauD6OmIyII8rZ0	22.0	2014	0.713	0.5870000000000001	2.0	1.0	0.59	117.966	205453
Xm7JGY7FHpa2ZZ17	34v65Mqjr7e2qJUCpsmhJk	32.0	1997	0.42	0.974	8.0	0.0	0.318	107.918	136667
XmbmtmCRZ9c6mVUf	2X636tMqHSGOQCC9N39AfW	13.0	2009	0.629	0.498	7.0	1.0	0.627	112.022	199653
XmpF2EKY6mW7LMy9	048rIiP977BBiepIeLKaYA	46.0	2016	0.521	0.93	0.0	1.0	0.3379999999999999	130.039	226067
XnfPW7kGspnUiKjT	5BWmh4fBjvaSJsB1mTMQWi	22.0	2018	0.754	0.6890000000000001	1.0	1.0	0.282	146.03	178008
Xnrqj9qzUNzw6WEP	7nY8fkDi2zmlQQHGSN9U9m	56.0	2011	0.281	0.534	8.0	0.0	0.217	78.77	299840
XovGsNryRMzXh5UI	6gDXbcILAyBa2skSdbUYq7	62.0	2006	0.327	0.295	4.0	0.0	0.143	148.57399999999996	243373
XpeKpRw6DGUKETqv	5ci7xVR94didqCdSdL3EUK	40.0	2018	0.491	0.488	1.0	1.0	0.0645	75.968	288440
XpfqjEDHABwecCEe	64XSAtXpCJUmadm3fkpH4z	52.0	1996	0.5589999999999999	0.504	7.0	1.0	0.479	89.051	340173
XrfKzYK6gm6goVJ4	0phAx12SI8oWN1AmhyceSQ	46.0	2007	0.6759999999999999	0.7509999999999999	4.0	0.0	0.758	89.041	250600
Xtxq4qK0cSwXdApu	19AvYEenkh9jnzYYcWoupc	29.0	2010	0.691	0.41	7.0	1.0	0.545	75.044	211187
XuyvebCVAj3KNSQp	5ACDC1gxAUXYDWherVKOiX	47.0	1996	0.318	0.984	1.0	0.0	0.716	177.229	147173
XxfUBJhGRz11ph3G	29wJiSQcze8HEmxkUQykyp	66.0	1986	0.457	0.487	7.0	1.0	0.139	136.596	272133
XxqYorEDvBGUqOM7	1tWYL8x0ZSNTsaRGGQLokS	26.0	2015	0.593	0.8370000000000001	10.0	1.0	0.487	96.072	191373
Xxtpr3xWO2fyLaKr	3MpR460YBQfy8WJLQZghuD	43.0	2011	0.564	0.95	4.0	1.0	0.514	110.034	204520
XyEANkAxngswc0yh	0SWvV3cp0Hg5QLamPXtm88	19.0	2007	0.66	0.5589999999999999	0.0	1.0	0.481	123.97	252907
XyF5lIv8kduBDuBz	496yE7Yi0gUAt7rkGVN4op	29.0	1976	0.624	0.251	7.0	1.0	0.4	110.705	259267
XyPYRpq00jnRmG5M	7l0Lr7Tl4Gt8hQj4v3rwtf	56.0	2011	0.235	0.965	2.0	0.0	0.322	185.278	231840
XyXF3BrU92Jdibar	01MhW3mxsCg2Jrz6HNOZUA	39.0	2013	0.693	0.8740000000000001	8.0	0.0	0.935	124.067	220883
XzFPEoF7oPvvH01t	64003fAAbyRqenrDKa6BdI	40.0	1996	0.7390000000000001	0.45	3.0	1.0	0.428	80.488	223800
XzjSiD0wxYgp8LQI	6u8aLbX970fWKDP1s7L8i6	30.0	2012	0.46	0.877	5.0	0.0	0.49	114.975	304867
Y2LFpvsH3nRdyySb	3HwQeHdIeBqiMltNdz6Obm	7.0	2010	0.7909999999999999	0.409	8.0	0.0	0.555	94.004	172667
Y2m4UPJQmT8sybBw	7iOX1fIesxEQUoSChli4Y0	34.0	2014	0.622	0.601	1.0	1.0	0.4379999999999999	141.931	245599
Y2p6SqRJtr9S4EDg	3GkclSNFTsqpTZJhzK9FCy	32.0	1998	0.6809999999999999	0.726	9.0	0.0	0.733	147.925	333960
Y3yPxy0rLpkGzpjN	6asGM97rckVIu70acf84rW	18.0	2012	0.215	0.867	5.0	1.0	0.245	91.851	627613
Y44gEaRDyaqmjGTY	3PyU9zQy9WtlX8jlxXCFLX	31.0	2003	0.284	0.965	0.0	1.0	0.0904	118.589	213200
Y4mIPBaETsfRTt8O	02l8wXmb9gtuj5tiHBEaip	35.0	2007	0.8079999999999999	0.703	6.0	1.0	0.85	88.95200000000001	221787
Y5DoDukI6GLbSm0B	7mPx5N0Yg9s5U0Cd13WA8q	55.0	2005	0.753	0.47	9.0	1.0	0.823	92.228	260387
Y8DU49f9VsUXi2gq	2XSbOCIb2R9rTatbU2eZbF	30.0	2007	0.361	0.619	3.0	1.0	0.584	148.47899999999996	255320
Y8RhM265A3Xcfpgr	6Nc3KauZ5OOk7ogX7h5HhO	32.0	2013	0.41	0.867	11.0	1.0	0.2689999999999999	130.075	279880
Y8XwpDYUHZrrgSqZ	1rRhsJnK27TMvWY4JaoYux	29.0	2014	0.55	0.565	4.0	1.0	0.312	84.176	207080
YBpLqDWGVHDqkWgY	3pi27Gt4NetgWmEMFOCjBQ	43.0	1998	0.631	0.7929999999999999	8.0	0.0	0.826	175.81400000000005	266667
YEPwnoI0DEno84Ud	7dnuiF2NqOhStTeTbmrMbE	26.0	1983	0.627	0.588	4.0	1.0	0.8390000000000001	106.027	264493
YEyEXbvN5DiPsUuC	5DNyoHl6EZmf8jCRMIkcsv	38.0	2001	0.532	0.863	5.0	1.0	0.8140000000000001	150.067	184867
YFS3vFgJzywJ44sM	6mEDMe0zG5pYrsRxizjauk	39.0	2011	0.654	0.922	1.0	1.0	0.669	127.047	242587
YH7YNepPDtOyH2J6	4ioGUGSa2F06jamUHnihdI	33.0	1993	0.1969999999999999	0.6409999999999999	8.0	1.0	0.282	145.43	470000
YIwwkANsjfq6Ixxg	50aMUCRkwfaHn6M3CC1bOF	28.0	2002	0.4539999999999999	0.433	11.0	1.0	0.107	125.513	328707
YJBNDgD77MYOmKW4	1GSv7gDs1cz0RuXQLwKIJU	12.0	2014	0.569	0.6859999999999999	2.0	1.0	0.451	130.02200000000002	197438
YJXadfyRUMKKdAeW	4jV7TPCxNDcR6ILr4DgG9J	33.0	1993	0.444	0.988	7.0	1.0	0.131	184.003	239253
YKTnZCH4ynRi5GAW	6Hk49EZCW2HGJx20LWaQPF	29.0	1998	0.6679999999999999	0.6970000000000001	5.0	0.0	0.6809999999999999	100.008	277000
YLMjXnE6SVNEFIWS	3AcTkjcmPD0SROp1AYGsOD	26.0	2015	0.7390000000000001	0.937	7.0	1.0	0.823	152.951	185373
YNGtvAPPX6sEwkDo	0b7Jv9sLr3NwuugoUkY13S	45.0	2018	0.711	0.733	1.0	1.0	0.5429999999999999	139.012	212718
YNfLuYjyPg7hul1W	6ZeQp2XTOiPCePWRfCHSo5	52.0	2013	0.422	0.321	5.0	1.0	0.28	78.533	196347
YOabjQSheRMlzH8W	0oBfrjRtYaCi82cAiHuo5W	35.0	2012	0.515	0.487	11.0	1.0	0.47	145.071	232320
YOvI3wCnPDPTBWRn	3etPTXfqRt405rjbaNKMgJ	26.0	1996	0.544	0.652	2.0	0.0	0.47	120.339	240977
YRITQ7o80HnaO5vC	2bqQqCHnS5mydiCgn9dKzh	28.0	2017	0.612	0.7020000000000001	0.0	1.0	0.7859999999999999	93.025	202467
YRbjQMZRfGEjQphC	0Xx3WMS1FmcmgiS7LYjbQF	11.0	2005	0.588	0.521	4.0	0.0	0.336	124.028	254920
YT1ZsHvpwaukvRQv	5pjWzUc1tVcewUTdDJd6Ce	60.0	2013	0.877	0.542	2.0	1.0	0.509	111.474	266704
YT3RGZjtj6Dx2OUP	337KFECQCHct3xuPARuw7W	5.0	2005	0.4539999999999999	0.7090000000000001	5.0	1.0	0.27	140.696	199640
YWmXlDp3BjUTmkbx	4LIqZhC3uSlyaXIWsPBgZg	25.0	1964	0.498	0.535	7.0	1.0	0.631	115.108	194707
YYRldwLD7DjPA2nw	5Ar7TB13XZYF6sDb6RoyWz	41.0	2010	0.873	0.487	6.0	1.0	0.615	95.254	257680
Ybs6GIR658H9lZuw	4kvdX9zzsix7jYHsRVkVUH	54.0	2003	0.414	0.5720000000000001	8.0	1.0	0.16	145.184	228280
YeFEkU1qnrrZ4kfp	2gliw3L0oa4w8LqaHploje	60.0	1979	0.499	0.637	4.0	1.0	0.815	169.11900000000003	352920
Yew4sg3Mh8KG3dXe	4WCN7nHOnR0WHOukYvhVY8	27.0	2017	0.141	0.992	1.0	1.0	0.0699	159.989	223067
Yg5schEVH4fRgOyG	77JbeEezKoH1w38l2zLFGM	39.0	2017	0.484	0.979	8.0	1.0	0.386	106.991	241778
Yh13mIYh6qCVvGZM	6kyxQuFD38mo4S3urD2Wkw	57.0	1999	0.487	0.2789999999999999	6.0	0.0	0.162	139.362	237027
YivNVMYSCFtwBRqR	1mD0LxzCdfathf6j7xMp7b	41.0	2004	0.254	0.921	6.0	0.0	0.235	175.047	339780
YkL4t56PdbuX7rjh	48dsRNpAOKGvxaa9qHuRqZ	20.0	2008	0.282	0.296	9.0	1.0	0.201	77.544	274800
YkfxTMmU5Ann2bc7	0PIQF15Jp7HwouZPLqPj8b	39.0	2018	0.8290000000000001	0.755	11.0	1.0	0.952	100.016	186093
Ykpm9MuRdJwU6u1f	2QpRkbKIDblZ6cCfYk1hLw	17.0	2017	0.423	0.8420000000000001	4.0	0.0	0.198	139.83100000000002	224960
Ykx3FlTjYOihRjJd	7HRv1sYuwgoea1m0JRvChV	65.0	2017	0.8079999999999999	0.647	11.0	0.0	0.29	110.036	266000
Yl2c52gxOqI3Zaz1	4H9637mkUDyk9Rq0WgDEwc	46.0	2007	0.924	0.6509999999999999	7.0	1.0	0.898	126.947	261920
YlPjPW1RVvfx7E5j	5BuQz9w3QYnX86Vt5YAfKm	30.0	2009	0.435	0.95	2.0	1.0	0.583	159.963	216920
YmQ3Kgb9mBdUzqUL	5F47mciLb9K7vMTh9ocVvn	28.0	2012	0.6409999999999999	0.8590000000000001	8.0	1.0	0.7020000000000001	143.013	208600
YnCZAEuMzX6tugzs	1erRDf98WX0VllciGPYO1H	47.0	1991	0.3720000000000001	0.961	9.0	0.0	0.159	115.336	198227
YppWsOzRTs7XtsNI	3WYEZgK2Ux2Qvm3HK96cDG	41.0	2007	0.541	0.64	11.0	0.0	0.639	93.049	191893
YuInfbXLQ5tMk2fe	3h5UtqgDRuks0bMJRdDsrc	21.0	2009	0.688	0.868	6.0	0.0	0.8059999999999999	124.019	283861
YuXv0h1L3e0KLBFt	56INqunnROYeoszaLpcIPf	29.0	2014	0.53	0.86	6.0	0.0	0.794	118.656	160520
Yy1P1AXo7BgZPlon	7hzlzoOwCZ4D3Ow5YZK4kj	75.0	2019	0.754	0.653	7.0	1.0	0.379	123.084	179746
Yy57QTozBZtgg7du	4rqevMJHSJ2nuSqMPpIF5E	45.0	2016	0.496	0.825	7.0	1.0	0.5820000000000001	147.158	275600
YzAbpq7RBs7sSjwK	6Lbou6DLY96jA6i9DC2vXA	24.0	2010	0.132	0.529	11.0	1.0	0.525	99.752	292280
YzPwMqQZt7OWN2yp	6cqcORKkxjI4AGR4MzARcA	28.0	2002	0.315	0.602	4.0	0.0	0.184	78.738	527667
YzXWwWKeFMKNgkU7	00x8xxen8A31kIJZYFTaAI	13.0	2005	0.762	0.255	0.0	1.0	0.519	140.007	303720
YzfpVoUPlOhBoRGx	10CHyhiPPp7XJaEokGsuPQ	12.0	2003	0.441	0.416	7.0	1.0	0.175	155.767	215467
Z0ev5wgPd54rliaY	6E27AELfi7YZwhRvbgtpLL	23.0	2012	0.618	0.711	11.0	0.0	0.596	87.462	176747
Z1BvJR4W7wpkj5jh	3sbBOn0ifcgoX3MfaTeFKr	54.0	2008	0.7490000000000001	0.7040000000000001	6.0	0.0	0.821	145.618	230573
Z1puf19RRObqRc0h	0gL0Xf8CN95HmgfEYYLRZV	56.0	2013	0.466	0.8420000000000001	6.0	1.0	0.418	75.0	193733
Z3DvFRRHNOweIxVt	4yE1OyCPNzo95F7XHad4KI	7.0	1999	0.276	0.8340000000000001	6.0	0.0	0.5589999999999999	141.599	237453
Z5jzazK8kZUakI3o	2MHF75LHXKEKTkFQiAHwrt	29.0	2004	0.625	0.813	1.0	0.0	0.518	80.013	244107
Z5zVTAyzdTi7hMUn	3RW16XAZ9N9uz5CUCnBqdQ	33.0	2011	0.537	0.935	11.0	1.0	0.542	101.998	278160
Z7BVpQKC74ikxwrx	5yccyAsmiQdJ7yY6YbBxbh	5.0	2017	0.364	0.435	0.0	1.0	0.152	139.889	339347
Z7Jm3Zvo8zboXwhY	468OIV1LzYrm3rluVKl8AU	39.0	2009	0.583	0.804	6.0	1.0	0.654	134.036	187307
Z9IogtTgXNKJJVcn	0qnJvMjpRizhzxCuO4gBOP	43.0	2010	0.421	0.974	11.0	1.0	0.225	138.046	260760
Z9NxuSB7oMKInvSe	2ROJCBdOLQNp01eRXjsPG8	33.0	1998	0.747	0.7040000000000001	11.0	0.0	0.92	102.033	272893
Z9buo48YjTcqqNrW	5NNDgSIV4DQsuuXr8YuPRl	29.0	1999	0.517	0.585	2.0	1.0	0.4970000000000001	108.834	235707
ZAf1iz5crgmiHq4P	4t7NZcgdC30fH75Noqyy7I	31.0	1991	0.162	0.921	9.0	1.0	0.413	178.577	261040
ZB4EiZPVttA4uuRI	3hENlPbIlUZXQ3MiosF87Q	60.0	2017	0.7120000000000001	0.914	9.0	0.0	0.5660000000000001	125.873	179048
ZBs7BYWTCleOhxD0	5gc0glyDCecyvQAFG6Pt0t	26.0	2016	0.504	0.472	0.0	1.0	0.595	102.428	215760
ZBzWlry94rD4HGtP	3K8hcmiEnCiVFqqHoMMz4q	47.0	2007	0.506	0.963	3.0	1.0	0.352	124.462	234987
ZDsvrVKxDznO4WDq	7EZlzu01NzbR1jWEIDSk5T	28.0	1981	0.362	0.961	11.0	0.0	0.1369999999999999	101.931	124733
ZDufThw6Hw6vCGNz	0GxeMfYAPQGYXuq0EImYtT	25.0	2011	0.601	0.862	10.0	1.0	0.481	127.044	200640
ZFcUHau7U6SS7RRh	1ruTDiZhHiIGhQzGksUWBD	29.0	2002	0.203	0.193	10.0	1.0	0.1159999999999999	78.40899999999998	225280
ZH9aslSOybQGjec7	5B4R38byqdsirGkYuBhtSW	16.0	2016	0.354	0.149	11.0	0.0	0.0754	132.045	248733
ZHQjN3THZhKRRItk	0zMElbRUCQU6Y2CnEO3jGY	38.0	2017	0.457	0.918	2.0	0.0	0.486	96.016	242144
ZHb6P1WhuRwNm4U2	5FFQbvn7055P1DvgJDdCBP	37.0	2007	0.718	0.527	4.0	0.0	0.515	124.342	228360
ZHyA8gmdsY9rvn7x	7BK9mgYn45mST4rfeqo7jk	37.0	1996	0.603	0.877	4.0	0.0	0.157	99.993	218507
ZKXTWdDMiiTm2C4j	1nio0EPd1Oq80XwyKyin2c	23.0	1995	0.43	0.852	11.0	0.0	0.206	113.748	265480
ZLN3e0k2wN7RAT8a	4Rc4r5WRsNDQqZn45b0sje	19.0	2010	0.706	0.622	2.0	1.0	0.389	103.003	205907
ZRCm1vr7lF5axxUX	3tFxdOTHaFrI29QpjBdo2g	39.0	2018	0.471	0.6629999999999999	6.0	0.0	0.336	150.042	184600
ZSdjXRSSTrQM4ONP	00vOICbp9QDX7e0R9l0Vl6	62.0	2018	0.841	0.493	11.0	0.0	0.55	118.04	183051
ZUcUt00HzJJrH0l4	3XEBLD4pmwzSpcODe7gsAG	20.0	2007	0.408	0.425	2.0	1.0	0.0395	108.77	291307
ZVUArIJVocWSm2DI	6tiP9uc8lTpM1waRsCNE8p	24.0	2014	0.341	0.58	7.0	0.0	0.5920000000000001	158.716	216320
ZVVd8SCDX0vgDyTk	5WfHQW2I3x7J7nQCda7Op2	19.0	2007	0.53	0.73	3.0	1.0	0.407	120.013	355200
ZVjUg4rlqeq2zk7C	1KHOOsJUHBy82PCZVV8Lmd	34.0	2013	0.618	0.624	10.0	1.0	0.774	85.994	201800
ZVpQbENHdsVNc5nj	1zyGFId8xHOcRmCmehrwlc	52.0	2006	0.6890000000000001	0.778	3.0	1.0	0.851	97.011	166573
ZWbE3A6VF42VL6RT	6oyYKWTbYt5Zb8tIiLZbmH	57.0	1987	0.7509999999999999	0.674	9.0	0.0	0.696	117.969	304293
ZXdbWfoEAszI5hfx	1pXjAEnU7yTDd4nZ1wdiuz	17.0	1984	0.292	0.933	2.0	1.0	0.4370000000000001	143.269	251973
ZXuQR3cpYYzK079G	40DxvOtNw0XBDg5rT39ADI	27.0	2001	0.579	0.7070000000000001	11.0	1.0	0.581	140.072	255333
ZbHnora5vVkcoHtk	7eVuaxbkzHQAxvK0D4xaGQ	20.0	2016	0.594	0.537	9.0	1.0	0.377	139.951	273293
ZbpkHgAWTYhnBNIP	0bfAhtp9RvFBf8JfiW9e09	32.0	2006	0.4429999999999999	0.899	1.0	0.0	0.216	147.991	216653
ZfaLwOqkxDjobnL3	0KWB9DbW5IA237yjUqnqGb	24.0	2013	0.3279999999999999	0.8420000000000001	2.0	1.0	0.0714	96.282	218373
ZgIyy62a8WNhlsvL	3E3KcNrXNMZWublk8YGZFk	18.0	2006	0.354	0.6920000000000001	7.0	1.0	0.359	149.466	192467
ZhCpr6rRtB0kKrQg	2UYhmkweranRCK2hKBuvvL	41.0	2017	0.5920000000000001	0.7390000000000001	2.0	1.0	0.37	101.917	215533
ZhK2fvEMyTR7RLma	4FEr6dIdH6EqLKR0jB560J	48.0	2012	0.285	0.613	5.0	1.0	0.0772	126.628	413347
ZjXaL0Esf2zyFwGx	4UMTp91LHhvW33ol9ZQH0Q	61.0	2009	0.922	0.8590000000000001	2.0	1.0	0.616	114.001	269613
ZkfhgDP1AjItvoTw	5TjuQd2TgP2zQrEZdoCM2S	30.0	1990	0.564	0.2739999999999999	5.0	0.0	0.157	125.148	429244
ZldiLYHpQmfOnCoP	0tzGO848WKrjiLc3jF0Lvl	12.0	2006	0.515	0.871	9.0	0.0	0.83	135.68200000000002	246240
ZlvX11EItz0KwBEw	3bp0Zuc7LMxgjqsQ6q3E8y	45.0	2004	0.732	0.6829999999999999	2.0	1.0	0.259	75.50399999999998	259573
ZmIvJUGedwPqUIFh	3llwKWXLIIqqceJhK6J4zm	41.0	2004	0.507	0.8690000000000001	7.0	1.0	0.377	93.907	203960
ZmVDCi3AzxElzcbg	60GnLUvlb4fUHThzG8rZDT	27.0	2011	0.4639999999999999	0.249	0.0	1.0	0.0914	131.97	268640
ZmXHCROopvjj4Ff0	15NEIBMCFHg6UElFbxQuph	48.0	2011	0.715	0.794	10.0	1.0	0.604	119.994	260974
Zmb8idzkHjVyKSzG	660r8nKPvYmfLdf7U5h9JG	19.0	1969	0.477	0.307	9.0	0.0	0.59	72.398	739373
ZnaeLynPiBOau473	7bODAYZ1EPDVck7eAr7kuV	20.0	2018	0.502	0.6559999999999999	6.0	1.0	0.2689999999999999	134.969	327926
Znfj2Pgh3NGZ7J2b	2GBMgrUq2RmYGrgyi9ZTlh	29.0	1999	0.288	0.949	9.0	1.0	0.735	155.278	180467
ZoYYYz8yRVC2cmaC	0BjcJuCEllM2A0uXhOpgE0	22.0	2013	0.3929999999999999	0.433	4.0	0.0	0.314	116.556	183156
ZotwZPPCRVHcu0fD	0zW6xwG3WfPv2WFAj6NUC9	32.0	1998	0.327	0.144	9.0	1.0	0.0407	66.464	85053
ZrsdL1dzzsBPVZKO	48vkclgG3Fmbvrln1RqtDh	44.0	2016	0.214	0.912	11.0	0.0	0.0679	168.111	237091
ZsDuTbSasoyF0wN8	2D6M6ijLcSRIdqLu4N0JYC	37.0	2003	0.684	0.487	11.0	0.0	0.408	88.055	233918
ZtK8ZKKV92KEXuj5	1WcUCzkRQEBeDzRoKMokfd	38.0	2017	0.726	0.3379999999999999	10.0	1.0	0.301	75.99600000000002	207906
ZtXQAF1r6OPFLBX4	0EhRNdWsIM9iOjBa1fsLO7	22.0	2011	0.728	0.6679999999999999	8.0	1.0	0.552	101.011	213613
Zvcu0WYWVNxuUqZZ	1F7MA1cUmyoNFZrj07IQnE	21.0	1995	0.4679999999999999	0.331	1.0	1.0	0.242	120.573	314027
Zw3wuV2iohaJKKFX	4C3osHVXn7trOxSBc8AuhX	31.0	2009	0.508	0.918	7.0	0.0	0.595	134.964	226800
ZwH79vuG2oserzc4	24LXtO7OzwoGqjlMi0Y4RO	13.0	1996	0.313	0.705	0.0	1.0	0.8270000000000001	177.183	174693
ZyxB4pFxGdGMoBQ2	2tEAyPRieofT5ktF5YlqL6	21.0	2006	0.353	0.873	2.0	0.0	0.178	92.07	364667
ZzVzT19g8bLDuQX4	1fmCIpRoakvPCOKdh6kPHO	21.0	2008	0.639	0.72	10.0	0.0	0.527	160.018	274840
a0cmbjjBWrf847tZ	0cTGMD3WHSjPS7Wv7NgTaQ	21.0	2005	0.271	0.69	7.0	1.0	0.4529999999999999	119.137	206355
a0qzcAKDGHbkL991	2UBZCxvghc6M635BEKjHZe	37.0	2008	0.384	0.153	7.0	1.0	0.282	109.859	186827
a0sdwxIrOejCr2LA	38cT57riDBa7nu5LgCS1j9	13.0	1991	0.213	0.96	7.0	1.0	0.209	113.534	241227
a3jE1T4CmqP4ZTf6	0Pgpdm4KfMvrDYY1IK13ip	29.0	2008	0.591	0.867	10.0	1.0	0.321	118.01	267653
a3twwTmvU21ftPcD	7sHGxzaWViGHxW7RnQ2ENu	38.0	2009	0.455	0.95	10.0	1.0	0.318	124.011	253400
a3yLMxFv65RrAOPl	6WKoOXecrcYW8RmerNCxFB	51.0	1973	0.505	0.755	9.0	1.0	0.456	134.94799999999998	228333
a4tEo6PuwhPU7YTs	0MERlEh4GPu7e2OHypHe77	37.0	2010	0.4970000000000001	0.292	9.0	1.0	0.34	160.759	173893
a59KCiWbgXwk7AY7	5NsYNCX3Tf8W1tXjmD3xZi	30.0	2007	0.4529999999999999	0.915	0.0	0.0	0.6659999999999999	128.036	211907
a5OczTk7N77LtLPB	0Ta1U180vOfj8LlhUM1Qvh	31.0	1998	0.317	0.391	3.0	1.0	0.2769999999999999	167.06599999999997	254920
a6Ldr8JuWibhQdcZ	1OhUmE8Wkw1KBXx2gQcOo9	40.0	1957	0.547	0.377	2.0	1.0	0.245	80.87	170800
aA4XDBKkg9IQ8w50	4fLMUXKKMAY3KLrqfVKryb	18.0	1995	0.502	0.415	4.0	0.0	0.185	125.227	236933
aB6trI9oLGRFIxIp	2jGRfdqBvMyRgoBU7dxHOg	30.0	2011	0.583	0.536	0.0	0.0	0.889	140.429	199147
aBduPRB3pHotIWsM	73SpJadkJXYEFULmyafS3c	40.0	2013	0.291	0.978	11.0	0.0	0.265	102.491	271299
aC6Ayj7JjDNa6oIg	6vlxmQGwmlyp07YjkugV6K	58.0	2018	0.5770000000000001	0.727	4.0	1.0	0.24	112.041	244467
aDPVc0tZExJbTX7h	3lMGhsGVaAO37AKy5CV8HB	47.0	2016	0.731	0.617	1.0	0.0	0.417	139.983	247987
aDmkVm3tw77b5Skv	3NNkJwiHucP5QyUEAIMXra	49.0	1970	0.5670000000000001	0.65	0.0	1.0	0.146	97.279	185587
aGenGqyAioKQzm71	7k5Gji7TdalcU7p0RjIaii	42.0	2006	0.484	0.7490000000000001	11.0	0.0	0.613	142.165	261427
aHMdjdbj5w82uMHU	7lUODpOGAOl6IuLY73ZP9b	29.0	1989	0.435	0.92	11.0	1.0	0.569	95.596	170880
aHlbJEvldwtyzLqz	1buRClsYPnS4HRRz4jRMmy	35.0	2006	0.574	0.0994	3.0	1.0	0.351	99.291	147667
aIHkRpvDISfojoSC	7luPjDIAF3fpbsc0lftsX9	45.0	2018	0.514	0.6609999999999999	3.0	0.0	0.28	75.03399999999998	206046
aIoW8AqUp4V8oqLi	1JJOL5EhixrtlbXDWKS0yj	47.0	2007	0.422	0.519	0.0	1.0	0.358	179.81099999999995	200160
aJc2iUAYrCaf0GQE	3ddkqCHtAAwt1G1HOEcwXP	25.0	1999	0.345	0.931	11.0	1.0	0.104	149.994	324813
aJkXYdcQJhS7Lacy	4H7WNRErSbONkM06blBoGc	75.0	2018	0.479	0.4679999999999999	5.0	1.0	0.35	85.913	204427
aKqWxytp7gAIpgws	6a0qndhSL1TTyLYLalxSVS	10.0	2017	0.4379999999999999	0.815	2.0	1.0	0.2689999999999999	124.1	203560
aLbPR5hDoabY2fOj	7B8i097AlAcwxNQRx4ygd0	34.0	2014	0.373	0.8320000000000001	0.0	1.0	0.375	195.091	290453
aNZBvg6HK506YMMC	3yNVDeOlaPGu2Ab71gG5nP	42.0	2018	0.401	0.944	6.0	0.0	0.416	173.074	185013
aPI5DLNVHtXLLZlO	6sVVOCLGg2gyUSBZArNnoO	40.0	2008	0.7140000000000001	0.624	1.0	0.0	0.594	92.964	299173
aPIHQ5FrkcywhYs6	7B826fTyDa3DkjnKpOgXFo	63.0	2018	0.578	0.58	2.0	1.0	0.348	141.925	240048
aPelENX8G49Gj6oj	4slKBguVQh5XdQ5rbBjQ3c	16.0	2010	0.423	0.6	5.0	1.0	0.205	81.977	272773
aQWoxvBsHigMW7Xf	31B9r2N9vAqhHciZanfucd	37.0	2016	0.415	0.87	9.0	0.0	0.264	155.925	236267
aQXggFPoMfftph16	6U6pzv1OmytAtbYujDLMmM	41.0	2008	0.475	0.978	8.0	1.0	0.3779999999999999	125.911	178640
aRgCqi8DP1hZ9SHY	3VBEeORseWTAEAeRGSfpqV	27.0	2013	0.514	0.6970000000000001	7.0	1.0	0.389	113.001	158157
aS1H3lmbYp2EfnbA	0PZ5XHuhfB0LQEQbqEaFnF	46.0	2006	0.654	0.5820000000000001	7.0	1.0	0.223	110.028	268920
aTfX7lU02rONUf1A	4o7SYOv7mNJAPe0tsxgbHc	33.0	2002	0.455	0.419	8.0	0.0	0.426	97.353	277573
aUeTyLDIpE8XdDK9	28xkOGJZDA6R87GmgmS1cE	12.0	2014	0.387	0.995	5.0	0.0	0.0709	146.005	310250
aW3givmbLaQpko2G	1MQeShIRRYCcaSs4XzWldh	42.0	2010	0.408	0.7709999999999999	2.0	1.0	0.691	129.87	210360
aX0UYSKe6NkamxVU	4dNdyApQkH6jYkxIOkIieP	26.0	2013	0.331	0.949	1.0	0.0	0.214	140.069	387853
aXp4lZRYZx0XkTF3	0MyT53iaFESGbto9wPWWKv	24.0	1994	0.425	0.122	8.0	0.0	0.147	134.43	347013
aYfhVF6MlwbLPm0i	0EIsxWGPSte4cAHZw5aXr4	58.0	2006	0.3939999999999999	0.7440000000000001	5.0	0.0	0.772	78.696	236680
aZHU5THwIvAg6JvH	7muE2TWLiWW9OutrrhOQ87	54.0	2019	0.428	0.469	8.0	1.0	0.33	139.46	183002
aaX2aM1B0z0l4qnJ	6UcdVNBIfFl63L3BHYi5q2	22.0	2004	0.6659999999999999	0.741	2.0	0.0	0.331	117.006	317733
aava9gRPcQ7mO6A3	7fEnPlUM5UiRz3PI2tx8CR	22.0	2005	0.439	0.973	6.0	0.0	0.278	110.001	249053
acRcYe7lAKDHr5ca	334dGM2YusM2XejQdldax2	37.0	2006	0.373	0.915	7.0	1.0	0.217	128.796	402573
acXQK7PHbHaPNdSK	4RdUb04l8HfMIRvjNhgssf	24.0	2013	0.529	0.49	10.0	1.0	0.218	129.063	206413
aetAq0HPCsGVqJ7G	5DdNuQpLxV3s5KQXNtqaNw	17.0	2019	0.585	0.611	5.0	0.0	0.28	84.954	211934
afmSDk2caOd8CCfx	4XQgdczvOapXHBiMc5ovlo	36.0	1998	0.67	0.7659999999999999	2.0	1.0	0.7659999999999999	106.981	204920
ahLNFBTNw4IljKbb	0ZQ0AYmoSQqmPYtI9JP9F9	41.0	2002	0.65	0.833	9.0	1.0	0.677	131.184	227667
aj0xceMGXSgd04G4	0hSDw0Vdp3RrvhLnzNONhi	36.0	2018	0.306	0.968	11.0	0.0	0.335	168.231	221227
ajY2DyuWBZwq1ljE	68BAY9kqDMjFxSz2MwWAla	39.0	2012	0.4270000000000001	0.7659999999999999	1.0	1.0	0.306	119.904	272319
ajvHWbaGX7Lg0HMf	3y1quPyXSj3wh5yIT1inuy	43.0	2009	0.3979999999999999	0.747	1.0	0.0	0.168	129.995	297707
akpfejkAf7W9l0eO	1Lv33qFAcC8028WWHNNRMM	32.0	1999	0.607	0.69	4.0	1.0	0.392	108.523	259267
apX5C2ITLnYHUBnI	6fYnCv7uovk7dzdpxYOHDE	44.0	2017	0.446	0.945	0.0	1.0	0.361	159.959	264080
aqk9E3NGwkOohKr4	6w6Hq4e1GVecVJX8Dycp7Z	14.0	1993	0.23	0.369	4.0	1.0	0.0734	135.993	237760
assJZR0Et3CPmcQy	0D5kDzncleh3tjh877IbFm	41.0	2007	0.623	0.835	4.0	0.0	0.898	150.066	174360
atOPJOcBxoTaNZAK	0QMK2WVjKy3iKdqajgDB1P	44.0	2013	0.57	0.397	10.0	1.0	0.297	78.013	265613
aui0FvvvRh0v0xSG	0vrn2hJZCpsfZgXr7nNHji	34.0	2018	0.8490000000000001	0.682	11.0	0.0	0.3939999999999999	103.075	124981
avixVtq7MQdQtnTU	7kHFOz2UsMKGPelNIJv9to	32.0	2018	0.779	0.629	1.0	1.0	0.8240000000000001	126.016	252440
awAh4Mi8JoKeMJRB	1x3WrdMnerhhGiCixoO0z4	50.0	2016	0.507	0.7659999999999999	9.0	1.0	0.326	96.009	204600
axXJG6X7O4QMMhCf	7ti4qMC7xYQeh1uRzj5XuM	52.0	2014	0.618	0.848	7.0	1.0	0.413	118.998	209485
ayIFjyaWjGMBxq7K	0ire4j2mcGovF5JA1D2cTp	60.0	1986	0.64	0.926	3.0	1.0	0.901	131.997	271067
aznIlM22HnFPueza	7gsArdm7rk6X6wsMr2QKWS	49.0	2006	0.216	0.882	11.0	0.0	0.6559999999999999	189.286	193427
b0klBEr6fIiJ3MmI	53k9dt9jLyPJyF0dl8SLyR	13.0	1996	0.22	0.254	11.0	1.0	0.166	173.94099999999997	187640
b15nkmpmStC43Yr8	13HVjjWUZFaWilh2QUJKsP	70.0	2014	0.546	0.311	1.0	1.0	0.246	147.464	260533
b1zLQbwOrB5vKq2c	3DXg3iji41m0OZiUaIyVoX	10.0	2010	0.662	0.967	5.0	0.0	0.357	122.999	281667
b2BVaaQmMXdCZWub	3M6auAoAoVyPGxNxe1jcXw	37.0	2009	0.623	0.946	2.0	0.0	0.922	108.016	244760
b2UrwkuWxL038ZVe	3t6b9mnZowfdMnbV1pBeXp	49.0	2014	0.7170000000000001	0.76	0.0	0.0	0.8859999999999999	79.979	160240
b2xlM8IKxjMTeHgo	1efuQOZOuncNpjBHx2YYhu	38.0	2014	0.45	0.964	7.0	0.0	0.177	122.895	299133
b3xs6QH7fc6QSx4K	651koV4RRMMX6NDbW1ElwP	49.0	1991	0.413	0.945	2.0	1.0	0.369	133.379	194427
b63GU7S8X3ddzOqZ	37YDqIgeHjA4Cp75DuX3o4	21.0	2006	0.611	0.833	1.0	0.0	0.305	123.008	266760
b7M5Z1YaREArp7eX	2J5myP5z9V64HycP51s4nY	29.0	2001	0.445	0.512	9.0	0.0	0.3829999999999999	130.954	96200
b8B0nsmF6osYiBPV	1lIOMibFPfFYlJnjQaZluo	33.0	1974	0.265	0.235	6.0	0.0	0.038	116.044	358933
b8FkzRYlHq3Shyb6	3tuesQXvLfgtP6TvMeTTxW	18.0	2017	0.703	0.4629999999999999	8.0	1.0	0.125	112.019	282468
b8bHsDeJsSpgG2uL	59CzyyXjbOfTxfsv5MnBOV	39.0	2012	0.643	0.6759999999999999	9.0	1.0	0.62	104.844	174587
b9G2PNb7goUk0T0o	1Bn8jBSmtSQdvAFXU3ok1w	55.0	2018	0.515	0.505	0.0	1.0	0.5379999999999999	150.063	286707
bBGtChdIpEaWIAWw	5Vb0SgInHwS0tq46dApdBY	33.0	1963	0.7390000000000001	0.551	11.0	0.0	0.962	129.08100000000002	131000
bEWLtSSg5rqKZoW4	2DdluBZleLq30PlfUAqSD5	53.0	2016	0.152	0.975	7.0	0.0	0.365	178.947	275253
bGnM1pwwsXFK8i4k	3tZgEBkhCxbeJTpKUbL6lI	15.0	1994	0.481	0.545	10.0	0.0	0.322	169.97400000000005	267307
bHgc75T9woUNcCoI	01ACsk2knUnsfWeZp63nqa	37.0	2004	0.845	0.935	4.0	1.0	0.962	129.94299999999998	204493
bI58LvIAEoNwwapT	1Uu5JFdSdBkiqdCMceeu4b	25.0	2018	0.499	0.946	6.0	1.0	0.536	114.985	338020
bIDVY7FbsuHTgV50	06yzUbhzV1BKNSbkoebDo0	37.0	2008	0.657	0.536	4.0	0.0	0.436	119.057	264213
bIG2SYouMTZQZiIg	08kvJTpcthAvvvW0BAcGHN	52.0	1977	0.534	0.457	4.0	0.0	0.271	140.798	233893
bJAI9SXn8oc4c8gr	5gIVvKKRDiDNFBELOxXxta	22.0	2007	0.708	0.6729999999999999	3.0	1.0	0.42	121.058	189227
bLmTpCdQ2pvzsb6l	53pV2CrAU8x6eZ7SaPLRaf	23.0	1996	0.607	0.6970000000000001	0.0	1.0	0.451	90.118	261773
bMTjmxX2psrPeSyv	5Dx8DhETu8DryPg4ap0DDc	44.0	2008	0.389	0.991	4.0	1.0	0.385	171.072	248747
bOJAOb3aqaLyECQ2	7jd7qdYcVKZJ7A28CGFInm	15.0	2005	0.198	0.89	1.0	1.0	0.51	169.68099999999995	194000
bOjQfDIb15jAFGgX	04tGB3iBg3EFjmHt7XmOoO	59.0	2015	0.6779999999999999	0.922	4.0	1.0	0.349	140.066	213251
bP9ZktHAPThm09Fs	3We4NozyDM56ktqAAluCkB	21.0	1995	0.509	0.0989	6.0	0.0	0.244	83.15299999999998	215627
bQmC7sFso6I6U32F	3LVzggcoC7LOAri8ec2ItX	32.0	2011	0.408	0.978	7.0	0.0	0.392	161.781	218320
bRszxeOkN2FP9Jhv	7cDMcALsaDm3IhKD5xh4jI	24.0	2001	0.211	0.813	8.0	1.0	0.111	118.992	228893
bT75PhG3NdF7PZ1W	4TzSa9Hj6SYeX58kRnWQhu	25.0	2014	0.534	0.0449	5.0	1.0	0.306	115.449	129280
bU9zsndJzZ8fRZ92	6nek1Nin9q48AVZcWs9e9D	74.0	2011	0.449	0.585	5.0	1.0	0.203	139.627	278719
bUFaJKTTLcvigHZP	5qjWuT5QmYLLd6557B0eeA	20.0	1974	0.3329999999999999	0.0749	7.0	1.0	0.322	73.548	250933
bUyESS0Y1RhTzjsM	0fNCLvSVUEK7NTwhu5vk5B	50.0	2009	0.5870000000000001	0.732	8.0	1.0	0.4529999999999999	97.031	218053
bV8NArWItH1DecC7	1g5EcKDECPxeI7kgkvcbxm	49.0	1996	0.545	0.452	4.0	1.0	0.297	91.294	169547
bVZQ4Q8vOBnDgq2u	2kyjRBPLjeFn3JMzMtykxf	37.0	1994	0.6890000000000001	0.512	2.0	0.0	0.365	118.843	251707
bYLlLPgDB5A8A5LE	0w325PxNVbLb1Py60RZNaD	34.0	2018	0.716	0.535	10.0	1.0	0.47	127.819	205736
bYUSWnRGpxL2GYs1	5Ub2AOES7STAsQfo4FiwQW	23.0	2006	0.527	0.8320000000000001	4.0	1.0	0.361	104.549	236587
bbOa9aqZcNeTMxLM	70Ou47cZfdYfkReGp2mrPl	21.0	2014	0.181	0.4270000000000001	5.0	1.0	0.0818	117.168	1128880
bcifD0Zt4Q33BlqZ	0BTaF7WdhyGDuYoQJtv6vb	39.0	2018	0.39	0.98	1.0	1.0	0.251	162.954	233410
bg1NLY9b6V2YuAXT	5XJ1jQYn3l4KCNx3IoIC3r	41.0	2017	0.251	0.985	2.0	1.0	0.222	132.641	237227
bgVO1I8YSftydb0F	7jKuO8ZgQibBtlpernJh1Y	39.0	1969	0.281	0.7979999999999999	4.0	0.0	0.7040000000000001	190.763	228827
bil3xBLdwNlETCIP	2Xo03QOXIH8tSQeQTA60t1	41.0	2015	0.498	0.938	10.0	1.0	0.371	75.0	220745
bkVxEhKnSLHZ2scD	0MWyFQhXx0n5cACIkk11SZ	32.0	2001	0.78	0.179	4.0	1.0	0.621	112.355	226227
blC0kW4mYLj4V4u0	4ZSQZJohL51A4Fjb69472X	30.0	1987	0.299	0.976	2.0	1.0	0.302	153.975	160427
blJfTtBbirLvxzXx	6HFlrUeCo9BwRvhlYkDbn6	31.0	1964	0.5539999999999999	0.374	4.0	1.0	0.85	80.113	130000
bnOxKlH33gGRva6m	390SemxFYgPZ3FfGVqiIqt	53.0	2000	0.557	0.8340000000000001	8.0	1.0	0.659	137.69	192360
bnSRdkiztuMlQtud	4uvehZNI8BxnmBOlG9wmVn	35.0	1975	0.531	0.487	0.0	0.0	0.31	157.766	268423
bnybuPr7cVtal89u	5TX08awwAs7EHiUAZot3UM	27.0	1967	0.514	0.273	7.0	1.0	0.301	92.458	144800
bqBw1T3nxj3WMqhi	4R9KztunyNTH13KtAqePLp	62.0	2019	0.669	0.789	0.0	1.0	0.5429999999999999	87.57	195312
bqY0f2s5Riqotwdu	44CDKhgomH2QbQAVrcjwIr	22.0	2014	0.445	0.409	5.0	1.0	0.0894	86.176	215133
bqk4aDgA8YXkshM1	0bPIKFrGacMfW0kvqMMk67	20.0	1979	0.602	0.491	9.0	1.0	0.613	135.51	197427
bs8B5dtFsAmxv4Ik	7znZvX0Mt6NBmaI8VCPurT	50.0	2015	0.616	0.635	7.0	0.0	0.638	150.17600000000004	245107
bthbpAKNcvAMoxb7	3QYWYwpcCdf5f5DQW52oaz	35.0	2006	0.586	0.669	5.0	0.0	0.4429999999999999	138.002	269305
btyckunsNsv1Jq4L	5mQ7PVdtniCBV4Jf4xpXuj	34.0	2007	0.541	0.937	9.0	1.0	0.3829999999999999	128.08100000000002	368160
bu3fY6X2N1TBDqcj	5hSnGMuMeAjgIBD1I4G6dq	43.0	2018	0.499	0.948	2.0	1.0	0.217	99.979	387587
buFmSypE8o4deuJk	5LkTlcCQpV21BYpSIkL3Q1	33.0	2014	0.513	0.557	2.0	1.0	0.882	165.384	160787
buSQNqR6hX0RXMGC	0G6pSvxbiVDQ0X5m0g6fBJ	24.0	2012	0.65	0.8059999999999999	0.0	1.0	0.626	125.106	246653
butR6ck5hkOFug1U	7LUxLggr0vvXXGS9o8Xq80	37.0	2013	0.534	0.966	1.0	0.0	0.483	132.97	294893
bxBqTsR2GyEz3GBn	5yMyLZu4wPvWcbLFiRhYVM	52.0	1979	0.501	0.3379999999999999	11.0	1.0	0.105	95.942	127830
by0aJiTfjSjr43Re	5glApUhKEfdHTuiEa9BGGU	36.0	2004	0.402	0.511	7.0	1.0	0.349	109.251	189213
bzKC3quTf7xliRmN	45h4w81P5iJJTSeR0jJUQ8	58.0	2019	0.479	0.154	2.0	1.0	0.2319999999999999	92.457	213612
bzW9r4mOxMRi13Fo	5laVINxJIepmaJfZY2S2Xq	28.0	1987	0.506	0.838	4.0	0.0	0.484	117.688	260867
c0HIZf6er9LlYKQY	2oyS4THTUzUxT2lnHGzzIr	61.0	1993	0.764	0.6459999999999999	9.0	1.0	0.877	116.141	174627
c0a3SCBOGtahzIlq	3fDsErbmOD3TuaSDuxSXav	58.0	2011	0.5660000000000001	0.507	6.0	1.0	0.141	158.119	253373
c0oTPqvKZKkIyvkx	01TxIOstqFA9bQEGUgIgZ5	28.0	2008	0.516	0.8590000000000001	4.0	0.0	0.273	130.024	302667
c1b2E7sUcpwfHLvU	0EE8sKPzRr3pdvuqjFcwkE	21.0	2011	0.4429999999999999	0.802	7.0	1.0	0.0968	116.028	251493
c3jtqmfCO2VPQ2EO	4VtSO2QcHikRASfuNi7JOM	44.0	2001	0.4679999999999999	0.909	3.0	0.0	0.314	160.079	103280
c45Mh1IMNXWR4tVI	0U0ldCRmgCqhVvD6ksG63j	65.0	2010	0.535	0.857	9.0	0.0	0.446	91.053	258413
c6cySvz6XIUrbltJ	3DI8C3OSwuXd8E947MWiSi	45.0	1977	0.655	0.3979999999999999	11.0	0.0	0.659	130.722	336579
c6iJvTugRHQsxXCm	24VXnY3LbacOOom5gRSgYs	38.0	2018	0.821	0.742	0.0	1.0	0.581	104.937	197320
c74L3efP1zcd37Gw	0HZpiUtrwCqKChQn0x6Bqy	29.0	2003	0.506	0.988	0.0	1.0	0.235	105.531	313933
c7MBpdUlwywl4pLd	1EjzkhMFJgl08Qkn2uDV1d	49.0	2009	0.515	0.748	4.0	0.0	0.785	87.85799999999998	313400
c8A4m1cZej6Txtew	6sleEAnBH0sZMe0pOQNidG	51.0	1991	0.638	0.7829999999999999	11.0	0.0	0.637	115.269	297093
c8VUJtGLpwSjTraD	2HmMklpgK8vGCpJmPpz1yG	53.0	1999	0.723	0.674	7.0	1.0	0.61	124.9	188200
c9FF8qLm6oAnd80T	5sK3SKou1YtKJHXs91RzWS	17.0	1980	0.708	0.754	3.0	1.0	0.838	126.995	225293
cAOxh07g4FhwlmkB	1FSkS6h2UVI2LGAXlOYzcY	39.0	1984	0.5660000000000001	0.892	4.0	1.0	0.711	138.562	213987
cAbhNxsiZVPwWmck	4TnED3AwIT8sa1qCDyPAed	16.0	2013	0.3339999999999999	0.906	6.0	0.0	0.356	154.916	411485
cAopC443jQQaPAxN	4851ppzRPRS4qRvs8T4ypF	28.0	1971	0.665	0.826	7.0	0.0	0.856	131.594	223440
cBwnYRZDxXmUbIRq	7kegNJK6Dd2ZQc663oPQ9y	16.0	1972	0.496	0.469	8.0	1.0	0.626	85.916	179560
cC2BZKMudvidPFIE	3TO7bbrUKrOSPGRTB5MeCz	66.0	1973	0.358	0.48	9.0	1.0	0.356	120.317	413947
cDf6FcmbzmqAMZXB	1M0g1beKC4H9gbrOiSayHW	56.0	2012	0.532	0.899	0.0	0.0	0.436	85.0	230520
cEwPdyyV0HAdGgcm	3tXztMiRtWvLDrwJUEfd2o	36.0	1998	0.5770000000000001	0.858	11.0	0.0	0.639	146.925	259027
cGBnG5asya6PPkd6	6aMFxo5WTedwbV2GMqHjnI	20.0	2012	0.3379999999999999	0.316	5.0	1.0	0.2739999999999999	86.01	197707
cGLi5tm4WpRJwL8g	3pbQW2s8n2KysT7SBIvRdc	37.0	2004	0.4589999999999999	0.968	4.0	0.0	0.5579999999999999	101.158	164360
cGcnG2Yg0ZvOAQiM	38zwkK6TtTjIW9tpYBfZ3D	73.0	2018	0.642	0.8809999999999999	11.0	1.0	0.913	138.03	222045
cHTSbjh3LW3dGT0m	2tVrRlYUJMFUyIG0sJBgiA	47.0	2018	0.39	0.317	8.0	1.0	0.356	68.172	196147
cHh3Hm3iiuHn7VFc	6eqapEKyzvzux3ARXDJ9k0	40.0	2014	0.611	0.6579999999999999	0.0	1.0	0.102	136.967	227160
cHskexca51Qry0Tw	1cmSVr6fl5Hvb2worddWrH	41.0	1969	0.428	0.493	7.0	1.0	0.5489999999999999	79.464	230267
cKAb5VlDVU9ew0qM	0AqE1fmcWjKjrYNcTphhEM	38.0	2009	0.324	0.8009999999999999	6.0	1.0	0.472	184.716	157360
cKsCnyDhRltPskzF	4eUvHaJVPEhJmXa6TBQnOf	2.0	1998	0.389	0.5539999999999999	1.0	1.0	0.396	108.825	322133
cL7QZdFzgM35FgKM	7zANpmn2uThE0Pn94MiVMq	21.0	2016	0.107	0.968	9.0	0.0	0.0393	92.11	409117
cLpRPKxQgZZs45Qp	6BYRWJcmVR36DUO7Dghcxb	38.0	2011	0.384	0.8740000000000001	5.0	1.0	0.267	95.055	230920
cMO4dq9xdYcKGMOE	7Bncv4ahH3qUJydCBzSwao	41.0	2006	0.434	0.85	0.0	0.0	0.247	130.872	258587
cNaPmhZfszEkIIgR	1tTxt6RtTqvuSEe4gFhWO2	46.0	2012	0.414	0.187	7.0	1.0	0.276	127.323	261427
cNzUdLZAdf7cvzrD	3VduoRGZdym3rpyyQp7kYD	28.0	2004	0.5579999999999999	0.777	2.0	1.0	0.63	125.65	221040
cOiPR0OfSajxdtTf	187ham8Imo8IUhkw0xygus	39.0	2009	0.6409999999999999	0.841	4.0	1.0	0.583	131.898	224973
cP5xGVKo0BK2njzW	1lkY2LapHfItRKTDpWoZli	33.0	2015	0.628	0.6459999999999999	1.0	0.0	0.436	143.95	253461
cPF4MpSGByMxUK2l	0nwLwnVrUpUDQtB7XFmhBi	17.0	2009	0.435	0.847	1.0	0.0	0.138	125.009	303400
cSI0CeKGGQPhipfM	0juQNDN4EdiuG97rgKywkF	40.0	1979	0.457	0.355	0.0	1.0	0.291	108.101	315733
cVZd1wCtRYIqRnaV	01lewSOj9ZaXplh9TpNKL4	55.0	1980	0.78	0.58	0.0	1.0	0.96	116.192	357027
cVtZB9m3ywEoWBlU	1yR2hEQo41n10CMFMejo8l	29.0	2010	0.416	0.469	0.0	1.0	0.09	88.042	354890
cW6IIwQ70Uef6ZWJ	6gBqfMrnpsAT6O6hosjhNA	28.0	1998	0.623	0.489	5.0	1.0	0.5660000000000001	137.986	255200
cXObHyfRP9zXpzul	0qtSuZT80V4jCabnqRR8aA	33.0	2018	0.531	0.995	0.0	0.0	0.235	95.05	221533
cYdAm9O41zULoO6Q	78WaBhq9Mf60WbZDDKWato	30.0	1982	0.39	0.908	0.0	1.0	0.64	169.172	306680
cZiZLhWELVsUcNWu	5CVesD8y6S9kVFTMJf5J3W	27.0	1997	0.3379999999999999	0.805	0.0	1.0	0.471	103.144	257040
cZq0NEOrY3Ub5Bqc	1Y2GZOHagYKkKRzNVbpbT5	31.0	2011	0.574	0.965	4.0	1.0	0.7809999999999999	128.034	199253
ccjDYUnDQNkFPasP	4qR5ebLVRCbjHkhq2EtxLw	22.0	1990	0.31	0.8340000000000001	9.0	1.0	0.38	114.664	276160
cdL50yldr3nCPYxD	1Xan822a9yNbPIGJHW9R2R	31.0	2002	0.523	0.975	1.0	1.0	0.368	91.023	301973
cfnCDKI8VbHs2jd9	6Ffb377jy5A4pKAGmPEB9c	19.0	1977	0.311	0.586	4.0	1.0	0.362	98.234	214960
cjJXzvEF4Wp6O3Nj	18tGnopQbmq3uJAfPZc5KU	23.0	2014	0.503	0.911	11.0	1.0	0.128	131.002	259970
cjNWhVdO6mb2H3dX	0z6aqMJAl7TbCP4okrKcHs	34.0	2005	0.596	0.708	9.0	0.0	0.326	140.187	195467
ckpcIS3A3obl8go8	7sGetE1cZGaqC2d2I0yEkX	24.0	2009	0.516	0.623	4.0	0.0	0.126	129.02	511280
clRRL05YXjFbiR0o	6StUrTx7pWgKbbuEiQcTAc	23.0	2012	0.271	0.976	2.0	1.0	0.1689999999999999	112.549	149595
cmbTAe2ehcx3cPMO	1rsvpq2FuGdEih29HcHla5	46.0	2017	0.473	0.385	6.0	1.0	0.523	147.83	257948
cnLuNtwtIxId4eKd	7yOHHVY8AhsNt297yEcHVE	51.0	2013	0.2319999999999999	0.5820000000000001	2.0	0.0	0.0763	184.873	400933
cnrfJ1Ks0r9NMkpK	1w0hboEMff54kez5XXyRNP	46.0	2017	0.7240000000000001	0.745	8.0	1.0	0.528	97.963	216933
cpHDfb7hQOVY3Ufs	36Yw1hE6Ktp1SrrclWWsjZ	34.0	2014	0.397	0.542	5.0	1.0	0.509	150.189	285843
cqO02dSdiVvPKzx8	5HlOxEqktjDdezakotRBqM	19.0	2013	0.578	0.852	7.0	1.0	0.578	83.882	163000
ctHdDW4e6qbv3Bpu	3eDBBDWXkmH6chzPZhuajx	50.0	2010	0.405	0.703	7.0	1.0	0.1969999999999999	156.155	184880
cvYVtonyqBG4e2Ui	3BvDDNltw2UFBS0o7nHMRw	31.0	1999	0.506	0.621	2.0	1.0	0.54	135.047	336733
cviZt5CCr2Nwy0tU	02sCFoCkZKNgNfXLAKoper	36.0	2014	0.616	0.494	4.0	1.0	0.2019999999999999	122.89	220547
cwtOkntn5tcz5MYO	3WGiMyK486Aat4b9ZxuHic	28.0	2003	0.4579999999999999	0.624	4.0	1.0	0.144	111.295	333027
cxQ8ubQsI3P1L41V	4aCsgwFhbZ8CmYAotK7W2B	49.0	2006	0.746	0.5820000000000001	9.0	1.0	0.914	113.058	284387
cyI6qb7ipUtf4uPv	4clw6ilYxpOiBeoSkJJvSX	25.0	1975	0.693	0.679	9.0	0.0	0.965	80.715	199547
cz9LGmaW0nrNoPl9	6KFugAK1UbwAmD5kGfLzTG	22.0	2008	0.581	0.855	7.0	1.0	0.535	82.19	241453
d1bPxFltzwLJuBYc	61xvgZVz1DiR628nmGtsZH	45.0	1988	0.765	0.486	7.0	1.0	0.856	87.054	234507
d1ygyzzObXCLpSte	6LhUsJiXAuxoalUz01evh0	50.0	2000	0.243	0.988	8.0	1.0	0.2769999999999999	89.905	316493
d2EeEt1LbdTieWMj	3M1efEL19Cn4lKG3SFIJIO	27.0	2017	0.6779999999999999	0.441	9.0	0.0	0.346	115.006	247265
d3aQlD9eyXSIDM3p	2hjjUjikOa29kImnI5kQPw	50.0	2013	0.499	0.66	1.0	1.0	0.643	160.00799999999995	195320
d3qNK3tkDuX6acop	0V4rhAtfPv5dkV8gJIEzUh	27.0	1975	0.319	0.49	3.0	0.0	0.642	140.964	228400
d41rVa4fkK2uBVTh	3FnzzFJxIrcIxQ3JJNFalO	26.0	2005	0.665	0.972	6.0	1.0	0.7240000000000001	101.973	175187
d4GPdpE9JxqlzhUd	0VeqER57ixyKcnLsZ1zxAj	39.0	2001	0.423	0.745	1.0	1.0	0.187	136.901	239280
d4wN9mcXDkSzYrQP	1kjSgy9oWda3jr6hzfLgcx	28.0	2003	0.314	0.905	4.0	0.0	0.307	111.277	293667
d5e7jIzgjRrYY2e5	1rH6IEkxIjjm6SEN2J4rSE	36.0	1997	0.6759999999999999	0.7829999999999999	9.0	0.0	0.63	114.184	235533
d6hSPGsvbBx2mcPR	1Vps9IVy4MXNzBNrzlkAiB	43.0	2008	0.502	0.98	4.0	0.0	0.392	121.962	258187
d8KGvjyvjmbTRtiq	6UnLkUxMpFmnFLEsSx5KI4	12.0	2012	0.442	0.809	1.0	1.0	0.237	150.179	203814
d9gqQrTy6u3fml8j	5gz7C7pokQ1bgIwC1FHJeM	11.0	2010	0.154	0.67	9.0	1.0	0.298	134.004	318173
dAVSHlWNfvQTLyU7	0TQwoYnLVBiIEmaMFbzOEc	27.0	1980	0.528	0.925	2.0	1.0	0.602	120.362	309293
dBALoDIDTetYue8J	1W69mAdmUCjE53jpGNcHY6	40.0	2011	0.52	0.8809999999999999	2.0	1.0	0.239	136.016	258693
dCPZXsR5zuoiqhgQ	7Mnku6jtYFjgG6RbFiLKxm	47.0	2017	0.621	0.76	1.0	1.0	0.757	149.842	191920
dDyJBl7FGVK0IaSE	6T7MAQCekVb3UnCykjX3BP	57.0	2006	0.3429999999999999	0.6920000000000001	2.0	1.0	0.153	174.07	295000
dEyFvw1ulgvGg5R8	1L2ZkXbRX00ZiaUDuMMgf7	48.0	1996	0.364	0.8109999999999999	11.0	1.0	0.151	120.758	419893
dFbTHpZiRO2yfqd5	0jXtaPBVSHh5FNUV6mXtpr	17.0	2007	0.1969999999999999	0.8109999999999999	8.0	1.0	0.15	96.066	280747
dG79PeWA0lQCVaHu	7h8Jv7VtxSLU5V6e0FAx6e	14.0	1974	0.318	0.4589999999999999	4.0	1.0	0.276	135.946	547627
dGCMt6Vgl3JKdDtN	2tsKfVNqn4vviL0uYTPxXf	30.0	2011	0.4429999999999999	0.462	11.0	1.0	0.034	166.84400000000005	244347
dIbdUy8MNt9UItbs	2IkN2dOeNif3VUfxRBEif0	25.0	2012	0.561	0.136	5.0	1.0	0.3	119.558	277840
dK4L2hw63zomOqRL	2CYDgjy8aqOnXroh4aIHap	21.0	1980	0.368	0.4579999999999999	4.0	0.0	0.649	105.834	146000
dKAY5NTPo5hXQE9t	6U0ToibdJY4ZJ4rWW5uuMg	33.0	2005	0.618	0.475	6.0	0.0	0.485	83.96799999999998	204960
dKgW8TWUQEkrWNxx	2VCuboriIVhdyKcXHjNBNF	27.0	2011	0.3379999999999999	0.935	9.0	0.0	0.182	99.044	273293
dKuAeKggDqmR3ccw	60TmG8cFPMBo7kTTFOLiAB	51.0	1980	0.47	0.909	9.0	0.0	0.534	161.64700000000005	219067
dL08T5Kl2SBzD6E4	2m7R6reSLWxnz2YIlVG1Q9	38.0	2016	0.434	0.2239999999999999	1.0	1.0	0.0369	143.983	227640
dLM9a1tp4jM0ev1w	746bHsY27aWTMYpoxqECOm	53.0	2002	0.26	0.923	7.0	1.0	0.387	170.605	242133
dLyOVPsfSra2qtzz	1w2ykcBe1ulCMbP7PGWrsG	18.0	2012	0.47	0.377	2.0	1.0	0.476	96.663	247667
dM0xLgekoxu8BB9G	3oMNSKH4VbHG30wOHu7GVd	22.0	2002	0.246	0.894	9.0	1.0	0.462	137.555	387560
dM4B2QxzhvguhuO3	7rKm5BfLqxYko007wiamnm	36.0	1995	0.322	0.868	3.0	1.0	0.183	101.545	253493
dM5HLLmari8RFZQi	0MEzifeWlCGs2X6hrhlzX3	28.0	2004	0.314	0.5760000000000001	4.0	1.0	0.124	99.259	232933
dN6dZS8y3P95uzVl	4YbltZNvhsYD19sevSUmT8	13.0	2014	0.664	0.7040000000000001	0.0	1.0	0.511	110.006	185737
dOZLy4CMYHUeZbGT	6345vFrcMJHvnnh1aa8Rbc	23.0	2013	0.643	0.908	11.0	1.0	0.46	128.025	202387
dQ0QKf2O54bRTjxd	3J2SKnOosP4kCC3tKZOARk	38.0	2019	0.624	0.638	5.0	1.0	0.301	177.917	132135
dQ1IXkmYyX8syMzq	008UO76dicJJrUb5g6WID0	36.0	2001	0.677	0.885	9.0	0.0	0.741	119.981	216813
dQUNiihhNbCIbtOF	7D49Iig0avHre9RFSUMkd2	62.0	2014	0.599	0.8540000000000001	9.0	1.0	0.311	119.986	234547
dRAADFtskK7RKp9N	7zZe5D6gGcuYy9JaQO3uaN	7.0	2001	0.516	0.738	9.0	0.0	0.321	191.979	312000
dS8OlnXdTl7atrar	44R3zk8n5b3g5fTEXCkwnW	44.0	2002	0.5660000000000001	0.8190000000000001	1.0	1.0	0.708	164.00400000000005	270733
dUrkOzllVZcg7EWu	0iaH9igozppzwSBq6cqUEz	20.0	2007	0.804	0.725	1.0	0.0	0.929	109.982	194773
dV9QAVnOrwawFhpy	66Ic3dIvBMBV7Oc4PUjw5w	23.0	2001	0.457	0.93	11.0	0.0	0.878	110.078	207520
dVPFNMZc3quRY93K	64j9PQCgYrBrTzVEktbMGh	33.0	2005	0.491	0.84	7.0	1.0	0.931	159.039	218000
dXQN4nMkkpRA7n3m	0vyoxWYsDYduwnYuiEHOZg	41.0	1992	0.488	0.953	2.0	1.0	0.503	90.005	284573
dY4ce1ZFHgaxCjWk	5EEDnjtmJ0gDuygYlUFMAb	37.0	2004	0.682	0.872	7.0	1.0	0.416	144.983	419720
daRD4q4rw38NvRiP	47wtXjG0Sk6DI6cjkRBcEg	58.0	1997	0.422	0.5770000000000001	0.0	1.0	0.615	122.506	262627
db3xz7AhrA4lNbsK	0ElALDEYaW6NlvVwc1babg	40.0	2008	0.528	0.716	8.0	1.0	0.4039999999999999	153.003	288973
ddMyorB8dcAjYekt	47rQvKTp8yBGozDFTZ8yFL	30.0	2012	0.3720000000000001	0.978	0.0	1.0	0.0808	105.64	361573
ddgvhCr2BN2875KF	55QbFqecKi2bTSmMibljnH	27.0	2008	0.452	0.652	2.0	1.0	0.433	148.106	233293
deBXMEPJpKzvqPo8	43ZyHQITOjhciSUUNPVRHc	72.0	2017	0.936	0.523	5.0	1.0	0.6990000000000001	119.889	124056
df24C70bnrdu6vdg	4xcGq9P6z6ei0WjqVWe28G	9.0	2003	0.23	0.782	0.0	0.0	0.3229999999999999	119.758	195400
df3HHKRCRC6r2ebj	0gy2gTsZFODgzcGeNiAPv7	35.0	1999	0.754	0.61	6.0	1.0	0.35	118.685	346600
dgQEu134LgE5MOQc	0xikWgPgYN9BEes0ieZ8Co	50.0	2001	0.698	0.925	3.0	0.0	0.6759999999999999	96.953	295827
dgY2wKP0f5gJ0flp	3NGVsOJzUCqXcxsxOBfcMx	25.0	2018	0.355	0.924	9.0	0.0	0.132	159.916	339201
dh8SBE7OXzWfE4d2	5IgCDHvvqsEhUoVNnGjCfr	28.0	2015	0.435	0.948	2.0	0.0	0.434	151.967	204520
dhLk6TsovIf5kepd	0upa3TEr5lAisLtqJudrB9	23.0	2012	0.503	0.5489999999999999	7.0	1.0	0.59	94.642	211538
dhR8am5rFimuCefj	1AoiVnAj0a9G7zLyLnmfIt	30.0	2012	0.395	0.866	7.0	1.0	0.597	169.262	183480
dhxfJ8LHCJOooMpZ	3TAMiM8XFmU9vFd333pgRh	54.0	1972	0.61	0.495	1.0	0.0	0.6829999999999999	146.878	217960
diI0fZDVuz0nkdAy	1TBkiwXed6au6ZidzzHHBr	31.0	2011	0.51	0.779	6.0	0.0	0.1889999999999999	120.311	236680
djJhZPBrS6E7CurH	21sqlyePOzpybQDGyKzzWO	23.0	1980	0.7829999999999999	0.552	9.0	0.0	0.884	122.701	227067
djePchaQ78rlH30T	4V04QxWQu99mI3vo8Q4LKO	34.0	2008	0.455	0.919	11.0	1.0	0.937	143.461	108667
dkHLbU1V1C02wwbW	7ECBfG3O3Sxs3D3TGEU7ag	44.0	1993	0.327	0.6890000000000001	7.0	0.0	0.711	86.522	259533
dmlywJaBrKL3TCzl	6CC2wtZswp5xBZ2zDUCg8n	20.0	2011	0.44	0.917	9.0	1.0	0.208	135.009	282467
do5MoXcipigjraj7	5y5jYmo2ZM6wcpSDGlDIw8	14.0	1989	0.0845	0.986	11.0	0.0	0.0347	179.15900000000005	184520
dphEsW57D0HnaT8t	0aKC4nygNhLyLzSwCVnaXb	38.0	2009	0.574	0.579	5.0	1.0	0.306	145.922	237600
dq2AgN5P9I7f9X3z	7eL4SDX6MdpZGst3hK51xm	50.0	2019	0.417	0.365	4.0	0.0	0.119	119.569	243600
dqhKBB0F07GFKhpc	3IcIIZMMS7UArJJPtEHXG8	63.0	2009	0.742	0.471	1.0	1.0	0.384	86.46700000000001	242200
drA9gwq7wLwRSHWS	48ucaKjccruxDbi3Au5ZaH	41.0	2007	0.545	0.953	2.0	1.0	0.591	111.121	143213
drxtwgq5YSqrvZRi	5UhJc2jRH9xYNR39GhoJfC	38.0	2007	0.502	0.451	0.0	1.0	0.103	133.97299999999998	224480
dshp5ViYSOYckUgi	1Me0238KTGrw7POxazgl77	50.0	1996	0.601	0.161	1.0	1.0	0.4579999999999999	75.928	207733
dst4n8hPwe3bvdPI	2wCKGd4ODvXDmI4Rl6gaz4	27.0	2008	0.414	0.95	7.0	1.0	0.239	95.03	195240
dtbsqQh1eQWAXQva	44eBSYvFSr1KGv4ZF5MahK	35.0	1971	0.413	0.127	0.0	1.0	0.265	131.189	138133
dtq88OIJaIlDey6g	3Zm5SMUA3JH98Aty7Zc0xr	54.0	2016	0.426	0.965	8.0	1.0	0.8	186.081	177840
duEV9EGKfaUbaovu	2sC87TgUDPTes7bBF3JAS7	35.0	2017	0.357	0.968	11.0	1.0	0.469	127.495	241013
dvfjEpKVTKFa4ykG	5PfJ2ZQWFuyqZQgRGAoLij	21.0	2011	0.55	0.377	3.0	0.0	0.1689999999999999	80.01100000000002	272000
dvoBuh4D2rKLvp0R	6NcHJ23mLQKnVxQcOmT7JW	59.0	2005	0.743	0.67	1.0	0.0	0.934	110.832	243333
dw8MlwMx4SR5yQ2i	4TtZu7XCr9ZANgx0gT9H4R	10.0	2011	0.52	0.947	5.0	1.0	0.168	119.995	273747
dwtre3PBlQu4B2Nu	19iJY4XBmysrBZabgvfrS4	11.0	1982	0.726	0.815	11.0	0.0	0.94	103.023	375067
dxdm54j7r5qHA7Qb	5wLrlzeUvYKQGsSMOle49g	7.0	2010	0.436	0.8079999999999999	5.0	0.0	0.2339999999999999	119.994	395267
dy1L3Wkwrmt4Fnkw	1PwYH252e1dt1ofnOARfy3	35.0	2019	0.377	0.985	5.0	1.0	0.0559999999999999	130.013	376027
dyvSQUjJVyLwWihf	1ObHejnho5bKYtXdmwZoXn	9.0	1993	0.4579999999999999	0.986	1.0	0.0	0.584	127.002	233533
e1IW0PdbvgPUsanQ	6oevmHGObPQgu65CGA68Ap	33.0	2007	0.5379999999999999	0.305	7.0	1.0	0.236	134.202	201560
e1SVVzf4xD6DqMiK	6JQRJMPZvqlN0LexXFmhgY	39.0	1999	0.384	0.3829999999999999	0.0	1.0	0.0465	140.33	298533
e2MxPQ7Kd7SjkE94	5XZSo0lJ6Ofv4ywZ0RIWXE	20.0	1981	0.435	0.978	9.0	0.0	0.542	141.09799999999996	239867
e2aHTq8MGDbVHgO0	5kS6gc6Df3eV676GGUF832	51.0	2013	0.407	0.943	2.0	1.0	0.412	172.132	361360
e4Zg3BAKvJ2fdMjJ	2ToCJueAYUGy9ses3o6flz	16.0	2018	0.762	0.6890000000000001	2.0	1.0	0.78	122.911	195653
e6Htz13iLInQhiFF	6DrnfOtSXRohVHbyVKPyWE	32.0	2015	0.7829999999999999	0.64	4.0	0.0	0.968	100.001	175961
e6Os8czgZksMBWXw	6eKEJZFWllRX4UALhPU967	45.0	2014	0.286	0.892	5.0	0.0	0.374	172.016	331187
e6lCzjZBYPWIS4Qm	0x60P5taxdI5pcGbqbap6S	60.0	2002	0.916	0.8170000000000001	7.0	1.0	0.527	96.426	251760
e8aZpikY0KbgzZ7v	672rLD2Eqriv9fVvSm1Lgg	38.0	2005	0.409	0.903	3.0	0.0	0.357	180.187	150400
e9Q9R0EmvWwSjAxy	3fCRPhzGYSd4y6K1qjFcIp	47.0	2013	0.732	0.7909999999999999	1.0	1.0	0.56	81.97200000000002	293423
eABMD16TVN5rb4KT	4Mem5PZWPaqQ7X1bGysNxl	23.0	2001	0.598	0.627	9.0	1.0	0.4320000000000001	119.991	263933
eBPJZjVlgcCPV1dg	5fJRHZyjnb6891ny5IOkL6	42.0	2011	0.904	0.583	0.0	0.0	0.978	119.854	221013
eC3c6pFCEGTMaguh	5076rB7ftd19k0jFNhWr7f	43.0	2008	0.517	0.251	1.0	1.0	0.1369999999999999	167.83599999999996	256640
eCAbLxHNLxmVW41O	2o2LnWqiZ5PftYoROPdbE2	33.0	2010	0.614	0.838	1.0	1.0	0.728	130.957	199053
eEvpCRTIM0ch3r2Z	4QXtZtoM3LDfdi37lL7CcA	33.0	2013	0.6509999999999999	0.2689999999999999	9.0	0.0	0.295	102.066	255973
eFEY5JiDF3ZLpXBZ	7jDKJSjIjT93v7brsZDcoT	46.0	2017	0.521	0.934	3.0	1.0	0.238	127.983	210297
eJHRjfNNmB1Tr70r	6aNmHE3Kyp2sREW45vxX4O	27.0	2004	0.662	0.7290000000000001	1.0	1.0	0.518	108.014	251173
eKUu8Zb6ulyIzcvT	7KPNPj4ZGiIw23ilc7OFmA	18.0	2009	0.1119999999999999	0.897	9.0	1.0	0.0371	152.741	633267
eKbig5znbxNPytwe	00GDKuzhf08KEHxsjhvdmH	28.0	2005	0.319	0.957	2.0	1.0	0.315	106.993	418067
eKhYRMoO4FiFC90d	5HRaxiZNh5CDACzSSYleHx	40.0	1990	0.7609999999999999	0.715	10.0	0.0	0.715	101.132	224173
eKvBpVGoj2oVm501	5PFnjAi4VN1o33lVzXt51j	20.0	1995	0.49	0.353	2.0	1.0	0.262	146.292	299467
eL5gISWGrBE7XS19	4RIr3CD6y9THOniG2pcNXB	41.0	2015	0.581	0.904	7.0	1.0	0.45	124.992	295667
eM8K5aCWgfvVINF7	4GC0N4BK3icnvWXakGMicu	47.0	2017	0.435	0.335	9.0	1.0	0.196	115.31	220120
eMT1oMAHd4Koisyx	375fFsG02nH7OmeJrhbUQ7	40.0	2008	0.581	0.6459999999999999	2.0	0.0	0.482	119.847	207840
eMrFC2NIuSMAg0Ma	1tDI5qw1b8hOLVOazlECo2	32.0	1988	0.4479999999999999	0.7070000000000001	7.0	1.0	0.254	114.953	269947
eOTr4wIS4XSZUOE1	6NhpIdjYoufuNNlBsgOztc	57.0	2003	0.511	0.903	10.0	1.0	0.898	161.99200000000005	227267
eOZ4XFJRlMCKQIu1	2tgHz0RZ3l9waaM0xljGWP	32.0	2014	0.4029999999999999	0.897	11.0	0.0	0.586	77.825	178867
eOyMnpLaNgaDBVgl	6Nq5lE0CeOAAAqN4qhkbZU	69.0	2003	0.701	0.75	5.0	0.0	0.515	82.531	239027
eP0XiTCXURbUT9JI	61KkLCKecoUyM7ChSm6mwT	26.0	1982	0.505	0.914	0.0	0.0	0.955	115.427	141613
eRxWfOoiJqeqkWtU	5cwN1htZyoWqZCc33f3RfE	63.0	2010	0.61	0.637	0.0	1.0	0.609	79.955	232200
eSHC1DZX1IzWyXia	4sJOuZGBuoNhtocxAO9IkC	39.0	2011	0.297	0.852	2.0	0.0	0.342	149.989	745547
eSOq9IOSLSbSXnj4	2nRnUkz6LYBMWjlgEwJRhl	10.0	2001	0.645	0.8170000000000001	9.0	0.0	0.688	91.913	184267
eTdpv3gQOReXsnhd	2FeADxLaweWn04ktlPCxUt	36.0	2007	0.462	0.78	3.0	0.0	0.76	162.001	275600
eU30OjpKt9zzV6R6	33sqo826sPntup9q2QUNrz	41.0	2018	0.759	0.885	5.0	1.0	0.742	138.059	180733
eUMBOqY1UX7I3qYN	07iowgdURym79bcryNlcy1	39.0	2015	0.7240000000000001	0.626	7.0	1.0	0.365	128.594	262387
eVA537nbfD1aS7xb	4tfYI7SzYcFV7pTbX9cEEL	38.0	2006	0.615	0.485	10.0	0.0	0.327	112.089	203200
eVaVqLmvyuWX85Ll	5CWWW4y4Px1dZcLwgzsgoD	51.0	2011	0.805	0.595	9.0	0.0	0.845	123.014	218733
eXQl3NrY2dai7YEv	1egV8XOx6FhNTqLi6EKHIV	26.0	2006	0.514	0.182	5.0	1.0	0.319	134.429	150947
eY0DOciiMzN5wwkA	4zFrS3QgzPgKJefjL1MkdH	38.0	2012	0.314	0.989	8.0	0.0	0.258	182.035	261733
eYMlG7VACze7w1t3	2lk4mNo9Mab9A27hK2JwQ8	27.0	2014	0.638	0.807	9.0	0.0	0.296	122.932	323902
eYoon8emoJkEn8ou	53Ai4NCwbMWLgaS2LLjqXb	14.0	2005	0.551	0.8859999999999999	0.0	0.0	0.7040000000000001	128.981	224867
eZK0NP90z9y7FyrU	3NYEgmAiPJYPEaeA3ePTOl	25.0	2008	0.7959999999999999	0.7929999999999999	7.0	1.0	0.733	125.962	226119
eZRZJrGFC45RYGYU	6NvjefGOBXHhY8iCv8NiEN	32.0	2009	0.51	0.885	6.0	0.0	0.647	100.02	231013
eaLJpaKwKdAB6A2g	71X25X6GAwpWZ5DnCa2pt6	23.0	2000	0.412	0.987	9.0	0.0	0.264	95.991	238573
ebHLQwNm1RAGiXB3	6wN2Cefz0WqWGhA332cXhz	21.0	2012	0.7290000000000001	0.706	4.0	1.0	0.386	126.974	250017
edgmMLomfpLcyz7D	2y2Q9f61BKU1W0uPM0im5W	18.0	2015	0.401	0.889	11.0	0.0	0.37	110.04	317680
eeWobtoefMYDwkyt	1Uf8V1JOy0ukcsEYpBHHxy	41.0	1967	0.657	0.387	4.0	0.0	0.7	85.375	584600
ef0tWEDbpx8cUwAd	3uAmsaSYfQseG2o9s5kpgF	37.0	2014	0.507	0.902	1.0	1.0	0.536	157.981	196000
efjfTyHzv2NcAFpG	5j1Ff8eHw3na1gdO8tX9QW	21.0	2016	0.609	0.597	10.0	1.0	0.1009999999999999	133.996	406895
efy1Nu3xWpdrsanl	19K3lUMJmOdeuOBTrbLm19	53.0	2007	0.5489999999999999	0.8590000000000001	5.0	1.0	0.69	77.013	250773
ehQvEsOqMRv9ac72	3VdgZYKWTwHz8IGzSFYtM0	16.0	2016	0.195	0.373	11.0	0.0	0.0368	110.226	467920
ej6zealxYAZC7qGc	5ZIwhaTKGjxXMfvKO9EVXU	41.0	1988	0.481	0.7440000000000001	0.0	1.0	0.6	129.065	218227
ekH6L9IN4ziWuKuG	6fA0t8bkZ4taxr86QkokWJ	32.0	2001	0.451	0.812	10.0	1.0	0.747	74.007	216200
ekterbx6XECLc3h6	6zrRUuFoXsH3y19HoLC6im	10.0	1970	0.221	0.8759999999999999	9.0	0.0	0.608	100.772	324787
el2rJOEuanF4ftzD	0p1cQjuaJ2ouDEJFJXRsdG	32.0	2019	0.4970000000000001	0.987	4.0	1.0	0.402	137.968	178760
emWzXdKLiZEcq0WE	4fSGItb7Y1uOGfSoZDadhn	26.0	1972	0.601	0.56	3.0	0.0	0.599	142.04	726027
enJ08LwDwpPMrlGH	2QBds7MTRU89x1Xw7RZVPW	34.0	2017	0.457	0.957	1.0	1.0	0.243	112.26	658311
epaBkwF7YMz443Ql	7lDJKRf2QBWILvMhBajiuV	33.0	2014	0.667	0.688	6.0	0.0	0.259	107.963	244373
eqJ7CvPCxphW3aJK	1mZmjuLoslfYSEOXojo8BS	27.0	1996	0.4529999999999999	0.953	7.0	1.0	0.715	217.489	232333
eqPaqnxGc8mh8UYl	2qjplIeRoPs2jOi7JIbtaQ	32.0	1991	0.648	0.79	7.0	0.0	0.4579999999999999	119.825	252800
euwQahlpXp9WTF7u	5eGTrGeELXWRjLHsALgDyu	29.0	2017	0.408	0.981	5.0	1.0	0.0742	145.04399999999995	253241
ewAqRIdsIb7RgOBG	57cdwUckRgGAIe1LMOSMw9	29.0	2013	0.495	0.8909999999999999	9.0	1.0	0.361	102.535	241987
exDKIBpe6lpzFinN	6IC6VhpV7D8T1t037Atqpu	60.0	2005	0.6729999999999999	0.7290000000000001	2.0	1.0	0.7170000000000001	93.948	187053
exlcW8MpWMNCU9Vk	67ftdeQCBBgd3rB78NVLr2	38.0	2012	0.7090000000000001	0.386	7.0	1.0	0.4429999999999999	85.61399999999998	208200
eyJANYgffN1L2zlu	4A8q3pM0ONeocxiF0MNWjp	19.0	2010	0.429	0.373	0.0	1.0	0.262	129.438	313053
ez2dRvG4hdbxv3r0	4THoSHxiabL1rd59iVWu2T	51.0	2014	0.544	0.529	6.0	1.0	0.4029999999999999	92.936	254227
ezLpawJYbBm1YUwj	3LUG5sTuLksOVeTVw787jp	47.0	2018	0.6409999999999999	0.644	0.0	1.0	0.369	147.035	209338
ezd9XLexeLakyr2H	2E5qfu2Bz1gevYJDIQXbZ6	17.0	2004	0.622	0.3339999999999999	6.0	0.0	0.3779999999999999	81.579	234200
f1BqycBQ7zBuC7t4	5SqG2MEuRjwhxi1DcRR4V8	64.0	2015	0.636	0.527	1.0	0.0	0.472	80.079	256948
f1QmRlaMUbnY0Q0p	4NQo1pmBMjpOCuPpCXtd1H	39.0	2010	0.3779999999999999	0.507	10.0	1.0	0.377	114.604	249600
f1xT4pTdcUQZLfxm	2tm8oIRXi186xiR5wfTYvQ	29.0	2018	0.698	0.901	4.0	1.0	0.8	138.082	134232
f2Nji2TuE9MywRlr	4cz5bBa239LZ0Pt5DrJXYK	31.0	1991	0.2269999999999999	0.48	9.0	1.0	0.188	92.701	259453
f3t4VhoW0nqSJKP0	06EqFl7UmayDAibty66zUY	22.0	2018	0.4270000000000001	0.923	9.0	0.0	0.198	155.04399999999995	231027
f4eepQQkg2ep1b4K	4I5EAh7hsQfPUSskr23CNp	16.0	2012	0.185	0.8690000000000001	9.0	1.0	0.1159999999999999	116.155	277920
f4pWAixBow2hEXaq	3GONDOCwJprD1lZZ32JbuJ	37.0	1991	0.532	0.456	9.0	1.0	0.2	92.759	277093
f64wU7W28YuX1KjA	4JjcCdm0RSPuvQWnZyrNkm	49.0	1975	0.556	0.635	5.0	1.0	0.6409999999999999	88.292	274133
f6RWdB8GDuhrUamO	3YRFcbP2a6Q6iESnZq1pGT	13.0	2003	0.5870000000000001	0.82	1.0	0.0	0.3879999999999999	162.987	285173
f71ObCKTQqdP53oI	4zEvxRDaKDoFlHxK7Hy0wg	42.0	1993	0.3289999999999999	0.565	0.0	1.0	0.166	108.875	211067
fBUOXhQsDmcooV4k	2fyg5cVv3Ka1sNSclneb8f	35.0	2005	0.171	0.75	1.0	0.0	0.233	171.113	210707
fBw1Fp565WEmdCz0	1xdxGBQw0RctB6mRaR4mDl	28.0	1990	0.546	0.5870000000000001	4.0	1.0	0.647	85.26299999999998	85267
fDVwVCygmJGuNlun	0x2P4d5Q8VRU0nasT1g4Fs	26.0	2009	0.2239999999999999	0.987	8.0	1.0	0.0396	129.821	315440
fE0Tp5OYiYNSCgkH	718purgMpFb2Axhuz0Hbq1	51.0	2013	0.561	0.569	6.0	1.0	0.53	103.705	216787
fEROTOS6JT0lI5g3	3Mmt6Xk0H6VR92PEp6x3hP	68.0	1991	0.688	0.375	4.0	1.0	0.45	83.635	210480
fF1ZHwJj0fHNLvqy	3Hy2SSGmmQbdv3emGLjwLM	41.0	2002	0.495	0.6	5.0	1.0	0.326	99.604	226600
fGkY9LqzBy6dKrsJ	6hVdYM1RKjPIYv17KJ6Cll	42.0	2012	0.72	0.917	8.0	1.0	0.5479999999999999	140.025	241040
fI0rk5LL5l6NyCeh	4Aaw7XGRKd2baTBfUAzaR2	35.0	2013	0.351	0.255	7.0	1.0	0.0369	154.363	323173
fIBllAKPOXbsQtjA	5SKVOO1MLa43VDrPztAQho	37.0	1967	0.575	0.417	9.0	1.0	0.513	143.639	146000
fJDvIO1htrlqhbJ4	6Mkgdcbi8p9kQCki46ReqS	36.0	1984	0.5660000000000001	0.406	1.0	1.0	0.775	171.037	164600
fJTQmhQSkTOvTJep	4OWN4fxrnKhAZz6egeMybi	40.0	2007	0.614	0.441	5.0	1.0	0.4370000000000001	76.873	221280
fK42C4rF0XKFQSKY	4hLSdyrFDMjRJS3zhU2ZQz	40.0	2016	0.795	0.8640000000000001	1.0	1.0	0.7809999999999999	130.017	199500
fKX19Uj8UMBlvbzH	0N3H8hAe6Lfu2iGSxGVdGQ	46.0	2001	0.525	0.7879999999999999	6.0	0.0	0.675	129.392	163733
fKXtnuopkGw5KpsK	3L7nkE6rHgTo6IdYL5V9iO	2.0	2010	0.414	0.91	2.0	0.0	0.127	169.93599999999995	209935
fLmkCn3fty9uhE6b	3VBlrJVOoOW9zcjPaZSWme	13.0	2002	0.28	0.794	4.0	1.0	0.715	76.65	218533
fNsY2OMOedj3xFAg	6OnfBiiSc9RGKiBKKtZXgQ	72.0	1985	0.6609999999999999	0.908	5.0	1.0	0.6559999999999999	144.091	296080
fPReNspdL8f4y20H	6SZxIrCo5wd0P6mtFfcHA1	34.0	2016	0.434	0.767	2.0	1.0	0.118	89.96799999999998	270000
fPgEFWf1hQ2KRShm	5G0B1UAlo3YOKaUri53IGI	10.0	2002	0.528	0.238	11.0	0.0	0.149	119.629	252080
fPvZOMqgiExHjj1r	5FweEvtmqtWbanHlJPIkQ0	14.0	2010	0.32	0.948	0.0	0.0	0.409	176.97799999999995	319507
fPw8AGa8IprloNyb	3FtVPxBNvwtRksGhN4oKQz	36.0	2017	0.7020000000000001	0.901	6.0	1.0	0.759	114.01	176947
fRMJgtiXyl81FQGA	0ZxZsjMMyLgjRV1XLWlIaS	47.0	2010	0.382	0.943	8.0	1.0	0.128	105.032	274133
fSIIF7pwXrFA7ME1	36p2oTAmnzXFMRVJ7lE3Hj	14.0	1995	0.271	0.91	7.0	1.0	0.1969999999999999	136.196	271959
fSpy94hQqWHSx6fv	3cMAcByRRvL0dYLhwKA5kA	30.0	1985	0.8270000000000001	0.4579999999999999	11.0	0.0	0.789	119.562	186000
fTPE94ZUbrCGbGNf	5yTejMAGIbJCPTs58lyspd	18.0	1987	0.226	0.774	6.0	0.0	0.355	154.90200000000004	232960
fTkEiVHjMHUapiAK	4sQpHre9FKhKjX5Da1untb	22.0	1990	0.423	0.938	7.0	1.0	0.241	97.878	245067
fV9BmTl22n3hunyh	1Q6LHlmgQQMurLhTveYdZR	13.0	1968	0.278	0.2019999999999999	0.0	1.0	0.0768	75.115	259960
fV9GFSXx68HnQsg5	5DbzkhGVJ0o4Kgla2FuKSq	29.0	2013	0.755	0.5489999999999999	11.0	0.0	0.206	140.02100000000002	226295
fVIdrI2P5FzC0u8h	5LlfYiHiK7xYMuP6NYaR5w	27.0	2018	0.188	0.4970000000000001	1.0	1.0	0.268	82.65	872667
fVfbgeMZnWC2nd1F	59Nx00SqCYFFgbxxLuHwpr	31.0	2010	0.433	0.911	4.0	1.0	0.512	125.258	220107
fW8ddcjGyQXRLBp0	5FDh0G5oQ2UD9JxWiDCT1x	58.0	2013	0.6579999999999999	0.475	7.0	1.0	0.685	153.851	257387
fX2i1kXSN8sTdXbD	4z5ionojaCZkvEOq8dyIT2	38.0	2013	0.4920000000000001	0.948	5.0	1.0	0.601	152.088	214747
fXmiQTWlLByUmuyU	5jJOShacQWvCDHZgMhl8Zu	42.0	2011	0.498	0.636	4.0	1.0	0.38	77.97399999999998	225213
fZBaU57thQcAqVD0	0WVZ4YaFjDxMwOJvfAd6CO	34.0	2003	0.409	0.962	2.0	1.0	0.456	186.068	237760
fZtRkgwruZl0WRgw	7aySoZnwt7c6lA54qVVUOk	58.0	2008	0.544	0.802	4.0	1.0	0.59	130.02200000000002	227027
faTeT1pHYTh5fn78	2zpQDs6g9tQ6ZmMmDnaWSc	23.0	1990	0.8009999999999999	0.461	8.0	0.0	0.816	111.75	222960
fb2WH4lJjBiF8uZv	5tBQfaRkA8Aj0CCby2Lww8	17.0	2016	0.579	0.831	5.0	1.0	0.488	92.025	240417
fcqqxxck3btykgKT	0Xm4Eb6UU7HnDf6w9FCM2V	26.0	2012	0.501	0.83	6.0	0.0	0.436	120.045	363440
feL0fkfVqeiMwPUg	1Xwh83YOFQARZ3QXscP123	60.0	2016	0.417	0.349	2.0	1.0	0.198	145.505	188947
fgYkWrzvQJMq0oOf	0CIHH2DydzwSyGfYeNWGqg	29.0	2008	0.276	0.5	2.0	0.0	0.134	132.438	309253
fgdTT2frIyTbfYFm	5hOImyLiaQven6Lj7FP9j6	6.0	1988	0.175	0.878	1.0	1.0	0.556	159.894	198307
fglad5mdYS3Ch6HR	30X1MZGXHUXxLrGBPtL1kC	11.0	2003	0.285	0.99	7.0	1.0	0.039	112.329	234173
fiElM2mqSyXLx3uX	33ayEZDfgARpadIdqo87JQ	54.0	2004	0.609	0.8740000000000001	2.0	0.0	0.428	125.045	226760
fioC0far8ppA5yjN	1RsxUuB1Q5OdseLpHMBkEN	41.0	1978	0.349	0.344	5.0	1.0	0.228	142.441	250200
fjsQ3dViuKbmTRrd	4G1rzFZNDcReeg9BOpNimT	45.0	2006	0.43	0.14	0.0	1.0	0.145	93.613	242974
fnvefnILZGZ7df9A	7CiatbFJpSnXnbCiVaGlm0	44.0	2017	0.693	0.612	4.0	0.0	0.316	104.014	175083
fobb5Nay2c5gm8PM	0t5uvwOEsZ0kRM2R91Jrmk	40.0	2004	0.528	0.615	10.0	1.0	0.289	135.034	271720
fpDpS0apw5zx5cuy	3iLk4Ii9EzNo4CIKpmAkB1	55.0	2019	0.526	0.926	6.0	0.0	0.552	146.895	154880
fpd9Uu7k00eWhgFn	5R4USGyJBLsFrY9eUl4EB7	19.0	2005	0.412	0.8029999999999999	0.0	0.0	0.337	92.11	285760
fr7KrwDgI50sFdCt	0POuQCMT4zyRzB2MjbzVaI	52.0	2019	0.708	0.727	5.0	1.0	0.6859999999999999	97.971	185907
fs5bNUNfRbgx3DTZ	3zQvG2eI6Ct1OFIodP35cc	31.0	1997	0.51	0.6579999999999999	4.0	0.0	0.0529	173.92	312307
fs640kJd58UgtiG7	6twCAdjVSPIBxlYO2QZFN6	27.0	2010	0.775	0.8240000000000001	11.0	0.0	0.929	109.093	180280
ft55w2zxXF1mDBx4	49l9Y5FbkOwKFLFbc9ArD6	29.0	1958	0.534	0.0421	0.0	1.0	0.324	99.743	153293
ftHI97zQ9JjcQS1X	2pQZ9g4vaFNXO42kMe8e3w	39.0	2013	0.529	0.95	9.0	1.0	0.4589999999999999	119.964	230213
fwm5WzpDRgfihOrK	6yCjhDzcVIfxvTjBKhhn7P	50.0	1995	0.589	0.785	4.0	1.0	0.787	157.109	273067
fxjNGHsLTWyK6BYg	3pavDZo8o2ctgkVhERSzy6	46.0	2002	0.56	0.855	9.0	0.0	0.275	130.702	272907
fyUchDqW0ff1RROj	1IL0oWLIVbxgvIgyOhcshG	47.0	2014	0.544	0.523	10.0	0.0	0.236	144.75799999999995	264493
fzEGcxdwTIaHPEx8	6LzjgzpVl0hB3YrBU1b8Z1	57.0	1973	0.736	0.354	1.0	1.0	0.62	97.924	194867
fzU3baEbQ1W6mO0s	3pKEYZcL428BwPWiP2udxz	45.0	1997	0.574	0.8370000000000001	7.0	1.0	0.95	120.88	265213
g1Fkyx0T1Ylcw49Z	3lTEXatUG1GWFiDhWsrYAi	36.0	1988	0.534	0.58	5.0	1.0	0.637	173.417	317133
g1vrvanGM031hi60	5s1Qv9rWyU2f941kH0lqnS	29.0	2008	0.423	0.544	4.0	1.0	0.738	157.98	109584
g1wuXYFaypUM2JQu	4zvqMZ6g4wKZaPpOQvoBpP	62.0	2018	0.392	0.976	7.0	1.0	0.521	199.888	261680
g2Hz5MxDbs3as9yv	1i4C4wkx0U0vdqEP6AA6qK	27.0	2014	0.736	0.603	0.0	1.0	0.7959999999999999	139.958	304587
g3wu8wzwF3KOPF0R	3EUl8M6SzxZl03NPkB8mUd	65.0	2009	0.7020000000000001	0.632	9.0	1.0	0.457	102.404	263500
g42Ez0hmC2CK3AVS	6bhBA7qV1oDRjYRWM3lX4l	43.0	2013	0.928	0.5710000000000001	5.0	0.0	0.943	137.219	238453
g4Jp72CLjpmEDZsA	6fKEplI9iN0JMHsRGQESaT	50.0	2015	0.547	0.878	3.0	1.0	0.405	128.018	248280
g69C8ZqlNz4Qtlc2	2KN2jYc5w89X3odixWVp1I	26.0	2001	0.517	0.165	4.0	0.0	0.0796	79.555	327907
g6YjjzZHZJrbwRIB	0cKZ9eiqnYE6G8Wp2dX6lO	34.0	1972	0.505	0.312	4.0	0.0	0.511	150.343	174440
g6jxj7UspbIluhtC	76T0jtiRab7EmqanJjdxdf	24.0	1969	0.288	0.377	10.0	1.0	0.511	151.667	192027
g919O4r7ucveeBs0	7tbjcf1ZCtEyfP2BD7e5kg	18.0	2012	0.618	0.679	11.0	0.0	0.431	104.994	261187
g9V01pFFjJX6BQ2Z	5REiwJZQboaDdAnDf8ljhs	40.0	2011	0.593	0.5539999999999999	4.0	1.0	0.416	92.861	287800
gB4s1l5AhO7gJKQu	6RPDAf8p0lGL3jxpnuNotC	41.0	2006	0.386	0.963	2.0	1.0	0.282	168.082	178520
gCJQsoz5c5L7hUEg	5PwU47IWk07Ft9Pjn2Sfuy	28.0	1993	0.288	0.957	10.0	1.0	0.107	97.683	298920
gGvTHJ3CyAa082Dk	3SAqw0mM2pihDo5lkhY0Ez	32.0	2013	0.611	0.807	1.0	1.0	0.613	115.997	205213
gH2sydFqsTPR3rjl	1Bwq4TKxWqvSgyHZN06wId	45.0	2002	0.6759999999999999	0.812	8.0	0.0	0.631	90.497	257773
gHtB9J0bpas31al2	5i6drXxQsUWeutQBq9UmnE	33.0	2007	0.655	0.483	10.0	1.0	0.6709999999999999	174.886	203213
gIcXHYZ2imcqY0jc	1KT3ndndHOGXePgC4o0Jq9	44.0	1990	0.381	0.221	10.0	1.0	0.235	108.282	276733
gJ6U1IkvzLZdZlAy	2lhHjoMq7L4wMuI1NrNuK2	28.0	1986	0.418	0.902	9.0	0.0	0.578	164.298	188093
gKHosWLDavB700UY	5lEnGlS5AxaNzcdEOrg4Yo	28.0	2003	0.568	0.7809999999999999	8.0	0.0	0.308	138.029	253547
gKS6rjzWAUgRRzut	5eDT0xin7cj0Ec1pNsxMdU	43.0	1992	0.473	0.928	0.0	1.0	0.414	154.797	152467
gLHk30cSoqtjIpP7	5JVsynO0u2HKfVjSB0KlMW	35.0	2018	0.584	0.526	3.0	0.0	0.58	100.028	206850
gLKB3us6550cKyhh	24Z9YNvIlWNjYraAqyUgSh	41.0	2002	0.414	0.988	7.0	1.0	0.64	169.465	106627
gMJwS3clbFlH1uKU	4uKttTg4YFPy68TiKXXysE	32.0	2008	0.575	0.555	1.0	1.0	0.4429999999999999	76.0	262320
gNkoi44qoKruDnpF	0CXOYEN8m6MuyVY0F1vJTb	47.0	1995	0.306	0.982	3.0	1.0	0.893	191.838	135400
gNxuWElThzgfAXYs	04A8bbdUo0wkesKOWSMztk	40.0	2013	0.5660000000000001	0.821	11.0	0.0	0.669	128.942	204187
gOTEF7cY5P3cbi9A	2KIgC0WnwwcDPgv8ClxXfi	40.0	2016	0.8059999999999999	0.657	7.0	1.0	0.289	97.984	210295
gQosLtJwjRcO0Os9	1jjo833yllD1IsUoLCd7SB	27.0	2007	0.85	0.67	6.0	1.0	0.7859999999999999	129.981	185507
gUDMroTJV1dTUljC	70tBw295bLL8B13Jg3SNUs	48.0	1976	0.748	0.831	9.0	1.0	0.848	86.781	159093
gUQdKvNp4JCLM5ku	6dN9RiWvy4gbUc86YzUVCh	27.0	2003	0.6759999999999999	0.882	0.0	1.0	0.8240000000000001	100.063	205667
gVFyXk2DZflzddkm	3cHp1k6SooXdmr2isfzE6E	28.0	2017	0.33	0.207	4.0	1.0	0.173	117.966	271080
gVIMO5EjGXxMJKYx	7H5wELBoe2smcmk3dARdu3	31.0	2015	0.536	0.932	4.0	0.0	0.185	111.999	281107
gVJhuTH9OXKYeUk5	3zLZzw2t5mbsLaNQURufkB	54.0	2015	0.6779999999999999	0.8370000000000001	9.0	0.0	0.826	139.846	240732
gYIqCYiJHYpjWAst	79RuU2HG7oRQwTlWiXJMwf	31.0	2010	0.804	0.7979999999999999	10.0	1.0	0.826	108.988	205520
gYg9E10Os9JfZyc2	58ge6dfP91o9oXMzq3XkIS	58.0	2007	0.52	0.852	0.0	1.0	0.2339999999999999	140.267	253587
gajCqaoxw66rjYUc	6mDpUEYNqfdDQ0OWfjLIhX	54.0	2009	0.638	0.846	10.0	1.0	0.7809999999999999	120.993	218267
gcQ6ogVTJ3f0jJo0	1cJ0cJ7h00HviJTsLDmrsz	33.0	1988	0.595	0.902	7.0	1.0	0.669	120.536	196800
gdDSYNOUn75EqCrd	1ubWBXC3QRHWZYQsZvttVG	27.0	1997	0.7	0.921	11.0	1.0	0.8290000000000001	129.939	228267
gdTFACvu3MlsAyaR	4QroYa3yDgxn6k8HzH0dJM	21.0	1993	0.44	0.955	7.0	1.0	0.782	102.361	242107
gdaXlocrVDqmuMhL	708jomIP1WJkoinbSJxOGm	16.0	2012	0.62	0.732	7.0	0.0	0.61	160.002	223467
ge2bEoUH2W7QRjy2	2IVwFnibBmmS52hYrlzyE1	43.0	2019	0.54	0.478	0.0	1.0	0.0481	139.994	378739
gfdRzL0b7AEnGbW2	2bS2ADg123NZWfTUsjra8a	55.0	2017	0.425	0.878	9.0	0.0	0.252	148.002	282427
gfrKjXPCuwmzobaZ	4qxoM4tl5zhe0PGIRA8bod	34.0	2010	0.422	0.943	7.0	0.0	0.39	160.889	234920
ggqXwlrKr9xZL0fW	3aO8SF6z2kdg8Mraz9rJHI	39.0	2005	0.523	0.753	11.0	0.0	0.476	132.014	267106
ghNzs3qrnYT24WzB	2yco9NUB8pfbekodkDK3SN	46.0	2018	0.708	0.833	0.0	0.0	0.2339999999999999	128.02200000000002	252179
ghvKxPT5Q6AiHuvO	4OEbloNLqwYNGBPV3mQD9K	49.0	2012	0.5870000000000001	0.8490000000000001	11.0	1.0	0.7170000000000001	154.931	185773
giggjHlusqieNE8L	4Ulh0OzG7AsYQif69JtIgS	44.0	2005	0.745	0.7390000000000001	1.0	0.0	0.481	100.002	201213
goyI6FWRisjDzy04	0zgDCfx6RU1U95hE1WcOZT	20.0	2013	0.285	0.7440000000000001	9.0	1.0	0.3939999999999999	128.937	351628
gqO5FU3AxdALcTM0	23FTSzTT8QxmOQoRFQQCRN	37.0	2016	0.498	0.124	0.0	1.0	0.0508	106.767	182200
gqyDfchba6vWzULe	0LEycyIxbAwwB9U0GgMx39	29.0	2013	0.4479999999999999	0.919	9.0	1.0	0.499	185.971	196893
gtXtinVmiBAM3RRO	1plZBN1asudQJiwvgHjhbr	44.0	2019	0.43	0.985	5.0	0.0	0.118	150.01	278750
guEE7A3XUyFEyJVt	7ogwC1kTVZidcqpu1mFjQF	25.0	2007	0.6990000000000001	0.893	6.0	0.0	0.871	95.003	189773
gurWvetupCQwYE83	6SueoI2VVeuRW70ZLOvkGw	27.0	2015	0.318	0.54	8.0	1.0	0.252	109.385	203540
gwQesBfalyqw1Wdn	0hLQ473k7zneTQQQhZZAQp	9.0	2001	0.55	0.418	6.0	1.0	0.121	91.827	217667
gwWNQ3a9xvsmNTSs	1mSsrcB5dmld52aurbB8U6	7.0	2013	0.534	0.4579999999999999	3.0	1.0	0.351	154.13299999999995	214173
gxIjJjjWFe39dmXd	2THkQauDWMvJgXFGPY4iKB	55.0	2000	0.622	0.75	9.0	0.0	0.905	141.32399999999996	197973
gxfnCpG6JbTDUMLL	6n11eN29spLUGutXsVpqIS	25.0	2010	0.581	0.856	4.0	0.0	0.4379999999999999	164.93900000000005	213640
gxkL9vbNPaK7aU10	1AO26gK1sI6PoFY9eUF8yV	60.0	2002	0.8370000000000001	0.478	6.0	0.0	0.81	78.74600000000002	254800
gyg8fW8fmNWq9Oke	1woL1W9wp2tKz9cFyc4NUm	44.0	2004	0.65	0.146	2.0	0.0	0.68	91.993	97227
gyksZkhnDHmspX1n	3X8RCGioYrQvsZxl9pi5Qi	24.0	2017	0.7759999999999999	0.949	9.0	0.0	0.7440000000000001	123.818	227427
gzBilUKgHBLjK0Hi	5vUhkJIUQoB0sHvlZEqMAR	18.0	2012	0.17	0.96	10.0	0.0	0.149	94.756	254184
gzMF7lMo0y4tYWS7	4DveRhd1VBtZyPodE3sbLj	48.0	2015	0.528	0.98	6.0	0.0	0.795	139.876	193613
h0ICQ49mSTK9IBl6	5oEOcAGwYHKu1Awbm6Whj5	28.0	2003	0.6459999999999999	0.7509999999999999	2.0	0.0	0.511	93.008	300667
h1oQnNuA5DNWYzPS	1zQjBJJ4uETsyDAoQkKaZV	18.0	1991	0.506	0.15	7.0	1.0	0.191	115.806	239119
h21FlpUd06078GAc	1RqbnnEGAD6RkWBfToVEj4	31.0	2013	0.255	0.962	7.0	1.0	0.291	121.201	199667
h2GfTUVGNRM9KB1h	4Az17HfqonKSWNsaLgTBeK	62.0	2017	0.532	0.64	9.0	1.0	0.308	84.029	212320
h2ap0A9dSDkFmO8D	4oI2qtjY1QHJ7NpYuid5KB	48.0	2009	0.4679999999999999	0.63	3.0	0.0	0.1969999999999999	99.959	283173
h2uAyVavFwVFUIsJ	3bO45Xp3Okj4BXh2yhGJOT	20.0	2003	0.511	0.7659999999999999	7.0	1.0	0.429	87.837	292347
h47nxyjyRPFroIaQ	0wCrg1LhgPcGMw51qqpI6k	57.0	2010	0.6	0.77	5.0	0.0	0.321	128.47299999999998	277240
h48f46ZsT9h0Z5Dm	2Bj6DVAqCKWTUcTgPB1Bb8	38.0	2016	0.351	0.561	1.0	1.0	0.1119999999999999	180.005	220281
h4mPd3NgM10QLXm7	1RgQ8sBbzoRXBV78Tn6hQA	46.0	2012	0.5579999999999999	0.957	10.0	1.0	0.687	124.847	238867
h5MXjql7SV7TxNVl	0Su0SQsuEdEvb9bqvL2auD	31.0	2013	0.352	0.979	2.0	1.0	0.154	195.991	256440
h7GYSSTpeERvK9aS	47gjUao1XjSO4fvVRm9L55	51.0	2009	0.295	0.878	2.0	1.0	0.295	165.083	301853
h8RCkWOfYJQNTHEt	5jrWQbZUFFI0KRAMW4teLx	41.0	1974	0.498	0.0662	5.0	1.0	0.17	146.972	246733
h8yzKqyETop7gWog	68ZY22YJeDxvcpQCg6u6SX	51.0	2009	0.481	0.949	5.0	0.0	0.635	88.914	216973
hAkFH1cGy1fLhCUr	6h3lMAmmpQDFqoHk9F99IR	64.0	2018	0.7290000000000001	0.765	8.0	1.0	0.747	94.966	179147
hBnJ4OeEjJrai86M	0JfTHIJ27QHy1FCIwInMfL	25.0	2006	0.552	0.88	2.0	1.0	0.259	94.992	238440
hBxPtqcS86sdXygs	51PL1ACfxtpfHtkm7XprSc	27.0	1974	0.657	0.655	4.0	0.0	0.7759999999999999	163.528	167827
hCu2X5Tke9ATZ4uV	2ZqFfDwNjKvPu3USx3onhO	59.0	2004	0.616	0.698	6.0	1.0	0.7140000000000001	85.00299999999999	217560
hEHmQWJVzjtslsOQ	17aDyX39gb1iV1ZWvD1ffE	60.0	2017	0.7490000000000001	0.733	2.0	1.0	0.722	122.977	231897
hEs5nvqUVYHCos28	2r28LZbs3SP1rG1bylyNCZ	37.0	2005	0.662	0.7979999999999999	11.0	0.0	0.718	86.99	311893
hF82YO6V2KkxdY7z	6PXjY2Hr2LgTSGfJRa0UG7	43.0	2017	0.4479999999999999	0.978	3.0	1.0	0.17	144.998	329480
hFNplnKfNXorAgNV	5VYbLzAplnqPaGNpcf8qhZ	49.0	2003	0.74	0.959	9.0	1.0	0.878	150.007	164213
hFQXgdL4ve2s1GoM	6sC7ibTCq3cESFB3INjuKC	16.0	1997	0.622	0.57	8.0	1.0	0.294	171.541	461067
hFzvNd5gytn9bbla	5asoLbAoTbvVjyN4uq7ftR	21.0	1979	0.642	0.757	7.0	1.0	0.902	89.02600000000002	214035
hGKFUbZw45ZvzQjX	2iZXD02plbehtBpeEQTogs	29.0	2006	0.531	0.539	5.0	1.0	0.175	137.863	244893
hHEonm0lia20zcDT	3P8v2bYhgJ7Eba8Br6pr3H	43.0	2017	0.595	0.557	10.0	1.0	0.415	90.177	246907
hI4CFNNJK4QJ9OT8	7eZ7ODAt9cALYnWLO8F6Fd	58.0	2012	0.68	0.7070000000000001	7.0	0.0	0.382	119.993	275493
hJN5imQj1Fku14t5	0VpG5ZUxpJFrw6uY3knzj0	29.0	2018	0.173	0.965	11.0	0.0	0.113	139.879	476000
hJjpDKqszggha3Gy	4lMB8kBRDG4vBiFEXG0nRE	41.0	1977	0.655	0.478	5.0	1.0	0.867	88.229	271800
hK4UmY97I4ZFlEhx	0G4V6AHO86FMTHYPwMFGrb	42.0	2015	0.356	0.8859999999999999	6.0	1.0	0.389	187.976	215467
hK4nzQkS0mPPIdZJ	0D7aPFnFa9qIVFpOJ1ZBTG	48.0	1992	0.531	0.921	9.0	1.0	0.355	166.634	289133
hLJsmo8X4Z11hVXk	0iYWQRaHWSZwVQgzbiVJuD	13.0	1988	0.292	0.984	4.0	0.0	0.17	168.61900000000003	219133
hLXlKgHfmO5xE6CJ	47Fgt6OnV7jclUKLjYC1n6	7.0	2013	0.5920000000000001	0.408	3.0	1.0	0.368	136.002	328840
hMoLbFgENhtFTrS7	3EoW3WFVterpG1cTPUvoQC	46.0	2000	0.74	0.644	8.0	0.0	0.8809999999999999	81.741	240467
hNPII41mRaGZumVx	3VzoXyWHY3s0ooDaieKNfB	32.0	2014	0.493	0.605	2.0	1.0	0.4529999999999999	172.305	61307
hNTJFECmHNV4p0QY	3zozKcHg1VCZQGDWKkSQlA	12.0	2012	0.6829999999999999	0.907	11.0	0.0	0.853	129.93200000000002	199750
hO8KZadd37HxJQNP	0vTqF4HHCUDAQ77RsZiHmn	14.0	2013	0.3720000000000001	0.8740000000000001	0.0	1.0	0.156	143.94	259947
hOG3yVlXxoAfGc2h	0BUoLE4o9eVahDHvTqak67	60.0	1999	0.648	0.622	7.0	1.0	0.51	88.684	278067
hOP3eAh1EyJP52r8	5RoIXwyTCdyUjpMMkk4uPd	62.0	2009	0.531	0.821	2.0	1.0	0.34	129.139	230800
hPH6A2Zx599oJr7P	7hnW9af7GuGH5lyUUTa8UH	47.0	2005	0.595	0.831	11.0	0.0	0.407	154.845	133067
hQ29AxEdM2IF04F9	7tpWY2k07aCYISR5dz3ac4	30.0	2006	0.42	0.847	2.0	1.0	0.0845	124.072	117720
hQPX6Sm0Ekynnv7q	3n8SQzwLAgFTQZ258TTLjI	21.0	2012	0.593	0.406	0.0	1.0	0.14	139.909	204733
hR4QXQYDKumawhBj	5qxPabNDnJQ551Tf4v6k3j	51.0	2012	0.6920000000000001	0.908	9.0	1.0	0.513	124.042	250387
hSMhEoHkNC5kdNNs	5Hm8l4h2BSRExCFBJsVue3	34.0	2018	0.636	0.976	1.0	1.0	0.6779999999999999	164.014	179981
hT3SHGXvZN5LPrVg	3G704oXBePumhqFdwcFAKB	25.0	2016	0.371	0.816	3.0	1.0	0.389	106.892	282304
hTkZb9tOsFzfVt7Y	3s3ciLHOXE1xVqGkdxwHPs	46.0	2012	0.5820000000000001	0.365	9.0	1.0	0.312	93.855	157973
hUePD79jFD0cBd5x	6Z9EG78eLG2R0URuALI2Yc	48.0	2018	0.3720000000000001	0.95	9.0	1.0	0.539	172.926	195812
hUkSGV3tuyDIs0Xy	4q4etvExqUMHsboxSa3IPC	20.0	2010	0.5539999999999999	0.98	9.0	1.0	0.899	156.033	216347
hWTT6OpfgVUf7RwI	0T6riu8Q5LnLgiQ0vqnlKz	24.0	1983	0.478	0.8270000000000001	2.0	1.0	0.2689999999999999	139.263	280800
hY3s6hK768MRgr5E	1avChNqABA6ArP6oj7ZEUe	19.0	2005	0.408	0.2689999999999999	11.0	1.0	0.111	120.025	237627
hYDBUkFGT8axnXGa	3bp0PtbyU1f5Gu53YsDerc	19.0	2015	0.677	0.8079999999999999	7.0	1.0	0.0754	104.002	262307
hZ3h3IN7A4hUbeWT	3jIsbVIOGszdQ1B3ZZsMar	27.0	2007	0.611	0.318	2.0	1.0	0.2739999999999999	109.836	233133
haTjdUlLYh5TRL5A	1qaO7rQDkcwBcriBxZTmm8	24.0	2003	0.502	0.377	9.0	0.0	0.503	142.671	346733
hbE1l46mtXoB2Lac	1nzUZuuuFxWdRXDZ3VOgKN	42.0	2010	0.221	0.903	0.0	0.0	0.0395	123.582	295333
hbOe1VedTpgatNB5	6I8JbgjPq1UKcTvjlROgLc	33.0	1998	0.442	0.915	0.0	1.0	0.465	99.622	276533
hdqSMRXZtNDeDhvb	5GseYi9lNqIP2efO4VYrgT	17.0	2008	0.5720000000000001	0.6509999999999999	1.0	0.0	0.3879999999999999	127.985	299387
heTuEiOTD6UFfBfb	37miw1ff4zH0LDuFrBvZ4i	63.0	2006	0.597	0.46	3.0	1.0	0.217	144.001	219939
hgICGD5MQ0fRxtUp	6asbKxqMe9pxI3rxax74Yr	38.0	2017	0.362	0.975	8.0	1.0	0.358	141.946	245000
hhRUBLVhyrWtkJFD	6Oskt6yRFCNNshQBYwvBAQ	11.0	1998	0.7140000000000001	0.857	2.0	1.0	0.6729999999999999	159.305	187693
hjlwuIhs5zN6hyWF	0o1WzHAdTdI0jpgghsOm2h	44.0	2014	0.75	0.7240000000000001	0.0	1.0	0.963	123.222	262000
hk0FIs65TEKZDRaK	0OhwnzwQ8g2ihqTiOhkFYV	20.0	2001	0.552	0.7	0.0	1.0	0.5870000000000001	110.004	183733
hkX5cdNI3VxWKVgR	0LSzBkkQZZkwV656r6etLg	61.0	2016	0.39	0.629	1.0	0.0	0.162	141.983	231667
hnu9uAB387JODIKE	1UXdAKDeijNVBgbgXlF32x	30.0	2010	0.551	0.972	5.0	1.0	0.3229999999999999	120.03	255587
hpLoxs9H8DbKzytn	6w0R1KEMh6gEM0RWGQdqqN	22.0	2013	0.787	0.457	2.0	1.0	0.47	129.947	234232
hq6ofGKCsWAX4XUp	7LldexmR174PEfnFrMgr24	32.0	2002	0.349	0.836	7.0	1.0	0.0921	147.907	257760
hqNYqK8WPzqxi3ZZ	7LrM28pPWCpJYmbnaxHBmu	43.0	2002	0.696	0.942	4.0	0.0	0.408	108.023	207333
hr5suNmcaFNQZzdO	3rbpdn9eiqXotLoiuF2oTi	52.0	2011	0.565	0.889	11.0	0.0	0.903	172.283	184067
hrqQvNgRXgJe4jOC	1BnKdWmjMDQISk99JYlSxH	37.0	2018	0.519	0.889	6.0	1.0	0.648	155.003	171387
hs7nRXleVyUa5Eoz	1CfDA5hDlUFbYb4pK1NUQn	34.0	2014	0.488	0.773	11.0	0.0	0.255	93.999	213003
hsI2T9Or9aptYVy0	2DwVt3w6kosGh4xCKTfW1x	20.0	2007	0.0899	0.87	6.0	0.0	0.244	179.30200000000005	334053
htXcR9sSswV2J8qV	7MfbsOrUbCMbQhKyo9avqF	28.0	2012	0.7190000000000001	0.5760000000000001	0.0	1.0	0.899	116.552	255640
htdB7JfZn764zhIS	1MI0O2mwTpdwkZpfWz4J7o	33.0	1965	0.452	0.574	9.0	1.0	0.8109999999999999	123.204	123760
htmgabdgLy99IU32	59mGQw8bVSMQmEP1phItA6	35.0	1982	0.7290000000000001	0.655	9.0	1.0	0.8079999999999999	126.643	236107
htnQ2yXqt3kJf1Qk	4rEewUBeCHGkKoPX4DJNq1	46.0	2016	0.472	0.632	10.0	1.0	0.185	150.113	209280
htqwrYELLQpry8hQ	3UlZ6kHbYGdDhNlLITS2ga	12.0	2008	0.452	0.789	2.0	1.0	0.252	97.477	162693
huyAHK36kVoVrcuP	40ejYprsOG1G7RwuOcRyxo	53.0	2009	0.3229999999999999	0.655	0.0	1.0	0.657	164.77	268240
hvdl0oLbiPV8i6EU	5J5uyhoBZxJwmjy2Zg6DgF	54.0	2010	0.75	0.46	0.0	1.0	0.201	130.078	174533
hwM4yvaymUCuH11P	0kcvWcstPmLjVnpm2EO7l2	6.0	2012	0.491	0.6609999999999999	2.0	1.0	0.384	169.99599999999995	207840
hwXJRpxgXr0RfpyV	5fK0Q3j2iUcQtiRDXlPW0K	64.0	2018	0.5720000000000001	0.691	8.0	0.0	0.318	92.082	211818
hwgI8PqqF4QsxQuM	25I6CiICRyGB0K7E9c7Ho0	41.0	2012	0.313	0.979	5.0	0.0	0.108	129.888	274480
hxGBTxhSf7o6b1fz	1n8rXiAQYmZ5D45WmqGTpM	40.0	2012	0.522	0.3670000000000001	10.0	1.0	0.206	115.001	244920
hxfmRI5dwYDxDIVk	0lvcVCCEpjn9titFA3lSis	50.0	2000	0.2289999999999999	0.177	1.0	1.0	0.0473	137.847	148573
hz9qp9N5SV955BlM	63qxnnD8570LgBk3QIIpbW	47.0	2009	0.585	0.784	0.0	1.0	0.296	93.061	210667
hzeKGdEgTUl6tR8Y	3ewcwyCpSmJQtRbPHT3iH3	13.0	2009	0.2789999999999999	0.499	4.0	1.0	0.155	157.421	305773
hzro8A2xxNRBXahj	1TnUURhehaoMWKAqQtirm6	68.0	2015	0.512	0.812	1.0	1.0	0.521	100.02	249500
i0DM2DOvbmy6zrnM	3EikYy40GMSp8l5mDV6IQo	71.0	2018	0.8809999999999999	0.623	1.0	1.0	0.745	88.95299999999996	129547
i0SBWFXkQpFQBNJy	0AAr9PjsYO2Wlpd50Ttwhd	13.0	2012	0.1169999999999999	0.2769999999999999	1.0	1.0	0.0441	177.632	422773
i0XN5vff3VKuJQCJ	4HREgaJwditqnnb1hZPHWH	44.0	2012	0.7020000000000001	0.63	7.0	1.0	0.536	99.023	338067
i12M9m49sUH6RUtF	1oeFqN3gfhEy6AM3eRdPhe	18.0	2013	0.318	0.951	10.0	0.0	0.465	196.64	223933
i2TKUAC4U1cFtSUa	0nLJ5G9byBUpsLFFqvkrKA	26.0	2008	0.5	0.4270000000000001	4.0	0.0	0.1639999999999999	61.73	283973
i3Hq3mMS2pL8aWsU	3mPxumujm3dpEt7ZdzOjwz	41.0	2018	0.4539999999999999	0.96	0.0	0.0	0.297	124.977	265093
i459yfhYesL3LXEg	4aTCkAfXnmd3eOhruNEpAl	31.0	2019	0.449	0.802	6.0	1.0	0.326	86.035	156987
i4SJJjolN8YH7FGT	2e3SsuwHqZ4fdIWZRvLexP	19.0	1993	0.608	0.88	5.0	1.0	0.727	129.039	161440
i6GDfQmdAYYAqMvx	1Ec7xc3zWcd4ysMINmr9LW	41.0	2008	0.665	0.936	7.0	1.0	0.848	122.003	187320
i6KhSMtOgvrX7KPK	1SjiIBN3rMsB3xj1fmqBqN	33.0	2008	0.312	0.282	1.0	1.0	0.113	82.86200000000002	247840
i6U6XchrbGcMM0r7	3ivGDXz3ClMYbghB6ohPSV	38.0	2019	0.3979999999999999	0.565	9.0	0.0	0.0585	164.118	484539
i6tUPu5Yxy7pMzAZ	3JOXwHPhtdRU3kYKcf64Gj	54.0	1995	0.482	0.857	6.0	1.0	0.87	79.105	195227
i8smFKIIpeOfPoJ4	7tn1tcxenMwDXrYTOjS3z1	59.0	2017	0.299	0.218	10.0	1.0	0.214	171.87	196040
iCJ48pYSeCRohDrJ	6eenDcGl90VWISDUeFmBGA	41.0	2017	0.235	0.34	4.0	0.0	0.1889999999999999	95.077	215747
iCd57D4HnnzxSLlI	64BqzG127TS1nDPbiLzyhn	25.0	2010	0.4679999999999999	0.589	0.0	1.0	0.4479999999999999	134.06	260017
iDezN0JbIygUjJTf	7sCQbcrVlIKoIjOpR3Oj5N	52.0	2016	0.684	0.992	4.0	1.0	0.757	133.963	215880
iDm2mveqE4TZcDx1	5lwPvoxq9H3eAawY4236zP	54.0	2003	0.713	0.907	6.0	0.0	0.7390000000000001	135.055	216600
iGBVp7u4dKNl0y7U	0kThmY7A0ynir2qLWFFhrY	62.0	2017	0.721	0.602	11.0	0.0	0.682	124.025	223814
iGsnwK7uBvqaMR7y	4wRfjsOhEksGDYGyqKxACv	12.0	2014	0.7509999999999999	0.91	11.0	1.0	0.6579999999999999	126.016	308920
iHtO6QlqAbrqlppr	2PRtz76G7gylm6vgEj4Qhf	22.0	1978	0.649	0.476	6.0	1.0	0.542	99.027	295747
iJIdrFqDnJtRNJoD	4XvwtkXLhvKOu0YnIZBwkZ	4.0	2010	0.142	0.562	11.0	0.0	0.352	160.157	198040
iJT8r0ZZSZcpo9vZ	6RnnbW4qp7lCTDITqbkbK0	34.0	1976	0.357	0.87	9.0	1.0	0.8009999999999999	177.262	159960
iJiHvX8Rn2H1bIjj	5P9qFmIiMqE6r2UfwVIdIZ	47.0	2018	0.624	0.597	0.0	1.0	0.084	119.964	538320
iL41JdAqCd3JmcMo	5BLT6LB4kqEMVbOrG2EgrP	27.0	1972	0.4629999999999999	0.43	0.0	1.0	0.162	115.382	172240
iMxYDovDk8gxBARq	6HzO8uA4RuKOGqHJaYMloi	36.0	2009	0.484	0.925	11.0	0.0	0.617	174.94400000000005	216613
iO42ZPnKc8cXr6Ot	454SiZAaTvw0pAoWeli3e6	37.0	2017	0.556	0.81	3.0	1.0	0.309	79.005	226013
iOCzDvheUTxtuHae	18tzenBUBfhF6Z15SGiGPk	46.0	2000	0.297	0.962	2.0	1.0	0.336	90.503	292293
iPtlPjuXagFWsCaK	3HA8pLvjBGoBpDJbaLjFNo	41.0	2003	0.419	0.7829999999999999	5.0	1.0	0.7020000000000001	193.196	130133
iQNA8wgBG3Gmksrl	6DDpV3XdNkSL0JPUK4JzRC	21.0	2013	0.295	0.444	9.0	0.0	0.3229999999999999	86.32600000000002	223520
iQWKwXebf8Fm5OxE	15kc3DJyYixeEEq5kRRrOm	53.0	1993	0.685	0.743	5.0	1.0	0.509	108.998	271600
iSad3oV9tVAOQvnF	13wYXGimJ5fANFu0y2pqG1	57.0	2016	0.626	0.831	7.0	1.0	0.304	100.009	233827
iSnQIziXeRadmWfT	723rNwRpNLzXdR9w4aG8iy	32.0	2007	0.421	0.938	9.0	1.0	0.42	114.246	264733
iUKtB0YCXAVOjVyv	74ABBu8osxqmuFOAKcWWpG	55.0	2017	0.768	0.804	2.0	1.0	0.7759999999999999	112.028	219760
iUYqiMB4drsBFgWw	79N6ODiSktLyZBjAlZlf5c	33.0	2010	0.4920000000000001	0.8859999999999999	5.0	1.0	0.36	128.97799999999998	209933
iWUnPj3sfOkRh07x	2dtK0pUwhrG1HBR0gJUVGJ	21.0	1987	0.589	0.631	11.0	0.0	0.54	89.175	249307
iWnmhvymna7WRdDS	1OvEB2uv8dr51dsXwo5lTe	34.0	1995	0.586	0.417	9.0	0.0	0.18	97.738	224973
iXg4Apj8F9wnFQOk	1SgUE0s8KGfJW9JeuN0ns2	40.0	2010	0.4029999999999999	0.83	5.0	0.0	0.0659	174.102	323400
iYvmwsqhBPJj3VqC	6nVNtpkbipAaJNL9m3nbOG	8.0	1970	0.368	0.3829999999999999	5.0	1.0	0.352	151.125	298147
iZC9u57u2O2ZU9Ev	7j12SnqI04qCEao2nuwxX6	34.0	2002	0.6459999999999999	0.614	0.0	1.0	0.8640000000000001	97.018	187173
ia6MOjJdZLBlbxmP	4m9oIr3cgsL2JCtI0FK0d3	16.0	1987	0.635	0.547	6.0	1.0	0.474	114.038	183533
idF1cH4qAb3AKuAc	6THqWFqcUAAB7At66622Wr	37.0	2006	0.376	0.31	8.0	1.0	0.461	131.566	189973
ie0YmvAWqreIz0f8	6MkbYgrOd3IQjezlWqfn4T	18.0	1978	0.423	0.957	9.0	1.0	0.385	89.552	155653
ifUXhFwFCJh75YVU	2jVi6EOcDaVUug4fUGO7ob	38.0	2011	0.597	0.835	7.0	1.0	0.481	87.89200000000002	206893
ifZzE5d3PR3NWps8	0ju7s4EQWiB28KddxnzbKO	20.0	2012	0.4429999999999999	0.782	6.0	0.0	0.526	87.49700000000001	393200
igGWV2YsNZFjVCDD	4icP6VWlKBLIHzl0bBD4xw	43.0	2018	0.524	0.642	0.0	0.0	0.275	127.944	261234
iiDE169ZjdsoAiiW	3LDd1DqOUW0GcJREvhJflY	19.0	1978	0.711	0.4039999999999999	7.0	0.0	0.955	91.798	242467
iiUveYG1BM5KROVd	48otelBlQznqDX6Uuio485	51.0	2018	0.6990000000000001	0.914	3.0	0.0	0.511	125.001	233405
iikufrfKJAAwTjFv	1pKYYY0dkg23sQQXi0Q5zN	66.0	1997	0.956	0.795	7.0	1.0	0.841	121.294	429533
ijR8bMV3mpWlpYcP	7kVDBjbK8I73acCoaAbMi5	39.0	2006	0.424	0.976	11.0	0.0	0.258	124.458	362373
ijT1kA59nzg3s72V	2JO5YDoI4femwFX69zscgh	26.0	2018	0.695	0.57	0.0	1.0	0.44	109.99	244898
inHyPT70KUua8aLD	50xSD3bHr4ump37OSV38vo	18.0	2003	0.4579999999999999	0.88	6.0	1.0	0.727	150.29	181333
inL3Q1H10dT7oWT1	3HOgUlwPDsh0kEFnbr5EL5	29.0	1977	0.912	0.42	10.0	1.0	0.9	108.53	319227
ipz3lsT6hIFqP1nj	4wJpBVD7r9WAOpmmMXqSL3	30.0	2000	0.5710000000000001	0.481	0.0	1.0	0.0734	81.999	291600
iq77SraHFFqLrHY4	2hX6HlfJeQFc39T5WI99Kw	48.0	2017	0.289	0.1009999999999999	0.0	1.0	0.0833	146.363	248029
iqOKGmogbpUlCpOQ	4OeBineMVaQnHhgk1v9XXE	32.0	2018	0.389	0.741	8.0	1.0	0.345	75.012	448140
irNlUQUsT2eVyqvL	0mHSePRiFnTy7qYPsIeIJ8	52.0	2015	0.39	0.825	8.0	1.0	0.489	203.855	181493
irOvqSgQCPVFaquM	2bfwYcc1FzkIym0XRkYb7F	41.0	1985	0.3429999999999999	0.99	1.0	0.0	0.0755	128.946	264800
irbpWCEufcq1BMYV	3vYP5IgBfHv9nWbNhTq3IS	53.0	2013	0.3779999999999999	0.975	1.0	0.0	0.457	178.00799999999995	385400
irkz2AdhtMYgAYXN	0Wa4gt3f3g9hPX0ypT6Zfq	35.0	1994	0.312	0.888	0.0	0.0	0.424	175.824	256507
isX7p48BazaZteUH	48HxDoVZ37zpDVLud6UFF9	42.0	2015	0.4539999999999999	0.5770000000000001	9.0	1.0	0.552	176.06599999999997	314613
itSU85etD1M8fNbM	73E08jF1urQQSO0oTzCPpP	67.0	2017	0.379	0.325	4.0	1.0	0.433	89.79799999999999	259570
iuC7ksd9ZI6rBDQx	0vwkXrG2ts3piPNwuHtwEK	53.0	2005	0.693	0.3429999999999999	9.0	1.0	0.198	124.401	228973
ivGVLselfIshUMsv	6HyVffzF6uXt9NHMgEkQpJ	36.0	1992	0.61	0.951	0.0	1.0	0.6829999999999999	128.536	281893
ivpQdsiz0WiyzXvY	2Jg74eGheffa7wXTkpk6cW	22.0	2004	0.233	0.978	8.0	0.0	0.299	167.99400000000003	305067
iw21Bo1VYYCT6n7A	1cOyWWUr3oXJIxY0AjJEx9	63.0	2015	0.628	0.737	7.0	1.0	0.5920000000000001	91.507	185194
iw9ZpEzmntAY2Zr6	5Fydh31AheclytAjf3ae2o	46.0	1976	0.522	0.945	7.0	1.0	0.852	134.537	286000
iwYBb0HtGZySccaF	48bo7uexDvAThcRDvEB2W7	60.0	2012	0.546	0.878	7.0	1.0	0.35	119.945	255400
iySVyADdWDEsM60S	5QGzdq90Xi0ejPy9ZCO8qf	21.0	2015	0.653	0.748	8.0	1.0	0.7979999999999999	93.008	241000
izQl5dxQnavvmOYp	5jRnmQJAwBbtikNcvYbp3B	50.0	1963	0.586	0.546	9.0	1.0	0.949	139.316	151600
j0WIhrK42JwAMpAZ	20HB3FzjaKennmHRcpDvtz	54.0	2017	0.4	0.6809999999999999	0.0	1.0	0.0695	180.107	174743
j0cuibch2ONotUJ1	3Q6DA3In23GczdMEFHmTeb	39.0	2005	0.47	0.557	9.0	1.0	0.173	147.826	255973
j0wTBFEHzNDrswZN	0Kojfmpnf0A2yC1zyv39Zx	55.0	2014	0.755	0.83	3.0	0.0	0.513	139.9	337747
j2tMN8BEiUxfXGRH	0BPVT3Ih7T5NqxJ81nlcKN	26.0	2003	0.4	0.959	6.0	1.0	0.611	164.90200000000004	173669
j2wn3enEucwIMiGR	3PGX9zSuWbz0BCFztu1Rh1	37.0	1985	0.7440000000000001	0.531	2.0	1.0	0.974	124.989	175480
j3gpCOZnRhd3eFEW	0Y6Q4ZSm7quZmXfW90JzrX	27.0	2015	0.475	0.706	6.0	1.0	0.193	160.043	216677
j6NFnqnGJw9TFHTa	1z1Jk0U8oNIyBqVyKApg0Q	20.0	2007	0.612	0.605	5.0	0.0	0.318	185.971	301787
j7AdtCv6SrjpTwmi	6864vb42gzugXbcR3cYVlk	15.0	2016	0.7959999999999999	0.474	0.0	1.0	0.6940000000000001	97.956	227760
j7TDZzge9WWcRrYa	2CZi8d774dBB0wiuWMIpr8	52.0	2003	0.655	0.623	11.0	0.0	0.615	175.97299999999996	214787
j8qrlsfqWAPqzqD9	2lwwrWVKdf3LR9lbbhnr6R	68.0	2004	0.649	0.888	6.0	1.0	0.5529999999999999	100.975	208467
j9CTOHVcW8Pd7814	6zfJrbdWeYqBB2gIilYglM	42.0	1990	0.569	0.8290000000000001	6.0	1.0	0.522	147.15	275067
j9VwEMReK4VYjwEX	3C0i9xON8EoQOyvpfhu6mn	31.0	2004	0.4529999999999999	0.846	7.0	1.0	0.368	140.33	179320
jA6lkxaIsH2ZBf8r	31JYu7pbmUPDgAQIY8JOBy	22.0	1994	0.522	0.273	9.0	1.0	0.251	95.792	250585
jAmlfX0zCVbOy778	30Zcjs7pgEkmJA1lEbGSWT	64.0	2016	0.667	0.423	9.0	0.0	0.156	125.116	236120
jBMYgoEaEs1PeAw8	6b6AP18w7mE8Z5zb2E8cxh	24.0	2017	0.0884	0.933	4.0	0.0	0.0408	82.3	531107
jBt6v1SBytV6A9Cg	5Raz1bgliM4doMnDaOyElV	35.0	1997	0.387	0.866	3.0	0.0	0.4629999999999999	142.35	372200
jCSocLA9DNsaNM0d	0KXvGydCYbBgHUlqrDbz3N	53.0	2011	0.4589999999999999	0.7340000000000001	6.0	1.0	0.289	164.583	208867
jCr64GDnzODJJsyx	5xZSbzCVTp0qQt2K6Dfe0V	46.0	1983	0.72	0.677	0.0	1.0	0.867	125.579	171507
jDTmChdA1VOAykV9	7lwYGjS8XQnReH8D73zlnu	24.0	2015	0.5479999999999999	0.769	8.0	0.0	0.318	114.98	220507
jDg7M1pL56de2DW6	7IEjj3vSz5WOmB1wGbKKaz	15.0	1985	0.236	0.958	4.0	0.0	0.7020000000000001	107.887	158867
jEMxGIVB7OrAg93t	4EvGu1Sv84Y0nOoAIJvXFS	33.0	2016	0.65	0.7170000000000001	2.0	1.0	0.475	144.376	260920
jFUhAzyCCr8WM8Go	7qCZgvV98j6RjUULW1s1it	58.0	2014	0.637	0.618	0.0	1.0	0.499	176.141	301960
jGIHp0MVsFnKuOr1	3rPDcjQNtOK0gey9Gu1tZ2	36.0	2013	0.847	0.799	11.0	1.0	0.513	120.016	282493
jGjGSX5T8iArwZPj	4NnCRNgbOH8HIuFmerMz6E	35.0	2016	0.521	0.836	9.0	1.0	0.215	131.714	333000
jHLns0427Wruwtkm	6DbilmNwNgwk7M5ZUD2gyV	52.0	2018	0.8740000000000001	0.959	2.0	0.0	0.536	152.035	96104
jHTZwi0UUuf2C2Zx	53uglTevuNq3pYe06Uacaj	35.0	1980	0.657	0.413	5.0	0.0	0.344	106.693	314253
jI4omGgcick1MeGd	5NN25Yp2kcE0Qrm2J9V7Uq	30.0	2013	0.407	0.7390000000000001	9.0	0.0	0.134	144.871	539827
jJ3RkjQHgkn4ratL	1WXVfFRD89EtVURD4Tbixo	60.0	2014	0.629	0.586	1.0	1.0	0.526	102.995	253848
jJEgEAF2iuW4yk9g	2DGbSEkVncvcUJzFYN0V9y	40.0	2016	0.737	0.8809999999999999	1.0	0.0	0.419	148.439	195966
jJSep11zFCiViYgf	6HtHyWKAzwFwrSnnTunDMl	40.0	2017	0.687	0.7929999999999999	9.0	1.0	0.622	112.057	221613
jJv36zvPl85wSi5a	5L3B1dAZH2Fz1W7DT11JRG	40.0	1995	0.66	0.799	9.0	1.0	0.845	138.064	140240
jKD3XnlWI7pRq5vW	64GIAsWwjXpAeuDdKFkkPl	24.0	1983	0.767	0.92	0.0	1.0	0.8	103.035	257107
jKyeNJlMZGWlUcKt	5HoyoTgvJ4KHcmy5mZvMn3	18.0	1995	0.353	0.8909999999999999	9.0	1.0	0.349	111.976	161200
jL6s2F3IzVDtutwl	2EI8uljBPaI23VUr2tv4eS	55.0	1991	0.884	0.96	2.0	1.0	0.617	116.273	338173
jMHpZGOzfhU381yI	6LkCvCc9oFoLDv4DLhzTox	50.0	2005	0.775	0.7440000000000001	6.0	0.0	0.963	112.993	175067
jMYH9FaRakCWwSyG	6JvrOdeiEqWyCta29Xc4mR	51.0	2014	0.618	0.8059999999999999	10.0	1.0	0.6829999999999999	97.986	180067
jNMoM6EUyoY1fz8x	1CYiC5bLfwoHsvSpisiOto	45.0	2016	0.513	0.21	5.0	1.0	0.147	149.997	250479
jOEL85ImTTwtWGYP	4cPE441DlsfXRh57rl1PAX	50.0	1984	0.433	0.455	11.0	0.0	0.391	121.888	246733
jP4TifLBiphiktrm	5AuzBUUwWZqYYA22gUw6UU	22.0	2011	0.512	0.934	8.0	1.0	0.113	180.256	211507
jPzfieUDfHZbQFtT	2Qdw8LtIwHHZ0L3ON2Vldn	32.0	2018	0.74	0.618	7.0	1.0	0.865	100.972	163884
jQYLaYeOnQt0E839	6dM7nlEgOvC4GKUtF4Hrj3	28.0	2017	0.312	0.941	9.0	1.0	0.294	140.915	144478
jR21UT5IJF7I5dq9	2oReFCXfWhW57M8UmdHsj4	24.0	2016	0.469	0.143	9.0	0.0	0.346	100.823	171294
jSmz2UywO1uQWobf	6LWJTh9oeIo54CFjbuCevj	48.0	1998	0.509	0.258	4.0	1.0	0.196	60.941	263733
jVp2O2BoTmkv1BG3	7ELuWpsuVCRBnOR9ZAZKDp	50.0	1995	0.8190000000000001	0.611	7.0	1.0	0.653	101.001	232133
jW78oqM481fQtAm7	7xiYCA9pJS904OASmgjOxD	49.0	1993	0.66	0.22	6.0	0.0	0.498	76.652	202400
jWoPLkSAzoccD2TE	1AORfnD538aKwUzSyqTz05	42.0	2011	0.866	0.5329999999999999	1.0	0.0	0.635	100.389	248307
jYQtvZ9IYV2LMq2q	3vI706Jjn8PymlP3JWx2qg	35.0	2005	0.478	0.934	6.0	1.0	0.5589999999999999	134.829	171387
jYZozjIWRSGCqBgY	5Z4ucVC7RPwq6WYniXEiiy	21.0	2009	0.525	0.7340000000000001	0.0	0.0	0.3879999999999999	145.939	213391
jZfcQW4j46BN4TBr	3vWknticw9GQWc0j9sRDrE	20.0	2007	0.596	0.401	5.0	0.0	0.445	108.017	272893
jaJzmmNr1sWLN3nx	3CD61XwPZf9EmUwtm7jUu6	6.0	2007	0.19	0.6679999999999999	2.0	1.0	0.485	85.54700000000003	183600
jark6tVTtsel3gNB	7fmwCGS5Sj9mceTWlCUJMA	45.0	1994	0.578	0.733	0.0	1.0	0.755	127.766	239160
jdZ19gUUdte3ZHPr	4MBF8JoW1hNafCt3OL8Lj6	14.0	2012	0.659	0.7979999999999999	2.0	1.0	0.3929999999999999	119.999	241761
jeJ0vNZtdwfGUoCS	4PoTu14Wi2o9l0Rb09gBCa	40.0	2001	0.667	0.898	1.0	0.0	0.7509999999999999	110.056	219227
jedSAFuflOCD6G1u	24NsjHBD2uPxvJALskkvJU	25.0	1998	0.0896	0.933	7.0	1.0	1e-05	176.11900000000003	59120
jgLEhjGBjNhQ66XJ	1K1nzhbKCNmrNXi9B07mPF	58.0	1978	0.706	0.39	9.0	1.0	0.8390000000000001	90.584	217533
jiQ5a9LlpxaHdggy	5zGVYRSVu3zgQczobXIX1Y	41.0	2013	0.361	0.522	6.0	0.0	0.221	113.359	459627
jitmHWx44kFAE4yy	2aerAsGil7Zsoot7NxaghL	24.0	2000	0.722	0.251	11.0	1.0	0.807	75.793	106893
jkQutX4B4A97ldsE	5qJXWMUaPycalzTlp9lxTT	29.0	2010	0.534	0.957	10.0	0.0	0.387	107.504	188440
jlmD7JOBfcZXnUnf	3VIMS1p3sNifH0RQnmDf7s	47.0	1999	0.63	0.596	5.0	0.0	0.882	139.991	417853
jnE38lP7iZd7pIXX	3NP93wjAPjvB1I4Cm3P9aK	21.0	2008	0.109	0.918	7.0	1.0	0.466	186.852	297573
jo8SkjkDIKy3BM8S	53U067974LPRDonBCDz8tw	35.0	2019	0.561	0.626	6.0	1.0	0.5379999999999999	169.87	196983
jorQx4KoKoRpYxmm	558MB7ylm7rWn3y3HxMnF5	35.0	2011	0.424	0.379	5.0	1.0	0.0993	84.87	429733
joty0gKs0YqRLNSU	2u2McJSgHM5iHyOLSwWySb	43.0	2008	0.727	0.542	1.0	1.0	0.5579999999999999	120.057	109705
jqJ6fX2IHOadB1hR	5ZLCyAR6Ti5ueOiPGl41XH	52.0	2012	0.53	0.7509999999999999	0.0	1.0	0.522	148.063	236440
jqdOn7hVCRxa1Veb	3ZE2F2FEWk1QzgQWMnM6hJ	36.0	1998	0.3429999999999999	0.981	7.0	1.0	0.354	83.796	269773
jqsrY1pVIdx6AnGN	27SguawKURe3HP5UuDltuX	19.0	2015	0.8859999999999999	0.455	2.0	0.0	0.63	132.945	166653
jrBapnIURY3hL6Hv	1yTav5FEG4FwowZkhLjzhn	36.0	2011	0.659	0.794	11.0	1.0	0.6559999999999999	132.039	215827
jtKw1863k4rGKrdQ	6G3waRixEIXegXfbRTaIqJ	41.0	2003	0.513	0.929	10.0	0.0	0.483	132.238	222813
juoLoztvRPrfYmjH	0b6wdul3A5sQNpIOv03OxP	72.0	2015	0.6859999999999999	0.718	8.0	0.0	0.557	115.026	206320
jv39of0m3XwBVdIw	7d4W06sKxGEm40rYdQgEtt	43.0	2008	0.322	0.95	9.0	0.0	0.574	182.778	142653
jwL7WTufTGWzxiju	72mDSFZFuyBAfWvmnvB86c	21.0	1995	0.494	0.161	11.0	1.0	0.0978	116.434	203533
jza81pmKApBN39UY	7BxJz17EyAHjZlHEEqrtm6	40.0	2016	0.488	0.68	2.0	0.0	0.64	139.984	282126
jzq1MjCEw9xBVvIo	1dP61hxCA5Zm0NpUreZ9xr	27.0	2006	0.494	0.6990000000000001	9.0	0.0	0.276	141.94899999999996	238267
jzrOnpAxDnM3ZKI2	0dqrAmrvQ6fCGNf5T8If5A	59.0	2018	0.519	0.923	11.0	0.0	0.557	149.965	177870
k2f7HM6XJHEx9Xga	4VP7bipLHUgVEUHYDca7G8	35.0	2009	0.3389999999999999	0.985	11.0	0.0	0.409	152.099	206040
k2hWClAmlwrYsA3B	6fKQblT3h0U2ydiDbnsyfa	41.0	1989	0.4970000000000001	0.947	7.0	1.0	0.8240000000000001	137.089	278107
k3FPwF5E4hLTlXRr	4Wr5Yb1FjVNdqBbo2r4QxZ	26.0	2003	0.233	0.7490000000000001	8.0	1.0	0.0391	170.114	387187
k3fIF5XsWbLhdgcu	4Ag89Y7qSUrpxcgRtSzSam	52.0	2017	0.617	0.541	6.0	1.0	0.43	79.998	107999
k3xVM762w3RTOSc0	1cUUCSG8ocsgedkWhVCe9x	21.0	2012	0.598	0.723	8.0	1.0	0.727	199.937	199387
k4UnduvYeRQSqlXR	1UvGv4XWZrVDrxbGKJfA0p	34.0	2007	0.626	0.635	3.0	1.0	0.257	112.01	226827
k4k03snnDI2NKgys	20vUpj7CMHygzF2IFMLizX	12.0	1993	0.268	0.94	2.0	1.0	0.366	127.291	213400
k5ZEht4kSGfPkoRc	09XOG8iMrDrfpcTLiLnRV6	22.0	2009	0.556	0.774	7.0	0.0	0.715	164.054	230440
k68WuDMJJvrWeeXX	7kftK4n15rl1wbpfjSq2Tk	59.0	2016	0.346	0.7	10.0	0.0	0.351	100.768	169773
k6ZHC64Sv3ZF5BDJ	7E45niYTHvZERA5Rp1zduP	29.0	1992	0.726	0.494	1.0	1.0	0.246	98.789	432480
k6pCLnjAYSoOoo9o	1QQgSUKCG8GakzMOwi4lFS	41.0	1973	0.5479999999999999	0.877	7.0	1.0	0.466	148.799	318853
k6qFGgpEV85Pp9Nf	7z4E4scWIK75EYV0M6Y2q2	20.0	1991	0.3329999999999999	0.128	9.0	1.0	0.0724	114.44	297253
k7Nh93qJae1HAoRo	78dbhazPL9R9DsI8zf2Qnw	28.0	2007	0.4579999999999999	0.877	11.0	1.0	0.508	160.043	241213
k88tcVQ6FdFfRcQP	3SBtRTPGk6SeQKcVM62vIf	18.0	2018	0.3829999999999999	0.89	9.0	1.0	0.228	79.014	375235
kB9KHTogmCSuJeX3	4o2sLYPZc2PxQyAMFS34iw	30.0	2018	0.5379999999999999	0.942	6.0	1.0	0.406	119.999	189000
kBPYozr89OqPt69S	4Z9b6sBBtWfeA5kU3cvtas	24.0	2015	0.526	0.993	2.0	0.0	0.2189999999999999	117.61	280907
kBwRVb68o1yRCtxG	5kQQ3eAIsg5DGbikSHQ8qG	52.0	2013	0.521	0.1169999999999999	10.0	1.0	0.173	90.054	250880
kC8ItuaAbAJWNv3v	0jB5ifhDwVmujo3RAKG5ad	28.0	1995	0.4270000000000001	0.2769999999999999	6.0	1.0	0.155	122.969	278467
kCJHgbVuvdOLX9fK	55N0YHhO55Q1lWsc4dDPcI	55.0	2013	0.496	0.488	1.0	0.0	0.0579	117.982	294222
kCjoZhap3XdiCWsC	5vuIV0PZWrV6cHDvMJd89o	45.0	2016	0.614	0.89	11.0	0.0	0.5379999999999999	99.017	205493
kCpv8DZzgqO7JVwp	3CV2wjaGmqTNB41zvE5uxm	10.0	2007	0.586	0.599	5.0	1.0	0.242	116.075	230493
kDWLpXx8c6H75wCf	5YeHLHDdQ4nKHk81XFWhCU	66.0	2018	0.847	0.603	0.0	0.0	0.735	114.045	227387
kDfVFNrPtyFGEzsm	1j6OxgH4ZLKY2bIJ9k0RHz	32.0	2011	0.515	0.805	5.0	0.0	0.466	161.763	232587
kGGHyhyV9C5h0met	0nty9GkUJ6CD4Uj60IFT4B	12.0	2006	0.2269999999999999	0.496	2.0	0.0	0.13	162.062	414040
kGacIHgE5PpjzW21	3yqJGfvXtPZLiWHVeLWtm8	49.0	2012	0.713	0.8240000000000001	3.0	1.0	0.696	120.028	207240
kGqt1SWYRG5M2X32	63L9AjBDN3SOMbJlBkFqiZ	52.0	2009	0.417	0.945	8.0	1.0	0.607	164.997	230440
kHext4kltqDFZgku	1cgBWgoL6520lR2QZDzdGN	62.0	2017	0.6970000000000001	0.713	8.0	0.0	0.667	99.964	211949
kIrrHrqhMGtCuLZN	0h6MA7WAd7qIL8727kIXMG	41.0	2014	0.643	0.7859999999999999	0.0	1.0	0.52	107.005	189227
kMJheBQGcL8KG3xH	2XvN3aHJNCDsJS6FgcHkyt	28.0	1984	0.3279999999999999	0.997	2.0	1.0	0.03	137.261	294667
kNjGLH3TsdTQJyGT	6XDLoOiCCfg1BxNcmBHyfX	7.0	1984	0.713	0.596	9.0	1.0	0.281	122.951	342973
kObtPNCEmcSyfTt6	5UCZhWiEj8q5jid3zu8JKw	39.0	1997	0.1169999999999999	0.983	2.0	1.0	0.102	164.227	337000
kPQllTjnYgfZhHKH	21oJ1K99GBJrE2GVQGVjA0	62.0	2017	0.486	0.419	5.0	1.0	0.2269999999999999	119.065	244910
kQ1SiWK0LwJpuV3L	2MdtJWg3tsw1oPbpbIVzJK	42.0	2013	0.7140000000000001	0.69	1.0	1.0	0.93	159.998	189160
kTDmcHeyW2hcF6bQ	1U8ODXUkm6fMbvx5CK1Ux7	20.0	1984	0.57	0.6679999999999999	3.0	1.0	0.722	98.637	191733
kVAqNushjm7xPaZz	76HyzKolC3UPyB2ELSWOCq	25.0	2004	0.512	0.764	4.0	1.0	0.319	124.058	225787
kVWyV5G2YUGlkSEu	5HAv1Ckfe50DUjv8ghwTrz	50.0	1989	0.815	0.944	1.0	1.0	0.682	115.219	283934
kWB38nOpqKebYNrF	1244xKUG27TnmQhUJlo3gU	56.0	2015	0.421	0.892	7.0	1.0	0.3979999999999999	95.866	359520
kYjUrmbdJ4Xwh5C5	2l20UdNQnErIHAofdagVh4	46.0	2015	0.539	0.77	8.0	0.0	0.5670000000000001	123.004	223081
kYjimvGY1hS1Ghgm	2CzYQ2ktwSMGnA5ypH2a8w	44.0	1983	0.764	0.529	7.0	1.0	0.703	113.312	293000
kZ4ZuSXXANzSc5h8	3elHKwPu5nXf6Tb80k7PUf	26.0	1996	0.5479999999999999	0.7979999999999999	11.0	0.0	0.623	114.13	260133
kZV6wep0ogka756U	758DQxKtf9ftRHUp9CELJ1	26.0	2009	0.46	0.953	2.0	1.0	0.7709999999999999	151.162	181520
kZfU7YzNZr7QlRXA	01kwQnogRyreCe5iyShk0e	29.0	2007	0.772	0.564	6.0	0.0	0.1119999999999999	117.016	262533
kagU44z72oRKoDRf	3yFQhSmhgVf4thycUwRmXE	50.0	2018	0.7140000000000001	0.604	9.0	1.0	0.583	166.15400000000002	206747
kbXSe3gseaykOgWy	28lGagD5XVanIml82tthPI	21.0	2004	0.408	0.8440000000000001	0.0	1.0	0.493	160.018	281907
kc3Y5WKQEAeZ2Qav	4gCAUYfksD0L6iiojpQtEa	30.0	2012	0.384	0.938	1.0	1.0	0.291	160.009	250426
keL0GM4Vis6abtHQ	2Y03Giom0DHhZ45TknLUzo	35.0	2014	0.593	0.987	7.0	1.0	0.348	123.945	213227
keQWs3ID7D9EIDQo	7w94osomcRPh6mJfngxGln	40.0	2016	0.2189999999999999	0.743	11.0	0.0	0.0813	182.91	288555
kflYK2tjXetHMAfI	7chTzkbpS16xJqyhJWQlmt	43.0	1998	0.327	0.391	0.0	1.0	0.114	113.966	219600
khWdlbyBXH5sXHBg	56qUBBEdeXNkq7JRDlJnJx	43.0	2013	0.371	0.359	6.0	0.0	0.3829999999999999	78.449	230387
khymRW0B0p6aUuSm	4kFfFe38CRVnTsakUTL4E4	53.0	1981	0.374	0.816	2.0	1.0	0.138	104.56	146560
kk3qMN31v0OCnApS	2PCKWNZYcwyFKd4lVRWE8k	60.0	2018	0.765	0.574	5.0	1.0	0.606	140.017	147413
kofCEetOZo7Lb9Sg	1AP49OQJ9hkSEQDrdf4vuJ	23.0	2011	0.471	0.7290000000000001	2.0	1.0	0.286	79.548	217547
kqVWk6G25ortikfF	1JpcqmUlzNlK7lpFOkszzv	52.0	2013	0.591	0.762	4.0	0.0	0.716	111.973	190489
krQw7ulrGfxcyFtN	7mZxXLtIz6lfB7biIcicOD	31.0	2018	0.312	0.937	1.0	1.0	0.509	174.25400000000005	283197
ksziW8IQD3GYKkcA	039wfsptSMfLNW4VZq1jZS	30.0	1987	0.462	0.4589999999999999	11.0	0.0	0.319	75.243	289827
ktiWk1gpZBfYtXsP	72ey4Cr2eXXwH9IMlhzuCV	42.0	2014	0.616	0.856	11.0	0.0	0.63	107.013	187978
kwVC7UCkaNUswXaw	5tkcQeBaeM1ZoNs2YUOmnz	52.0	2014	0.595	0.949	5.0	1.0	0.772	117.97	199707
kyGTSiqPY0uQFS1U	0Grh6sxPOqDOVJyTJV3sVg	22.0	2001	0.809	0.818	1.0	0.0	0.632	109.821	231800
kyU5ITpbduSpUJCB	7pQyoXUiVOptxs9FuA6wOX	38.0	2014	0.703	0.583	10.0	0.0	0.511	138.904	172707
kyhuipEl2CeQHAYu	2XLdbJRfl2UHHzIurEFgAA	52.0	2016	0.628	0.573	1.0	1.0	0.0387	115.503	132702
kzPQoBH35H7hMxwM	3H2W9mYfQNYG31FOAD9q4W	21.0	2005	0.2269999999999999	0.983	5.0	1.0	0.0501	97.916	240253
l0X0LJ56SKFIgZ5B	2Cpqkyei8ZO0H4ljNvB0ne	24.0	2004	0.7829999999999999	0.76	4.0	1.0	0.877	120.005	119453
l0gvH3rsrrMlEUA5	6S8vpYC4067FPhFteul9VN	38.0	2016	0.485	0.7190000000000001	9.0	0.0	0.285	112.963	210262
l0kiEsrJ9r6DXSx3	4wUGq7h7cMKHwXvzkqv9K5	6.0	2009	0.284	0.8270000000000001	6.0	1.0	0.161	116.387	322760
l1XlZd8wo4IO5fn5	57uU61CdGd332Xo2MRpKSI	26.0	2004	0.39	0.243	3.0	1.0	0.145	179.642	348440
l1ccOGznsEcUDcAN	7GzOtoJsiimil1RKK4zSo9	33.0	1995	0.58	0.441	6.0	0.0	0.594	80.959	383933
l2GXfO3DZmRRSwfu	2N0yIGs5DbmqAFRfVzgWGF	33.0	2009	0.374	0.918	0.0	1.0	0.585	105.78	172987
l2P78A2pXSN1RKKX	3Zc9b3YS8wcGDzH92joizS	41.0	1977	0.569	0.588	1.0	1.0	0.7509999999999999	131.609	203840
l2Zo0gy1W3kf3r5q	1Fu9o08qEKVEwzU8siVcig	57.0	2006	0.503	0.8809999999999999	0.0	0.0	0.597	101.038	187880
l31aUgTumgeT8Vgk	5T4ngPEPvNmEFkSDa7cxVw	41.0	2001	0.396	0.936	11.0	1.0	0.316	169.979	246293
l3CUI7iHepUpYyYq	7wZm9nW5fpavAQDIrNxBT1	29.0	1987	0.564	0.562	2.0	1.0	0.426	114.4	248030
l4jbQReWIWmNSZNM	0dDept3NG63mlj7iJ8sVho	36.0	2012	0.519	0.96	0.0	1.0	0.774	157.993	183813
l71YhgFwuFfs2NTY	1Az6q2f7TyYtuanNv1YQAp	25.0	1991	0.0697	0.8440000000000001	0.0	1.0	0.145	182.937	236880
l7JfVRRnkRsaOEXL	6pwtuXoKlbSHPK2x7njFG6	36.0	2016	0.4639999999999999	0.563	11.0	1.0	0.491	137.904	231304
lBYrEJ4DFKDJmNP2	4IImv2GZtrvWeq79ECDapt	32.0	2015	0.6409999999999999	0.8390000000000001	5.0	1.0	0.517	120.02	203760
lBbxNiUrl7pF1H4c	6nRT4R0vtYzMoTMBWvVK7a	40.0	2013	0.5539999999999999	0.47	4.0	0.0	0.253	89.98	226487
lCji3lTQfY0hxwqD	6deg60GnNwwFCBt42R2zc6	16.0	2007	0.201	0.957	2.0	1.0	0.0684	116.388	247813
lCxXICvhos2eQEHq	4W2SEytUaL0gfiHk1FeMoc	17.0	2012	0.588	0.728	8.0	1.0	0.449	129.976	182427
lDNfZjOPYkGjC4J8	1lWHDNyV02Eru0q3wl1iCG	28.0	2011	0.196	0.8240000000000001	0.0	1.0	0.635	104.357	388516
lDUW2uz03rLzvnUA	1RbnH7qjUyWJWh8kjFIYNw	52.0	2001	0.7170000000000001	0.838	7.0	1.0	0.61	82.76100000000002	287867
lFwoNPComBWXKoy1	3wUDrWHJ3bxBDRCHuiamUD	29.0	2017	0.7170000000000001	0.7559999999999999	9.0	0.0	0.317	120.008	239818
lHaak5QXmmYnbNpn	7urHRcvIRPcFqk4W9bsCrt	25.0	2004	0.536	0.134	7.0	1.0	0.132	113.007	365080
lIsRweGMzdmXpoaP	21H9NFP9GPeozdIjuBz4DT	40.0	2006	0.66	0.95	8.0	1.0	0.486	110.974	224720
lIy5IvgAKbdEzWIX	2UjogMEmZcAGgyej9JkR0y	40.0	2018	0.416	0.975	11.0	0.0	0.286	181.438	193800
lKjfKD7iubyEaZSP	70xGLdhwkhoJiUBf4qRXEL	20.0	2011	0.358	0.845	4.0	0.0	0.483	159.957	223627
lL4SqhtkfiSNdETd	0QRcOtv4LE9C2QTfbbkL1e	31.0	2003	0.52	0.688	11.0	0.0	0.436	160.108	251960
lLBoy6bqM2vp4ROv	2wDR9Ug6wJ9zESaR8JDiUZ	25.0	2008	0.376	0.939	11.0	0.0	0.6890000000000001	177.895	185067
lLrxKn7cAVhGAbte	0KlahhzNb98zyN83Vwae0l	59.0	2007	0.557	0.7829999999999999	6.0	0.0	0.442	177.00799999999995	255360
lMBQK2NFovUnvfKe	4Icu8prpEka7ufeeyVlj7a	42.0	2008	0.498	0.974	8.0	1.0	0.6459999999999999	165.043	216027
lOyErwrvnenJb2TZ	6UaolbiZgvtNkLfU0qPLvx	30.0	1971	0.4589999999999999	0.772	9.0	1.0	0.8540000000000001	106.377	278453
lPAW2IulFyjZtuaH	0hPLZrnDgtKxrym1BHjDhd	70.0	2018	0.872	0.591	6.0	0.0	0.696	131.982	205352
lPJqL2xf8vT0w1It	7IImvdQBuqs4KGj9igy2js	31.0	2016	0.423	0.736	9.0	1.0	0.602	144.94899999999996	193551
lPush1WVRmJkcC1H	6xfL1KzGxg48ACVlQE9qXr	46.0	2007	0.426	0.784	3.0	1.0	0.272	147.939	225213
lQ4EP9uTUXBDRD8K	6o8bpkuFMRS2b25Vui9aDC	32.0	1982	0.436	0.8809999999999999	7.0	1.0	0.262	132.59	401000
lQQp4nJxCBg0KYhP	0uc0zqpy99nF71nnT6eW1R	40.0	1980	0.85	0.613	9.0	0.0	0.937	143.517	293000
lR2oU6cJMDXA0Q5F	6IXKljJrwMJlyRhzHRbEDW	46.0	1991	0.722	0.758	1.0	1.0	0.645	117.975	316333
lS6K0SWtwlyvEMdz	2FY7b99s15jUprqC0M5NCT	81.0	2018	0.7040000000000001	0.611	2.0	1.0	0.22	100.0	189467
lTuFCTvvBnrDPW5z	6posofjYcYrpdOwtO9mmtc	47.0	2018	0.532	0.7829999999999999	4.0	0.0	0.472	94.021	246736
lU8VxBqKxbf9NAKX	0FRdCV3aprWtmrZz8borYs	12.0	2005	0.636	0.96	11.0	0.0	0.569	128.99	272960
lUNal0dgrsaYUw5Z	68nTx9JsVMGaKLtMT4I1RC	18.0	2014	0.123	0.3829999999999999	0.0	1.0	0.0647	181.824	632439
lWZd80tzQRrmX000	02WvcYSSq0he8VlLPpyWqt	12.0	1988	0.1939999999999999	0.847	5.0	0.0	0.154	84.927	334534
lWparY0KHKJBVqex	0lHI8w0X4cTEDR0dLBEWel	19.0	1991	0.306	0.921	2.0	1.0	0.469	111.796	204600
lY9b2hMsxiDIqxpy	0SUI1Rz7JEbaDIFp0f0o7x	8.0	1992	0.34	0.8009999999999999	9.0	1.0	0.273	98.717	248360
lYWQPI2TFoh8nSTC	42cxPm9jgbaxIVN77XA1m6	59.0	1998	0.5870000000000001	0.5660000000000001	9.0	1.0	0.529	76.054	461947
lYWTJfHy1ITvlzvq	2R27zElr6RGSydKesz9MvG	29.0	2014	0.317	0.239	3.0	0.0	0.3670000000000001	65.688	253000
lai5kozeoG6BmHgF	4pkEoiyCaOtwxUL8C6IGkS	21.0	1982	0.373	0.551	9.0	0.0	0.379	156.31	282107
lbHFUIZ20VBK7rU6	6AqQkZOAE8uhOWdZlyWzrX	36.0	2005	0.187	0.972	8.0	1.0	0.327	174.77599999999995	236067
lcLc9mPcpQRhoE5U	7aftSOGSOpSoIlVAQVBb71	66.0	2014	0.579	0.7759999999999999	8.0	1.0	0.434	136.04399999999998	229880
lczXdinRbQyhIEad	7m3fyN4mYVxLeYHTgWJiPB	38.0	2011	0.481	0.846	2.0	1.0	0.536	154.149	228360
ldi7tsfL9rEjQyyk	1ETvUwvIG7Tr4wdDgUtIzq	27.0	2005	0.347	0.4029999999999999	8.0	1.0	0.1669999999999999	136.589	269640
lg5MIEOb2cDlz8QB	23ocdrkMsbIT8Y5zYYFGLR	35.0	2006	0.813	0.825	0.0	1.0	0.964	123.34	250987
lgOJYkIote9rJHdj	6PLLzSQEx444MY7Gp53PSa	31.0	2013	0.5489999999999999	0.858	2.0	1.0	0.39	86.009	377800
lhmg3X3ucCD0aZml	4c6yZLnA730uJgQf9fTW2M	46.0	1990	0.304	0.912	11.0	0.0	0.362	173.09799999999996	286693
libCsWmy7ZJfaWpz	3ALyID6n3ZmzxchhiYA4o2	33.0	2015	0.64	0.981	7.0	1.0	0.6890000000000001	140.012	171747
lifSf2cItAkB4aLL	3qKjyqfFKc9NGVKEbGCuRS	38.0	2018	0.63	0.875	4.0	1.0	0.0864	157.076	205605
ljsfSv7SlYE41hhf	13EaPNEi326gqDvxEUtewS	26.0	2007	0.55	0.685	8.0	0.0	0.88	154.892	172440
ljze9e2lsgZRtZpB	1nNTYhZzfUJBNZJv9mUSmC	16.0	1993	0.7	0.331	11.0	1.0	0.324	111.987	227427
lkkO89QDML1MfmoW	3OHjNBuTONQiCNdvz68cLf	29.0	2008	0.472	0.521	8.0	1.0	0.242	151.011	222467
llUMs7aAG7ae6q9Z	6NhZwusTcfH1SB23fFhnw8	13.0	2003	0.177	0.987	1.0	1.0	0.0522	81.485	363493
llfiyRXxPeAoahRS	2J1WgMFR69yglLf327lgQh	22.0	1999	0.55	0.93	9.0	1.0	0.738	104.05	168133
lm3SIeL7YqQBe18n	54aOhUb7pBbk3Ax2SYkiDK	13.0	2013	0.624	0.999	1.0	1.0	0.332	139.97	198960
lp6dT5ZbHwGzzcEE	0dbU4vrIw56EL7nbFfyvCL	35.0	2011	0.597	0.934	7.0	1.0	0.7290000000000001	127.918	182973
lrbEv0Tu2jLNlMmD	6NkgMrJjmi9Is0Gqv99VAU	38.0	2015	0.303	0.977	0.0	0.0	0.498	185.207	232160
lsI7RpydtQbphAhh	3j6I0DPL5GCCUxixinjO5P	30.0	2011	0.546	0.99	11.0	0.0	0.654	135.077	209200
ltoqwd3Ctx2jjNMX	3wzCC7odtdS1l9NTfdeE5P	34.0	2018	0.657	0.7959999999999999	1.0	1.0	0.615	113.979	212280
ltxbqSGFwcdiFR8k	4Upj7Dz6tu1HBeIZfziOlE	39.0	2013	0.3939999999999999	0.983	6.0	1.0	0.129	142.321	235947
lwCTOXXxd3B3sx6h	2arVZgAmb9uWCuCre8q1Gu	27.0	2016	0.654	0.789	5.0	0.0	0.672	101.939	193138
lwM3dhDZgogfmrBp	64peLsrSNKmOcBRvexBlqm	16.0	1984	0.3279999999999999	0.305	5.0	1.0	0.0589	100.384	474000
lxMVvMEW8La21pWQ	3rb7DMU1c7CQJKD47MRN6r	40.0	1986	0.698	0.866	0.0	1.0	0.85	128.19	161773
lxMbTKo40RolezFG	4mWJSCa5i4HKPP71NbEqhF	47.0	2013	0.619	0.621	0.0	0.0	0.3379999999999999	127.042	307493
lzF03M4H0QnKBXZn	1rKBOL9kJfX1Y4C3QaOvRH	59.0	2010	0.614	0.857	1.0	0.0	0.677	164.146	201040
m0fLkdDnuKCniOyn	64ejfytS6Cl1gPkGlgR0j4	22.0	2015	0.521	0.998	7.0	1.0	0.124	119.991	154000
m0raoiG0b0euhz6k	7lOSqtglltGYtBFbLbkaDw	23.0	2017	0.5	0.838	5.0	0.0	0.743	143.982	229027
m2ni0JWTVGsmBNNl	3X3wUjBh51hQFgv4eqEhsN	22.0	2003	0.7070000000000001	0.62	8.0	1.0	0.409	81.52	245840
m6ye1AQEvOrAgGyz	2IU72SQcNQd668V0tWToNe	14.0	1960	0.518	0.251	7.0	1.0	0.439	98.384	136640
m8oqnIEeRk8v9eL9	2ceA7CWWx6yIHdzppN8nLF	42.0	1997	0.268	0.316	2.0	1.0	0.226	76.064	289347
m9g9Rv0cryXb1hVc	2b6jgLkbRpH01GEt9inBe8	23.0	2011	0.564	0.597	2.0	0.0	0.298	126.667	186987
mAMI9CMn96Gr4hrT	1QhqX9moYeL8V4ZnOXirEH	31.0	1971	0.371	0.195	10.0	1.0	0.6679999999999999	153.618	71107
mBXWR5hbbKPepASb	15BsNMDMeokJLkWF5OSuqj	21.0	1998	0.5329999999999999	0.00979	1.0	1.0	0.0742	83.97200000000002	258293
mCSBH86DOGkkCQt9	4xdRhJn6G5qQT4Y44xSt0B	34.0	1998	0.542	0.927	1.0	0.0	0.424	97.591	251320
mCnmHhZqt2inAcjW	2H8r0ewysy5mvze45jbQEj	31.0	2016	0.131	0.974	7.0	1.0	0.0363	97.481	326263
mEFMPdURRF3kXZnF	6GyBgO7IGH7nBdhbogEYnT	50.0	2014	0.5529999999999999	0.314	4.0	1.0	0.2239999999999999	112.067	268747
mH2suhduIEa58xdJ	35jmda4sOC2L0EQpEQNfvn	30.0	2009	0.49	0.863	4.0	1.0	0.3279999999999999	142.033	196000
mK86JfhEvntZPBsA	7waZfrpjfOYktwulz6fo02	45.0	2007	0.5720000000000001	0.967	4.0	0.0	0.527	121.008	194200
mLyWnA7tHhH3Uhfk	5oOUJ15TALvbytORaX6FLE	25.0	2009	0.3429999999999999	0.931	1.0	1.0	0.296	136.958	274587
mM8ngJKLB9T2WYKM	45ZmUXITNXixqBjelRmBSO	47.0	2009	0.612	0.601	7.0	1.0	0.368	125.164	298693
mNQNaz6dTkZUtnA3	2v2ZKjxhsdWevtT0CKN6c2	28.0	1970	0.511	0.242	0.0	1.0	0.4629999999999999	121.511	127813
mOCq6YBMcFDCYEPD	2FKbisOVZcinq7VtYUFD4H	40.0	2007	0.56	0.241	9.0	0.0	0.148	118.462	324787
mOoap3bcujeD82b4	2itgUw0RkrEcqmMxtBzDM7	22.0	1989	0.221	0.7559999999999999	4.0	0.0	0.348	174.21099999999996	249160
mOwhoDPh4nMkGwqc	4VsiXJ7Vxxw0RQIU91BKcz	13.0	2009	0.6609999999999999	0.797	6.0	1.0	0.659	120.001	205613
mPXnT7ZLAx8BP2pe	6mpAOrpdrq5mJTGo8nrvSO	45.0	1973	0.411	0.633	9.0	1.0	0.754	78.727	303800
mPePqfdfjA1QrJNy	327yEsAAkTprbMY5k9dg2t	51.0	2019	0.472	0.509	7.0	1.0	0.503	74.071	221216
mQeZVNjDavf4WysA	6dYZUX7ClBtpzUE7coynkt	40.0	1972	0.414	0.708	2.0	1.0	0.565	124.475	260813
mRLalNcr03bQfkko	2V7hSVI9YwkKvVUhXY2CbT	24.0	1998	0.752	0.623	6.0	0.0	0.493	96.036	207307
mRh2z2fr0ygxzxEY	7b3MzbGB0aivEID99gCziJ	33.0	2011	0.402	0.978	8.0	0.0	0.12	133.592	231680
mRz879Dw1NUbm9BV	6i9zEps9EdkonvPgiietJb	30.0	2013	0.721	0.935	5.0	0.0	0.737	127.009	231574
mSkmd9yspk3hECv3	7MwK3jvd4OUzfmIOX1YDHA	40.0	2013	0.923	0.7829999999999999	9.0	0.0	0.926	135.031	216889
mTCFG1ROdedd9GrX	0CP0p9hpQTT0eFEaYi9QTe	38.0	2000	0.309	0.987	11.0	0.0	0.748	107.199	168560
mTHU4LSWbDZFyHBR	3YJx77Xx8JSwEoxqrkQO5c	60.0	1967	0.8640000000000001	0.346	4.0	1.0	0.964	105.164	189840
mTbTSXakQDcIH7MK	14huXhLmxSdpL52WL0y8gn	26.0	1979	0.76	0.626	0.0	1.0	0.904	114.523	269800
mTn3pzUEzKwIDOQW	67HU47DtdQQ64flYZfmq2Y	13.0	2010	0.654	0.295	9.0	0.0	0.3229999999999999	110.102	177000
mTwXhqc4op8iTl4j	0JkP1lxCjxkDzi3SQxZ2mu	12.0	2001	0.482	0.532	9.0	0.0	0.6629999999999999	115.133	190067
mVIvx5KRzAIB0s9j	5gys5nzVQIYhgHIfiOJYva	62.0	1980	0.371	0.758	7.0	1.0	0.452	77.81	239680
mWr638e6PKdR5Byc	732WGiBVzJ03rWfxZnyhCx	13.0	1970	0.3	0.0858	3.0	0.0	0.228	75.321	246440
mYVrbGa2RTgNi6Gy	24NwBd5vZ2CK8VOQVnqdxr	71.0	1975	0.38	0.76	9.0	1.0	0.491	99.437	274133
mYXaFc0b4TvzgRna	7hKxyb70OOPvDQo1kEvRv0	34.0	2016	0.649	0.522	9.0	0.0	0.36	172.52700000000004	331692
mYgAsL6tN5RXeoo5	05xdNxzC7gXOx9UlRHvH1v	30.0	2015	0.152	0.957	11.0	1.0	0.0545	102.463	614049
maPYFFu0SEtg21bg	25rFfWEpkArgtYJiSSn7cU	17.0	1970	0.44	0.421	1.0	1.0	0.365	116.536	251093
mb3gfWnBLSFu2ynL	0Om9WAB5RS09L80DyOfTNa	56.0	2006	0.546	0.506	0.0	1.0	0.39	152.175	232107
mcSyQWsHtskCQIBJ	3JGkYJiTzNmijRgA7yAA65	1.0	1991	0.636	0.84	9.0	0.0	0.4679999999999999	120.407	268240
md0D3HS7Gz9LWtrc	7Ipw32rwmsEhbf5IBQGmAI	34.0	2003	0.519	0.526	5.0	1.0	0.389	84.007	262267
md76eMMjsfpweHTK	5IWW129DwGyMVQAbaJz3rS	60.0	2018	0.636	0.474	5.0	1.0	0.5710000000000001	167.06400000000005	194360
meMXtRJMnRgPV4Gt	3ucCIGOHmxCOdP3uFvPb2C	29.0	2002	0.45	0.6779999999999999	7.0	1.0	0.296	103.861	234067
meYa7mK3fWZBjco0	4AP3a7eEOlz5sTJiWnv2C6	46.0	1994	0.168	0.974	4.0	1.0	0.0943	93.424	383053
meyRuHSugFCQytN3	3PsfIhi9R0UUGhP2a6G55X	28.0	2016	0.431	0.908	4.0	0.0	0.249	150.906	172240
mfIiV3hmAqQyamkU	331QDoxBaOlXa38Bm3z40A	44.0	2005	0.757	0.593	5.0	1.0	0.769	92.893	194120
mjBqNBFLspc3FCtE	4xrZLwofthSj9EwqXg0Ep6	24.0	1996	0.27	0.988	1.0	1.0	0.228	91.788	186040
mjvZLcQCLTeo1J55	0CAJdthKDdRjB2h8YOguN6	61.0	2006	0.551	0.81	11.0	1.0	0.332	73.464	274333
mlCBgoRvFyaMKpBZ	7JzWz4mgrthdmX52b0Z7mz	48.0	2018	0.715	0.851	7.0	0.0	0.789	105.02	204560
mlJRztJVur0XpE2f	11ydJGxc6EOn8uISbSx3cb	27.0	2001	0.27	0.987	1.0	1.0	0.114	143.07399999999996	188893
mlRU0g4WnCiiok60	3mq52GHIpouaYHdNIX84Sf	34.0	1991	0.182	0.108	1.0	1.0	0.0512	79.565	230707
mlZNZoual2X91RLO	5ZWkiOzFnu0p9Uzss1U0yh	33.0	1993	0.418	0.948	5.0	0.0	0.263	80.65899999999998	267427
mpG2bZZeFVlPw2M3	25K7x5J07v55b2Wtpj1gcV	31.0	2012	0.39	0.5379999999999999	8.0	1.0	0.0924	121.578	522952
mpxBrgJST6LnDZj7	4uW7vYLrpjGWSKwL6NpNP1	14.0	2001	0.541	0.931	0.0	1.0	0.743	133.90200000000002	343200
msG6FSYAHCxgGRhj	3ugjuhgsXE07mJteirZc1l	16.0	2003	0.397	0.967	1.0	1.0	0.395	140.015	230467
mt4lcmxfRqLxWF0U	7iE4ueSTuk1aGR4sLInbi1	24.0	2009	0.6	0.71	6.0	1.0	0.266	122.984	220640
mubUuumYxxs16tgy	3f3lTGxLGsntJKtzczIVmH	33.0	2009	0.304	0.8290000000000001	0.0	1.0	0.141	111.329	212107
mumfFTrnPMaTm4u0	4nrtux8xl5lYegU8II5rAQ	52.0	2014	0.556	0.85	8.0	0.0	0.516	155.875	310307
mvJudGv0j8zz1Sln	3Z6DV0jsGqCs4whsfda7lX	53.0	2017	0.4529999999999999	0.72	10.0	0.0	0.586	86.988	261773
mvNZYakTYILGDiSr	7b7WnbiaeMNCzsSnTe8Yei	29.0	2013	0.502	0.984	9.0	0.0	0.493	104.957	61667
myY0UlrN8xZmnuoz	2aukaepAxE3HzYi7CifOaC	11.0	2005	0.653	0.931	8.0	1.0	0.797	124.977	195947
myoCvPb1dyaj0Tf0	77vDHmiANW3JS2gNN5q7pI	61.0	2009	0.816	0.7659999999999999	5.0	1.0	0.696	120.011	182000
mztrw5nXNL9Qwo8O	1KqExjaW21laEWUho6OVj9	40.0	1987	0.639	0.8220000000000001	1.0	1.0	0.644	110.387	219933
n02RumMUuEhA8ovH	5ih5herXfvp5coBVFhmoAW	46.0	2002	0.48	0.94	1.0	1.0	0.733	173.543	168560
n0yl4ocuw3xOuSZi	2t9ipvBalsHUjTERTBD4jH	30.0	2004	0.447	0.701	0.0	1.0	0.326	152.033	209467
n3J10IFEGSmdS2la	7HmGwZ0HvZIsB90wt3AuDE	34.0	1997	0.158	0.94	0.0	1.0	0.0359	108.856	314907
n5iW9XppNzXkV0KL	4DN8w5wT01BCgJQdjvMaGi	23.0	2013	0.5820000000000001	0.73	3.0	1.0	0.61	107.996	237583
n76jFfoCtgmPuPEB	4qxXNYWAnjQhLDy0fAg9bL	41.0	2014	0.433	0.996	11.0	1.0	0.063	171.985	328000
n7fW0gsuVnl729dS	4Anh0wkOFEunlfqxysO6Hq	41.0	2017	0.462	0.505	8.0	1.0	0.402	175.011	196653
nB0Z9UDydK0L8xtl	51eXqjC11mFVT2B9vTSTNi	26.0	2013	0.534	0.893	7.0	1.0	0.616	131.957	266267
nBId14vHwXSQHFQV	1iqE6c9oyLsrKm4QekbmFO	17.0	2010	0.55	0.833	7.0	0.0	0.946	89.01100000000002	266120
nBdT7W7uaLtZkN0G	6AWp5zLQT1KlCbRkQZE5Tw	25.0	2005	0.555	0.9	9.0	0.0	0.534	93.124	251200
nCc48KsKNjkdFZxT	1GcZpqN72J8SvsGL2B5zAU	8.0	2007	0.521	0.409	8.0	0.0	0.133	113.987	191067
nDChjsox5qt1zC72	3mFZk1Ym5zAhwktuJoyj75	18.0	2009	0.384	0.912	7.0	1.0	0.569	161.77	142400
nDiuhKCc9z5DOBcD	2e8nVei4B3HyfE3sDEvfLN	46.0	2014	0.523	0.7909999999999999	3.0	0.0	0.7040000000000001	132.493	196720
nEUwCpufGit4fqYH	36TEvN58A5fRN571FqmdI6	34.0	2015	0.365	0.978	2.0	1.0	0.447	190.233	214287
nGLIdmXAlhokNVbo	388kF2viiv8i9aEWIThyGT	47.0	2003	0.545	0.861	3.0	0.0	0.2789999999999999	105.017	204173
nGt1GGh9WFmysu7h	4b1jLMp70riKGMSykB3ceD	9.0	1980	0.746	0.8640000000000001	11.0	0.0	0.91	149.95	269253
nHD5CVWuufJ0BiqQ	0Ls4WLphg1obbq7wTPiy7k	46.0	2008	0.302	0.914	2.0	0.0	0.758	97.953	186547
nI03rDC3AIfkGN4q	3EQGVx92eRnUjptgNnKFr5	28.0	1994	0.298	0.926	1.0	1.0	0.119	146.779	333133
nIOTbQB7ARTbmWS1	1D20Pj7zleRPfqLfzRa8hR	24.0	2003	0.2269999999999999	0.99	11.0	1.0	0.0373	88.73	93387
nInOUblfaNsTVr2H	1ivW2dMacQpwAoc9olT6UJ	48.0	2007	0.741	0.764	2.0	1.0	0.7709999999999999	102.008	181133
nIsHgHoJYEzkvvDE	2lH5lV6f57sOiLimUoQ106	50.0	2018	0.4679999999999999	0.975	10.0	0.0	0.461	91.99	209720
nJ1ayYd5TCyBjifw	6omXPpAJH4ap2jMGPqjv0C	33.0	2005	0.828	0.606	4.0	0.0	0.581	127.984	296027
nKFG9mfZWjYbulbJ	07HPV6hzecJmMJwsIX8YVU	61.0	2009	0.602	0.894	4.0	1.0	0.643	125.988	180800
nKkZF0Sz1MqC6SgF	0dhMVWyuExZRNEDcSaxcpk	41.0	2017	0.545	0.775	5.0	1.0	0.356	105.024	233613
nMttUHxADG0pbtmY	4a5XE0MLRfMo7JmZFTxvR3	38.0	2014	0.61	0.698	4.0	0.0	0.688	112.624	273080
nP064MFC4e5ami9Y	5O2Ft5ENCfAh6JCgykJs76	51.0	2002	0.7340000000000001	0.855	6.0	0.0	0.7070000000000001	126.599	237053
nPOUMO7w5JwQ3Orc	6q8LOFuV0Fv7EgTg0WI3hn	23.0	2004	0.352	0.97	6.0	1.0	0.264	111.848	223000
nQ4h11UiCxpxjafu	4iKJyzLR23h9B4qXypuDe2	47.0	2017	0.527	0.935	2.0	0.0	0.144	110.181	92716
nQ4qyKRGbqDO38tb	4Dsxp3FZYCLUxYjQpQo1BP	47.0	2015	0.325	0.91	5.0	0.0	0.142	132.094	242867
nQGbsQab0xYxRs7H	6JumfGk4f9E5KLT086I75s	43.0	1971	0.768	0.4970000000000001	7.0	1.0	0.778	113.83	203760
nQJ2DU5Qo1Z0rkYC	6jT85s2dZ55HBqjXYi2rfI	53.0	2018	0.7929999999999999	0.5539999999999999	11.0	0.0	0.225	119.993	225600
nQNbTq11gUSB2gLw	1Yzi4gxDELjWljeiJWyMab	41.0	2009	0.244	0.643	6.0	1.0	0.208	79.045	344747
nROgbxPk7lgXPE0X	05UXkIk9C6YnXjvyL8Ipgc	21.0	1973	0.487	0.106	5.0	0.0	0.213	108.797	198800
nRpEFcFzYZ8Z8Cye	6PNvv1dmDbOWrAYwEcuKBX	57.0	1996	0.595	0.804	7.0	0.0	0.586	89.846	341533
nSYKGdPdmBN4OIpV	0vVxIQdqs8uVqoWqNpkzwa	45.0	2018	0.314	0.565	2.0	1.0	0.184	89.87899999999998	250600
nVVj7Ksowk6ILZge	5L4n81Ecf8UE837uJkuoJJ	47.0	2013	0.441	0.737	1.0	1.0	0.488	78.462	254733
nWamstGAwBbfV6Zn	3ewe5Rosw1sZaqaLihwj6R	41.0	1969	0.723	0.4679999999999999	2.0	1.0	0.612	146.582	180773
nX9FpddSUFY1C7CD	3E1BkJEsRK7VsSNzijilGm	49.0	2013	0.648	0.91	4.0	0.0	0.7829999999999999	83.09100000000002	356847
nXI9E7xBi32Zeuq6	5XkSlO0o0V83XoU9gmZQdY	19.0	2012	0.6940000000000001	0.447	11.0	0.0	0.536	144.02100000000004	199453
nXVr6iwdbVsSkSqp	5g7Qylrck8rh2lUgEWPQVS	47.0	2008	0.586	0.882	11.0	0.0	0.27	127.993	264880
nZLQai98JIUloXoM	02pxeYqVDzOnHwzFXx8MNR	45.0	2017	0.502	0.9	4.0	0.0	0.763	135.079	184453
naJZJ9llbE2MaOSA	2adeKu82XJFCPInfady2Gt	25.0	1985	0.3289999999999999	0.7490000000000001	2.0	1.0	0.457	184.618	159267
naNraSSKgSwxNGNX	1mckUkymEz8PJPGRH360BF	33.0	1976	0.534	0.528	0.0	1.0	0.727	126.725	163987
nb63ve6ADAfyPZI4	5iQUNd1rf7txD9lSzuK0O5	9.0	2008	0.171	0.96	2.0	1.0	0.363	116.357	168507
nbRSgR24dEWGfdhh	6fF0VGfHRq4g7idB2V688R	30.0	2006	0.6940000000000001	0.535	11.0	1.0	0.359	124.029	284320
nbZZTk0V1ByXZbSJ	5tZO2UEvzLxT0oKFYs9wgy	28.0	2017	0.7979999999999999	0.6409999999999999	9.0	0.0	0.5670000000000001	115.988	212788
nbo62BHKJ2BoX8Jo	4mOxpj82q6n3EO7HBZCelX	55.0	1996	0.5539999999999999	0.58	11.0	0.0	0.402	167.83	264200
nbwo2fc2WclCqFZb	6ZfPmIbwzz6fopTNwAJTPs	60.0	2018	0.376	0.967	3.0	0.0	0.226	91.582	200907
ncntuF20C5zThvkH	25Bt6fmp2I2ZC4n2iud0wY	30.0	1965	0.455	0.474	9.0	1.0	0.602	95.428	209800
ncrK8AlINWw1Ee5s	1mvEbRAlocvkJvqZIj3zHu	48.0	1992	0.312	0.7759999999999999	11.0	1.0	0.25	140.216	309840
ndc4FM63aky0yHVr	2wQ0wME709N4jeV2QAQF1C	15.0	1979	0.534	0.938	5.0	1.0	0.419	120.086	295773
ne38vTpMcF7CaEdV	5RmOHOEZxoMryrW3WiE9Jg	27.0	2017	0.3720000000000001	0.87	0.0	0.0	0.0876	152.046	133413
nfnpXXUFv8b3Vi6i	1HS0wlHdPGElgTYf81bA0S	37.0	1994	0.622	0.893	7.0	1.0	0.0654	127.928	410750
ngAOMMsMHLT9faVj	1a0BdV0rApAOX1nGOCxeSa	38.0	2013	0.3779999999999999	0.53	5.0	1.0	0.146	95.977	243886
ngX5BFaiNZUB4P71	6mHngSw9ywDzghL8YvsDnW	29.0	2018	0.354	0.926	6.0	0.0	0.389	174.958	280560
nhmILgqxIeNkq01v	59FzvTbXeHaF2POKmoMr3k	41.0	1995	0.364	0.182	6.0	1.0	0.1	114.323	289800
nhmJJUCL6wqAXtzL	5ItmWsy6Jovy8OPDHRWEVA	30.0	2016	0.449	0.997	11.0	1.0	0.0326	115.001	378967
niEffBEGRADgYdQN	5ryUbYQzdRRw0iJ2P5Or55	34.0	1994	0.545	0.584	6.0	0.0	0.534	144.153	390533
niQDi3kgr7YWFuJf	78jY6qGQtZAM7E5W7APoNg	37.0	2007	0.677	0.8029999999999999	1.0	0.0	0.723	123.006	212120
nioYkS2ur04s4icz	3oP4cJTo55Wc07vqoix8Z9	37.0	1985	0.4970000000000001	0.892	2.0	1.0	0.536	147.187	271293
njGBA6t0wrejlsNq	0dMYPDqcI4ca4cjqlmp9mE	62.0	2018	0.484	0.927	2.0	1.0	0.389	99.979	227213
nk2Yk9Y7iL1OkmrL	6qPnHotmUk3Z4JPkwXBqJj	32.0	2006	0.638	0.43	4.0	0.0	0.316	87.589	199813
nm71kPftsPbLBOhz	3CK5Fc55KyS4Tg9Q9XrCYC	52.0	2016	0.604	0.905	7.0	1.0	0.718	132.974	191576
nmQ1zIqsGoMiiyBq	6dET51TwAJPrKV5wmA5Vhr	48.0	2013	0.861	0.346	8.0	0.0	0.579	115.264	201640
nmYtNFEPXtNZtXP4	7LowgK4Nyv55acdvCg3Zs3	41.0	1997	0.645	0.687	6.0	0.0	0.526	135.756	269893
nnGqwGWCOSmceOGQ	1iwJPQJet72W5EQbZsRJ3q	35.0	2001	0.748	0.569	2.0	1.0	0.178	131.997	171187
npNmFptTZAXcdEr1	0GZUVCuW5OWdu7LaoOJQ6O	20.0	2004	0.455	0.531	9.0	1.0	0.2	179.856	318640
nqyxZqm7A9fptn5V	7yEwjK98kxx2RW7P3zFeWL	23.0	2011	0.511	0.45	0.0	1.0	0.0767	128.02700000000002	453133
nroPbzmOcivht0Ff	6KMgecbnpK9teQicjeWrmI	25.0	1996	0.374	0.0388	10.0	1.0	0.0998	124.013	250667
nsoguYdc85FLKwEw	5OusUgzHz6Ulb3GZT7WUo5	66.0	2006	0.625	0.848	2.0	1.0	0.716	137.993	235427
nuvxU4cn1hlGTfyY	69IqqxyRIQsfcxFEJFxV3R	25.0	2009	0.144	0.996	8.0	1.0	0.0701	164.074	159187
nw1u2HHw09nIxdiO	5o5R70FLhegu7hpsTHAybE	46.0	2015	0.65	0.957	9.0	0.0	0.877	128.009	370387
nwCwIkN83De1v9tK	4UPcXTh26ilb7owtuyHqNI	61.0	2007	0.2739999999999999	0.7859999999999999	7.0	1.0	0.146	161.061	239907
nwgpEcq5O0fJCYHv	2tjPhTHYARtuNxB5aqDoFE	30.0	1969	0.434	0.128	4.0	1.0	0.221	75.435	169560
nzAmpviZEyTxBY4q	2oOCYaGkOpOB5HPo15cEGl	48.0	2008	0.441	0.74	11.0	1.0	0.45	82.04899999999998	241867
nzCaI7tTLth0h03y	6WpSZXSsvf1iFUZRm5uD5T	33.0	2010	0.3339999999999999	0.3289999999999999	5.0	1.0	0.337	177.09599999999998	303520
o0cI8u4qKmk6zB4m	42vJg9OUfMOuer5srg5sBT	18.0	2018	0.542	0.861	0.0	1.0	0.439	94.07	196933
o1SceoMz7feJiiaG	5yIiXdLRE85OBiQmCaUenq	55.0	2013	0.5760000000000001	0.726	11.0	1.0	0.5820000000000001	136.80200000000002	215720
o1flh98IVNq011Um	2PW14POamToVpGBtNNB00c	29.0	2015	0.148	0.998	5.0	0.0	0.0349	176.82	163408
o33adzkUn31UEAtO	6WJrww1OaHfmaK5eBGtoNi	38.0	2012	0.522	0.601	1.0	1.0	0.298	99.938	241707
o3Z55a2wdvE3s8ms	2SBKGHPQmo65mz9MxV30Fr	28.0	1987	0.565	0.868	2.0	1.0	0.675	128.196	321867
o3xEiysX3yaR8mQr	0PAIXbeVe6z8zlkuVHHiq5	25.0	1965	0.653	0.872	0.0	1.0	0.833	104.24	219493
o4mcP8jW8d0kaJZS	6tAUoO4WAzYOEFLDe3YsZX	38.0	2013	0.487	0.897	5.0	0.0	0.513	99.977	184299
o5CwFepK9xTbBU5I	0ZHHgwbaVJThH4Fl0NyBiP	23.0	1965	0.616	0.633	7.0	1.0	0.5670000000000001	121.272	117467
o5D1rlazYd9bCBlI	28VHPpOFGdY2PByaTe10ZX	48.0	2008	0.628	0.833	2.0	1.0	0.5	129.97799999999998	260773
o5S6SQ69DTnMZGQ9	4dk2niZwQjmGfWhH2fJ7zU	10.0	2015	0.546	0.932	2.0	0.0	0.637	110.002	267853
o5xh41uAm5TMgXJb	1c97hmN3Z064RQZTvCfM84	50.0	2011	0.7659999999999999	0.466	0.0	1.0	0.8390000000000001	145.003	157600
o64J3SARDQwwk8yP	2aa7aMO89zoIHVkzkCciQP	22.0	2013	0.645	0.882	1.0	1.0	0.5539999999999999	96.053	218787
o8i2EnaS7Za0ktuG	7IrDK2wkI9XzTZ5CAXm8Xn	7.0	2008	0.237	0.799	7.0	0.0	0.268	180.05200000000005	380667
o8m8yA0TLbmI9Xel	6cIZP8nszUUtkwbxEW6wBN	49.0	2015	0.496	0.92	9.0	1.0	0.3720000000000001	121.928	294667
oBbeOJbU6MqBt33i	0YiYzuSET7RzVqywWlchwp	33.0	2009	0.5579999999999999	0.722	5.0	1.0	0.609	140.035	213707
oBpRX3vQJK9HCNF8	12EfbgVwa6CtKvCWkZWGso	25.0	2017	0.424	0.988	2.0	1.0	0.156	120.598	255880
oCO1RCn75rv7DAVG	4qRjgQqYrSPZFzQM4vfRxw	37.0	1988	0.53	0.481	5.0	1.0	0.3329999999999999	108.115	303307
oCsGbaU8QTJX3yfj	2SssHI8pNZ4DKieFkTN6PN	26.0	2002	0.5660000000000001	0.539	4.0	0.0	0.8640000000000001	77.118	185200
oE6Drahik6zHuXcc	5G4W4UzaJIpYl0ar95Cs17	57.0	2015	0.569	0.444	10.0	1.0	0.515	71.426	415040
oEbVDhAjqCWtWy7C	7MyF8Uknq3yH4Jp4OXhzWf	19.0	1997	0.391	0.878	5.0	1.0	0.862	161.116	147787
oEhjdkACO0hfpjEQ	4RoArPM0AsuW3h8hW8xtnr	66.0	2018	0.612	0.6940000000000001	2.0	1.0	0.564	103.031	208967
oFADSPVMYyDBnOAt	0ryc9dX561GreTpC5JR7KV	1.0	2011	0.444	0.605	1.0	1.0	0.621	94.275	281093
oFfqwvHz6rp0jRmZ	2WAqL3Hq4NyyIWqkcP4RCK	29.0	1999	0.573	0.747	1.0	1.0	0.7140000000000001	120.004	340283
oHMNoh8ipj5GTtCO	56JSwnaB8u3WY5eHEgK8s0	10.0	2003	0.512	0.7070000000000001	10.0	0.0	0.335	159.81799999999996	266573
oJSHuTv7u1TVk6Nu	2fCapAlFJYfXn82dttdzkc	50.0	2018	0.684	0.764	6.0	0.0	0.905	104.955	185991
oJfFfIaNWBCd2o7K	3P8xZti3mKN3IZ29DksfgX	12.0	2005	0.695	0.795	0.0	0.0	0.649	124.993	254000
oJxxtl8DLEPEzxDj	5XbKAW0xWbg8I3vZwImas3	27.0	2010	0.489	0.812	6.0	1.0	0.4529999999999999	92.999	205733
oKNu3wmU88In3Mm3	1bvERTuePaoVjQ3NpJq9aH	38.0	2011	0.593	0.365	9.0	1.0	0.159	98.345	237547
oKq0CBJKKl90hGrA	4dSO8azgLJBK99tXvqWn84	34.0	2010	0.341	0.562	7.0	1.0	0.299	163.981	243613
oM994kPgyh81fLj8	7MspBv9g5zbjuoKdDuGZ7w	36.0	2013	0.3429999999999999	0.456	7.0	0.0	0.16	144.519	265520
oMVBpwDokWhfSrrC	1971r9SBBvOkI4iIoOwhhl	17.0	2005	0.664	0.897	2.0	1.0	0.735	117.965	236400
oNoOc5UH50LHNl9o	0kUv1b1KYzxnE6tgXLFfOe	22.0	2013	0.226	0.841	7.0	1.0	0.4529999999999999	171.22299999999996	155434
oOGt8G7QICMHBUUX	034hj06KgJNB1y0W4aPfJa	15.0	2010	0.475	0.968	9.0	1.0	0.207	125.193	301293
oPx8xER3MDVufQcd	79TW6H53HprMJt3FW3iPkp	32.0	2007	0.569	0.8079999999999999	7.0	1.0	0.615	64.965	55813
oQ2sE8B1HV3oip4D	2tfrHg2JbOeUKhIW5YHsHk	37.0	2014	0.7340000000000001	0.514	9.0	0.0	0.546	107.507	264253
oRU3mzhGkqNswVIi	2PwNrCOMyzBDKKRbM3ZcWR	30.0	2013	0.5	0.62	3.0	0.0	0.517	151.01	220960
oSZqtfh1QJVw6crR	14vX0FACKUDdxsCVl7G0MH	23.0	2017	0.301	0.964	6.0	1.0	0.27	116.372	270000
oTXm3T3zmrbnA5ya	0ftGzuBsypUU9aczfSi4Tc	23.0	2007	0.3429999999999999	0.982	9.0	0.0	0.375	175.921	248000
oUHq2PICaMHtoL51	57LZqSzlLFUfFQgM8v6TLK	43.0	2013	0.344	0.5589999999999999	7.0	1.0	0.306	138.711	256680
oUkTEEAPNYjunp43	7cU84qjHFxJ39COxWltHyY	46.0	2016	0.659	0.6970000000000001	0.0	1.0	0.615	93.036	240160
oVEAY0PGCuS253m7	1kqantjg5HlqWuv3ZdLh7d	34.0	2010	0.509	0.906	1.0	1.0	0.289	99.998	361209
oVEcBGcAomW7cuAj	2ozJmnjqCMJavEKoHqiou0	43.0	2001	0.723	0.927	8.0	1.0	0.601	155.898	226667
oW4kjNi7nNjcTCwz	41sSS9PLmI14PGbcuSKZDt	36.0	2005	0.236	0.456	2.0	1.0	0.0395	186.497	388080
oWgoCA1NvSYrb4Lu	481S5BKOolPHU4VDkDBHqn	40.0	1975	0.3329999999999999	0.919	9.0	1.0	0.594	139.298	261760
oXdE3n7AxM8dTMTR	58tu1wRIKTuEZjxrfFz2NC	25.0	2015	0.493	0.96	4.0	0.0	0.481	92.499	292973
oXpdQJTpASLJfFvM	2CHSYLRP4AQgyKV17Qc9QO	29.0	2000	0.809	0.474	11.0	0.0	0.669	101.819	253560
oYIqRH5nrmdpQTmK	6Sl7isRXY43ykwyqgW9gKx	10.0	2011	0.628	0.8	4.0	1.0	0.7809999999999999	169.979	215960
oZ4FcJP4Qctot5S0	1R2aYqp6e9eszcHuQP7lwr	28.0	2017	0.495	0.7	0.0	1.0	0.522	169.991	297333
oaIwSbTS5fQjSvtt	0EonrvTzzNScmk7QT4L3dw	51.0	1997	0.494	0.993	1.0	0.0	0.777	93.972	168867
oahj33USrwBNIf7V	45dGKmN6jw7PgK6Dw2rEp2	52.0	2006	0.608	0.785	11.0	0.0	0.8059999999999999	117.983	200733
ob3rJvNvmxEBUgrM	6mORViCZpO5JLkxN9NWgHM	38.0	2014	0.27	0.238	2.0	0.0	0.152	105.469	237347
ofl1u3WysNABR4to	0IvvsjEGO6d8D3WdOPR4Py	43.0	2013	0.659	0.91	1.0	0.0	0.946	126.638	307040
ogAci5eoFfKCOehJ	1QxJvbO89W8tWBUFCTZYui	8.0	2008	0.647	0.905	4.0	0.0	0.306	97.988	210453
ogaBlo8O5BrI2Wnd	1eFOYKVociYWN0RwUgJFvY	40.0	2016	0.255	0.131	5.0	1.0	0.11	173.134	211613
ohbvGoXAJ9BPZk51	7gTSY2oOJAXSACadaMX4aq	25.0	2004	0.426	0.7959999999999999	1.0	1.0	0.473	177.032	208307
oiJUeLdVwgBzhPiI	4u9UZQxoVkabuLZldQGHi6	46.0	2006	0.198	0.94	8.0	1.0	0.179	121.813	226360
ojl88C6GatkYvRcY	1tub4h2w34WitvECVihUzf	30.0	2002	0.57	0.389	11.0	0.0	0.433	76.51	212053
ojtZnYHxoTtRi91i	42JOtajDAVadoj1x84l2Wg	32.0	2005	0.44	0.37	0.0	1.0	0.235	167.972	212973
olD8L9sDEQOtCEwh	5no8RVDQI4458cDzCpPw8E	14.0	2009	0.4970000000000001	0.868	11.0	0.0	0.168	109.981	221400
olDpB2ii5pXljG3Y	0gAV3a4d7PPkXo1E9KLmxF	39.0	2013	0.406	0.981	1.0	1.0	0.165	164.899	238721
olRGJed4NkOqAlye	3uJpLFPywddM2hhqgcgzfN	44.0	2016	0.45	0.937	0.0	0.0	0.27	91.011	217507
olYVAqm0pOogFimL	6zciWZePv9ohzMshMJn7uu	33.0	2014	0.524	0.636	6.0	0.0	0.247	138.07399999999998	244013
oljlgSrW9Ds0APTj	1pJJcWEtSpbv8UAom5bkvW	31.0	2008	0.5660000000000001	0.7490000000000001	2.0	1.0	0.503	134.909	246947
olkuO5DZqjKYrTRo	5NVH4pAJAlK1dbhq1u2qiD	40.0	2016	0.556	0.95	8.0	1.0	0.635	127.054	267893
olw9C9zcBP0ySovw	0blpJaoRvc35QKsEMck6ak	27.0	2009	0.122	0.998	6.0	1.0	0.0316	144.28799999999995	85240
ooNcoUWPzrBAjIfb	33BKenEc2lkctirgnT9Rhc	25.0	2010	0.609	0.542	7.0	1.0	0.336	138.02700000000002	192613
ooopTtHdA0AqT9jY	6C82eBtaVv340EfUEadgyp	6.0	2009	0.389	0.672	6.0	1.0	0.2189999999999999	93.353	250453
oov3Rs6RG3l82soF	6uKvnGeg6xgzPTH3QSPTB6	41.0	2012	0.52	0.897	4.0	0.0	0.397	139.02	199280
osCVdjDPzj7UZ6Dh	6GMJZexPddSAgJu0qp76UE	42.0	1999	0.648	0.875	10.0	0.0	0.429	96.853	297200
osXNE7cWObZGmwwr	4uT2Nl3fUMeCWZ4TEk4SwH	36.0	2005	0.69	0.7120000000000001	10.0	0.0	0.665	97.989	235293
ost5WwHhojQYkCoV	6m9RExR1U4qZZYAgOatzSn	49.0	2018	0.526	0.608	10.0	0.0	0.3720000000000001	93.311	239751
oswI44JDBnSlsI6f	38azNLH2JwH4j8zidhY3Po	40.0	2016	0.3279999999999999	0.937	4.0	0.0	0.228	124.431	495017
otX772D1YwFWtmzo	1c2MXiju7DNPSfsKoVbHlg	40.0	2012	0.604	0.894	4.0	0.0	0.611	137.047	214853
oucCp5SxhArE9VBY	6RvPb011iGh9nGVARZQCqV	27.0	2013	0.804	0.644	4.0	0.0	0.795	120.962	194960
ouzA3TIaK4yAIxp0	4umNSf3NGg6UO5Vtahq8eV	28.0	2017	0.327	0.956	6.0	0.0	0.429	120.227	389500
ovqSpdUbgFRRGdyi	0EaLRxrtnq7Mqhdf8q9txr	55.0	1979	0.716	0.499	9.0	1.0	0.42	116.974	263573
owgNTOp52BmoLWAr	5U77mWepweE43tbBhGJeea	26.0	2005	0.389	0.858	4.0	0.0	0.3279999999999999	101.081	227467
oxjkZVCa9STzmIaI	6hqIXyo6GxydAnoI8XeIrV	58.0	1991	0.305	0.917	9.0	1.0	0.295	101.956	266200
oyR23PnOEo5tVoUG	7x6W0r6kKjPBRmVj4aKXNd	19.0	2000	0.593	0.958	0.0	0.0	0.62	129.009	237427
oyTlx1RNADpNzRCI	31TAub5WKWEsVTJcdksxq7	49.0	1991	0.386	0.319	4.0	1.0	0.6609999999999999	157.614	239600
ozIIQvblTN6Slpfa	7bvMExolp5KSmmYFhfbWjr	31.0	2018	0.522	0.935	1.0	1.0	0.0445	119.933	369454
p2C11NvlN0hm4tjX	6jNCcWc40VzByjQKesMIyp	44.0	2019	0.68	0.715	2.0	1.0	0.691	118.073	202125
p3JMuzuZ6I9JbWl8	5LISRpPG4mWNNQA4XXMDtO	25.0	1987	0.693	0.945	0.0	1.0	0.888	112.901	302267
p3qIikhfdR9XjX5H	4GqF1OeM18jaUiCs56JR5s	49.0	1993	0.723	0.362	9.0	0.0	0.931	76.595	295760
p3ypLAOtsOpLTn3R	7xIBKYHW0iZJfb6eKWLaLd	43.0	2017	0.672	0.59	1.0	0.0	0.496	160.06799999999996	165750
p4TP9oBnIoAIiFtw	0ecjgHt5BPgy4ioN2LndLn	13.0	2012	0.319	0.983	9.0	1.0	0.0728	107.86	191280
p4dOTGBjTexjgFxv	3HPaR5OOXPAfP8dnURL1MG	37.0	2016	0.609	0.7020000000000001	0.0	1.0	0.39	94.991	221866
p5C6RE9bhZAVUUAl	7KGcFX5I8HFFA9DDNQZbbI	31.0	2007	0.7140000000000001	0.662	7.0	1.0	0.705	119.285	159667
p5orMT5vCj58N1ng	5B4FxxGOaSO7B2Yw46WhCb	30.0	2009	0.52	0.917	9.0	0.0	0.1969999999999999	122.018	220280
p8xpqol0rOxjL2Dz	4uCfGqrF2OHcav71k0bk9D	51.0	2005	0.19	0.979	5.0	0.0	0.485	181.251	239867
pAd7kQdenSBvW8Ml	601akXTJgLQapZEBo23RQy	23.0	2014	0.222	0.748	2.0	1.0	0.236	139.491	231933
pAzEb1oXeG9TYIvM	6QqEk3nHopgcZIIBmmuZfF	25.0	1986	0.63	0.645	9.0	1.0	0.925	93.177	248627
pAzgyML8giA3E70J	7JYEJ9wK0Hy5XlLR8KOzbI	32.0	1996	0.267	0.162	4.0	1.0	0.0924	97.336	245307
pBW4hSMcAIFt7dnh	5b4i5arQlnE67Kr2JJha41	34.0	2011	0.3879999999999999	0.472	2.0	0.0	0.473	112.727	253173
pDYI5F6cG7ieAp9B	1FjzUFihdizkI4R3qLpcig	26.0	2009	0.416	0.7829999999999999	10.0	0.0	0.317	140.165	268000
pEAawngmMyR3Qccb	4aQJOU4vaoPkwGsIEBBGcr	40.0	2015	0.259	0.989	2.0	1.0	0.0842	121.901	262333
pF5dqrJwRreBWon6	5ue4tsalLYLd8j52u38Fld	33.0	1974	0.74	0.501	2.0	1.0	0.96	153.558	173040
pFCYP9Ru3xkib9H5	3rZk2gTd3WeFIJLTd4PJ9X	10.0	2005	0.509	0.368	4.0	0.0	0.171	100.758	479733
pFt4jhLjEnh5cUDh	63WWeKBfOuoijGLgCD03Ws	44.0	2018	0.496	0.743	6.0	1.0	0.568	122.352	202440
pIZnbaINXFsTWIt4	63hIesjNbh0Ydl4TKM4cPc	28.0	2015	0.623	0.48	11.0	0.0	0.19	115.952	247394
pK43WHEUOBtqbZqm	6BEKt5axiNeWCr9huv0k7I	61.0	2013	0.537	0.0231	7.0	1.0	0.342	120.322	142547
pKa8tqv3wZORbVeF	5vV3MXW9acnFuYeYO08CHC	52.0	2018	0.5710000000000001	0.551	7.0	0.0	0.165	134.819	284853
pL1Qnfj8IPjKrzXu	5oheUEVCpJllnImTs5nNiS	46.0	1989	0.615	0.759	4.0	1.0	0.96	175.24900000000005	152507
pOhj1saV2NIaCVYM	3UOf6OkelpPyXEpXCe1UGJ	35.0	2009	0.382	0.8420000000000001	9.0	0.0	0.546	160.096	266333
pPJlbWGF7oiXCpyb	14XXOKEPO2oKq6rtsS7NQW	23.0	1997	0.779	0.7929999999999999	6.0	1.0	0.8290000000000001	92.939	239760
pQ3zmzAxoT8yR0Wa	2gl2F5Z6ReNVh0wcyPLCKA	54.0	2017	0.762	0.755	5.0	1.0	0.557	116.036	182368
pQTg5VHeTv4pMo6o	71QDMjqxSXYBiCQeZtJkPf	33.0	2007	0.515	0.753	10.0	1.0	0.351	111.705	182053
pRjV2I3koh2GmoAb	2SPEg45ZaUFJCg9GwNmRvw	65.0	2018	0.7929999999999999	0.488	2.0	0.0	0.5	133.957	184005
pTtt5FNbQ5hkxuw4	6RL5nRfZ2ubP8wIiPOjOSr	32.0	1985	0.652	0.944	9.0	1.0	0.6729999999999999	129.031	188600
pXkHGGUSSx8A5DNk	1pmmWF3qZO1DWodZiQ0h0O	18.0	2001	0.696	0.307	8.0	1.0	0.473	145.137	179467
pXs4kTbEJPjxrGpR	4PefPLptmWVUc6lxpPAZOo	32.0	2014	0.669	0.498	11.0	0.0	0.267	105.015	521560
pZijIGqH2GBH2U3X	4s8htAgPm6FpCxsSFHpcfn	30.0	1998	0.5329999999999999	0.4479999999999999	9.0	1.0	0.518	139.32	161199
paRr9I3ADg6L5zor	6ypMG5KSrPZlPFPoeBmJ6J	12.0	2013	0.508	0.3389999999999999	2.0	1.0	0.0626	113.327	232493
patue5C5C7NYenLA	04BeR1wHaOTWs4XwpaywZX	31.0	2017	0.626	0.813	11.0	0.0	0.366	132.028	224160
pc9XPONuDmTCwkCT	3AIfbPVFz1uxIK5NNVYosN	53.0	2019	0.701	0.581	1.0	1.0	0.696	97.295	212747
pdO1hQ1o6aWr9DWx	1zNtqDVyMrWt9vHbQcK2Aj	25.0	2011	0.759	0.4479999999999999	5.0	1.0	0.349	95.004	269692
pfbZuYk5eygVYcBs	2cgZkUVmNJeJZFLEAyh5Qj	46.0	2009	0.647	0.943	1.0	1.0	0.68	119.893	237347
phE7ePEvY2LXoGj0	7sX7MrHcvg0RAXIMBRTd4S	20.0	2010	0.364	0.924	2.0	1.0	0.149	135.024	187960
phzlIhOHsFXVLW4u	1LLeTW6OzPgAY0YFIVnXUg	31.0	2012	0.489	0.472	2.0	1.0	0.363	104.977	276853
pimD3R6PdlVduyxU	5wTudWQXd6Sjy6nH22fsYv	38.0	2018	0.74	0.873	11.0	0.0	0.271	127.949	355031
pj7SWzUYCu48xN0K	0n3wbLHqJXDfE2FD6R0vbA	3.0	2013	0.703	0.352	2.0	1.0	0.416	137.813	262375
pkJ0tYkGWNaLd6VV	78Bh87inKLDdIAfRAJ6IZj	37.0	2011	0.481	0.5710000000000001	4.0	1.0	0.331	117.334	283622
pl1ULhJ0GW8UvC4M	2ZICF8SFI5tHttaLJKMY1X	60.0	2006	0.509	0.93	0.0	0.0	0.7829999999999999	154.95	149640
plQLBSD3sEyBp3xw	3vGcllzMxnIDpDW6i9l4Hm	27.0	2010	0.125	0.355	4.0	0.0	0.0559999999999999	81.758	285707
plUDmC6QnWwOrNAU	5zexQeS900o7GFeYO6HvKc	33.0	1997	0.631	0.956	4.0	0.0	0.4320000000000001	111.527	188640
plr3GfmLtCAKJH8v	76g4PHyPEb2oDxB0CwWqjA	49.0	2017	0.735	0.7929999999999999	7.0	1.0	0.757	128.012	232213
pmHcEjRa4hDAZZCP	60Pjyla2BNnWzWxNXxGa4u	52.0	1996	0.81	0.534	10.0	0.0	0.863	97.87	257680
po1zh0ciVL9waCrH	2dz8ULcn0bD8B0OKxiOXfW	38.0	2015	0.413	0.0987	7.0	1.0	0.121	74.005	274640
popiDW57nh9KgAYz	1kS9d4x0ftbfq65eaBGSCT	47.0	2003	0.623	0.588	7.0	1.0	0.317	93.922	278387
pqRrADoga2QzRddh	7IcKHPLfhvdfSBYTPMAbga	37.0	2016	0.2739999999999999	0.993	7.0	1.0	0.156	106.912	287493
prSN8TVydjuac6Vb	76W81ivWk9jhpHVykGaS9s	34.0	2010	0.534	0.693	4.0	1.0	0.385	92.98	216600
prX1H54mvNqx5FXr	5hQlgQGszMcENcgc8klmzM	25.0	2017	0.632	0.828	11.0	0.0	0.56	183.052	214545
przY84ThvBjvHe7s	0rp47ZE0Ej8bc7KbgvoQRG	26.0	1998	0.285	0.922	0.0	1.0	0.4479999999999999	124.364	143893
pseLWLZ72Uqqc81V	1hRDHWWealh2Pk3fnpIe75	57.0	1975	0.613	0.82	0.0	1.0	0.465	115.125	290160
ptNtXIPHjCjePfBt	0by8AWOudolQA7PdNZbx1f	23.0	2012	0.7	0.91	8.0	1.0	0.637	125.079	196840
ptq9yH6VRzAgGiUo	3KC2CER0sTOo8aNgMRR4Mm	34.0	2009	0.288	0.4270000000000001	4.0	0.0	0.182	75.101	295307
ptrIEE5tghX6ECNW	1BHkZ4ZUSFz1Ib5I6lUxJw	19.0	1985	0.308	0.904	2.0	1.0	0.593	102.524	174173
pvZS12UsXw1npOVr	0EAKf1NdBfTiK1idL7yLTg	47.0	2009	0.573	0.773	7.0	1.0	0.541	134.977	239080
pwYMrKqhkbUAdfHk	3REWH71VcAAhypfFZTS8SH	32.0	2008	0.598	0.838	5.0	0.0	0.351	134.97	170813
pxkzzV4GssNpCJs3	4dCyvyiImlpONBZlGn8JyW	27.0	1966	0.5329999999999999	0.314	1.0	1.0	0.529	116.208	155933
pzQHBx7Y3N1uVlpT	429EttO8gs0bDo2SQfUNSm	67.0	2014	0.3879999999999999	0.66	11.0	1.0	0.401	143.554	230507
q1YKshsAcHpG7tJM	3hNG7js9aCoYSHuEGS4zIh	29.0	2011	0.462	0.782	6.0	0.0	0.237	139.07399999999998	307200
q1rIQnCNa4UKsU7G	42aUvJt7Att3m2FeqvtxbH	34.0	2009	0.691	0.8190000000000001	0.0	1.0	0.491	128.006	249187
q2XKtmz04VRmQza8	6Fgts697DSwkWGzQLrpGBE	39.0	2008	0.546	0.772	4.0	0.0	0.695	144.933	210333
q4KaPFaUsI5ZDlLp	5dNGORzxFb5z3v7vSAFkTU	61.0	2013	0.527	0.902	6.0	1.0	0.7090000000000001	181.96400000000003	191040
q4dESp9mvVGH5h2C	3Ao7fwJpew0L6itvgxPIrR	17.0	2013	0.61	0.816	0.0	0.0	0.721	135.094	182769
q5ShIM6R3OaT495a	08yQKbxPpMxw1pMI2Zl4A2	38.0	2010	0.4429999999999999	0.914	9.0	1.0	0.588	145.023	273493
q60eYGM0HXfDdRgR	2sLS4tVaEoMYrNS67PVz0V	68.0	2004	0.614	0.509	11.0	0.0	0.593	98.137	276787
q8CqJBLxjNUmTes0	76OkhkuYMwKg1DczqFQARu	38.0	2014	0.314	0.452	5.0	0.0	0.113	142.356	244147
q8UNC0l3aFPXnfx4	14III4J8wKVavNvdIVqQzH	31.0	2009	0.369	0.638	4.0	1.0	0.177	136.935	220160
q9C2bGnbFhFG8Xsc	6QTvIHixO4A2XrRT8yqT1n	42.0	2005	0.489	0.7290000000000001	10.0	1.0	0.3389999999999999	144.041	273893
q9JEP2ZLgz89a02V	1BP1iGueMExbNHHy8fwSua	22.0	1999	0.3979999999999999	0.562	7.0	0.0	0.435	110.391	248640
qACWU6Cb5vOeeBkn	2873vNl0teoOfvycXFwoEb	35.0	1999	0.379	0.1169999999999999	1.0	1.0	0.32	119.65	264947
qAYXQNGXXoLd3hyu	73DWDOjVUyJ8sAiAcySvgS	53.0	2014	0.598	0.45	9.0	1.0	0.348	114.989	219284
qBy4U4vMZwl3zGkD	3BO2qQ8AwhdWVTZcUYHo2o	52.0	2017	0.794	0.59	0.0	1.0	0.6759999999999999	91.001	191978
qC3mq39Km1cB9YnQ	4pITJBPgZ3d0ZUwK3fsfpx	19.0	2001	0.7020000000000001	0.928	6.0	0.0	0.294	127.81	223360
qC5xpdtFfPBR7kHQ	4r4xChhVJlE1WTib6tomoL	29.0	1983	0.465	0.74	0.0	1.0	0.653	107.751	59533
qDkFzUFAHtZaiQvs	16E7LWSzLLMPWYGNCwu7Sc	51.0	1994	0.49	0.845	9.0	0.0	0.655	121.575	247600
qES5o94VP8t2XZTT	1jjuOT18tPbqXhaxvsBani	30.0	2015	0.7240000000000001	0.645	2.0	1.0	0.516	106.003	212453
qEwLVXUeIUlKkLwQ	7AalBKBoLDR4UmRYRJpdbj	52.0	1971	0.38	0.341	7.0	1.0	0.179	143.719	367933
qFe4ICiz5Q66t0LE	3lxD0l11Oog4UUZe24SrkG	38.0	2017	0.43	0.265	4.0	0.0	0.0426	114.089	403959
qFlwLtUfB6jiBi35	0jo08jjSXTmOcq9RlQGzzD	20.0	1989	0.366	0.8270000000000001	9.0	0.0	0.214	151.32	270493
qGGKn5a4l0kyz8LP	1OTvWduKQV0MQd2gnGM9He	58.0	2007	0.1639999999999999	0.8590000000000001	4.0	1.0	0.128	175.118	291360
qGHDYOyP7HMPvxKJ	2gQaQUhDCNGfBVXTvxAmXQ	68.0	1985	0.511	0.942	0.0	1.0	0.498	97.909	393667
qHZuul0Trem8J5kR	6pb31FEAdXc3uSG4TUIa5U	34.0	1994	0.672	0.835	0.0	1.0	0.821	93.934	281519
qINQQr8lLrIu54OM	0UjhtgLGvbS8pBgQ4RIihW	47.0	2011	0.679	0.706	6.0	0.0	0.711	167.145	200760
qJBf7HT51lPnKjEd	1Mg8vLBYwizu7AuhYQO64V	59.0	2012	0.6890000000000001	0.816	3.0	0.0	0.775	127.958	244547
qK7qwz7YEp3LtNuq	6DQ2zGaMtVQj86hXz02tca	18.0	1998	0.341	0.466	2.0	1.0	0.0694	132.38299999999998	196293
qKFRjPWQikVK2LrL	2ObdpKGauHF4PKX6xCG1ZS	38.0	2005	0.758	0.4270000000000001	11.0	1.0	0.695	103.594	243160
qLT1rMJYeHVg5ZJL	2yr8zjsYtBAeZwpvQYC66k	16.0	2015	0.498	0.995	3.0	0.0	0.3389999999999999	148.241	319045
qM34g4hpXcqhLpug	6i0CONd5ipN4Do2y3o9vBV	25.0	2017	0.579	0.929	9.0	1.0	0.43	130.075	204231
qNXBWASsScqXJZK7	3E9s5Feisg3xmzzAHdq4aa	46.0	2016	0.877	0.841	7.0	0.0	0.628	94.999	196895
qO3AAWSEYdPJM7cV	33dDa1OhQJsr0OtpI8WV6f	25.0	2014	0.525	0.4970000000000001	8.0	1.0	0.2739999999999999	129.844	208248
qO8JsWXuK8nV8N42	2pNxL8YsPdBAopzN4hy4PP	38.0	2015	0.625	0.823	0.0	0.0	0.379	127.987	273280
qOXJGJU8heq6waVx	5idmyUBwGE3XrQFZqSA2iv	30.0	1997	0.3879999999999999	0.231	9.0	0.0	0.149	93.266	182962
qQ1YrbQlVOtBptQB	3vHZogGuw36HLk1BeGLhZq	38.0	2010	0.589	0.2239999999999999	11.0	1.0	0.536	93.313	158147
qQF48TkVeamosp2c	381qi9mbQ7MqgQTH4UrtaV	35.0	2013	0.594	0.624	2.0	1.0	0.4479999999999999	85.225	220307
qRIRPx0dg78ioWxl	0YY9bJCAk7eJliNKvlxGV4	40.0	2008	0.425	0.8640000000000001	9.0	0.0	0.769	138.222	245760
qRUVHPoXPqstdnYL	42kcPmx3bxMU9si9HE4rgr	43.0	1999	0.4429999999999999	0.951	3.0	1.0	0.271	99.472	273707
qSpgB2N9PXAAu4nS	6pLZEfSNKlVX0XNDgKYRqZ	34.0	2011	0.473	0.8959999999999999	10.0	0.0	0.336	113.008	222480
qT5pfUi92dheGMqI	0o5AQE1ULUVCAaWrEXOzbR	12.0	2004	0.563	0.731	7.0	1.0	0.327	148.363	226493
qU9Aux9PDCB6jUjg	1M4Wy6jRce1x17qyE7yQAB	51.0	2014	0.332	0.906	11.0	0.0	0.4970000000000001	173.639	229560
qUE9u0Hwgx9dbTlL	5dikapPlQPrsT3xUsUjj0N	51.0	2012	0.214	0.156	6.0	0.0	0.132	75.654	240067
qUEQ6tR4wNAo0uBh	32zkKx35Et6A515oZKxDkD	61.0	2016	0.6990000000000001	0.67	1.0	1.0	0.556	111.988	281407
qUTOHjeY500H3KZ7	3IEnTBT73UBrJr1U0KoSvG	31.0	1987	0.216	0.956	9.0	1.0	0.213	173.55200000000005	163507
qUbKjC17TpHOFZkJ	70oK6ePjILgOuBUzRDOfCR	53.0	2009	0.519	0.436	8.0	1.0	0.133	109.962	254000
qVV4FFDQZfkV1LBT	6TzJLISIitIzn1WtjDY0Op	63.0	2016	0.578	0.8859999999999999	11.0	1.0	0.615	80.008	180627
qVwKFf5dxh95bEAA	3kP8lM7VOZxolbbtBUIgwD	23.0	2014	0.491	0.735	8.0	0.0	0.309	123.239	218907
qXI7XVh0dzBMefTG	4Gy9xdG5wSNJQYKCVyWvN4	24.0	2014	0.6559999999999999	0.628	5.0	0.0	0.315	134.987	526873
qa0uBpE5QmBMoI04	5fU5M4FEwC5beAX3RChigx	19.0	2016	0.654	0.31	7.0	1.0	0.41	99.997	611267
qbQPIU7I8AJy3cPQ	0qvzXomUDJVaUboy2wMfiS	71.0	2017	0.6779999999999999	0.401	6.0	0.0	0.1939999999999999	111.855	232852
qcTRoUCsoFooCVsD	7fDCNVM4XaBbq54HoCCFvR	27.0	1993	0.246	0.8420000000000001	4.0	1.0	0.233	161.73	243107
qcUvs7BssXOWyJET	45eGeRq5VjhY6RTN1TOefI	48.0	2014	0.35	0.947	11.0	0.0	0.104	137.137	277320
qebIf4mDDd09ba13	1BPifF7NTeu4N4kdz50uI0	38.0	1980	0.586	0.349	11.0	1.0	0.418	77.642	279267
qetgheovnh7GG4JI	0lK2JLm8XIl9MyY7gR9vSV	33.0	1995	0.3779999999999999	0.959	9.0	1.0	0.326	113.754	362307
qfdGKqj2QIuogYbc	0Qd2KYCmwGYiTF3A0opS6b	66.0	2019	0.8190000000000001	0.616	1.0	1.0	0.524	87.493	142669
qgvpPNPLmGcFkbUG	0WmvNaey7vh0S4TCp9aTu2	20.0	2003	0.525	0.8420000000000001	5.0	1.0	0.442	145.975	194160
qhbMmz339DsvlwXc	6MbrQcDdPMCkNNqk4uIgrS	23.0	2008	0.575	0.642	8.0	0.0	0.465	94.843	200213
qiJGvCVgSqRp9dsu	0ewtFuJlY7pxdg4lzCXeQV	36.0	2013	0.6679999999999999	0.6859999999999999	4.0	0.0	0.205	130.086	260511
qjnH4yDjGm8XWr5G	5qAKEQvEMo2TAjOq7qbRsK	45.0	2005	0.3389999999999999	0.893	2.0	1.0	0.251	92.091	210747
qnv77D23aKvih3j2	7BqK6tAlt5qd8u3aXJK6Ml	25.0	2009	0.483	0.452	7.0	0.0	0.272	109.663	158160
qnylbbfssY458eIG	2AtmG1FRpuqTM1S7n4JaQv	37.0	2017	0.4029999999999999	0.821	4.0	0.0	0.298	121.918	222202
qpRuEBjxJjXTV9pV	6KbcsH2mvgvG3f8nLcIY8d	42.0	2014	0.6579999999999999	0.7559999999999999	8.0	1.0	0.621	137.986	236480
qq3el8xwdckarmlh	7jYwJsJCQR19VkPlfoXhrh	20.0	1995	0.22	0.392	0.0	1.0	0.126	165.696	261840
qqad7YmPsSUYv12b	6Q9XnZPl7qbvvYV3UBz6bP	44.0	2006	0.221	0.924	6.0	0.0	0.154	146.797	317907
qr7l3zZju9kS4Azs	52K4Nl7eVNqUpUeJeWJlwT	55.0	2007	0.7120000000000001	0.911	5.0	0.0	0.85	117.533	196053
qrkxeaiFlLnxbhfJ	6iI6NXjtI3IkjK2k1juqaX	46.0	1967	0.34	0.4270000000000001	1.0	1.0	0.4039999999999999	120.646	203187
qtDorbJpWDPAEqbp	4dYiOhYuB74Rb2S2Vgnav7	38.0	2018	0.41	0.8759999999999999	6.0	0.0	0.151	180.013	149333
qtI2udJpwde94hTQ	0HUeWBNdi1qXXs3Ejj6NJK	38.0	1968	0.521	0.271	10.0	0.0	0.675	144.622	142680
qvRQmTW9BEtK67ci	35YZB3NoKwJezIXb1OWaJd	49.0	2007	0.396	0.863	11.0	1.0	0.4379999999999999	150.778	203640
qvmK7CcflfnPiGFP	7eWOdwgPxNP9yOBoJ1xwXs	24.0	2006	0.713	0.545	0.0	1.0	0.71	126.061	286200
qwKky3hudlAlYZLa	24miLxqEchxqXnm528AI2H	34.0	2009	0.7020000000000001	0.813	8.0	1.0	0.879	151.013	265000
qwr6LdDHxR73WCvD	1JTFBdoTgdOokPns52H79o	30.0	2013	0.209	0.925	7.0	1.0	0.072	99.158	288547
qx856tJyAiQXXbeu	3vE9aX5rUVQzHwVApZjBIA	14.0	1976	0.487	0.414	4.0	1.0	0.638	105.431	345133
qxRU7sHlMZWcHczn	0A45qiGiGMK3ZB69Iz4KR3	39.0	2011	0.6890000000000001	0.679	8.0	1.0	0.556	134.945	357973
qzNrTkjQB8STKA2l	5kAQdt2HKCXSmZcwErLYie	36.0	2006	0.585	0.3929999999999999	1.0	1.0	0.238	146.09	190822
qzZSPS2EiJKMMnzs	58SvNnFnHLWJRTz2bkng86	41.0	1997	0.7340000000000001	0.648	9.0	0.0	0.7290000000000001	109.105	333867
r045temMIWhIwAgO	4IoCXKpR6xIZWAIU1o4Utp	38.0	2019	0.509	0.637	1.0	1.0	0.1639999999999999	91.905	316250
r1mG0VtFtKVr4Qqx	3UzO2XqkuoVtoD2diEbBZu	33.0	2001	0.257	0.993	10.0	1.0	0.184	120.931	272160
r2fBjTeVwQg7u427	7ih4yrfwk2ZyJsPynia22g	23.0	2004	0.376	0.991	11.0	0.0	0.336	111.94	99985
r2kFVQg5yytbeCcj	3cNvVz6TPv2uqEYKkBg94y	26.0	1974	0.698	0.805	5.0	0.0	0.926	95.85	225173
r33DVgRlOsoVts9c	63x0C2ADUc5bppenvcdrnG	41.0	2013	0.4379999999999999	0.984	8.0	1.0	0.157	193.939	242800
r3wJBE7NXqgZDQjo	5X1JonTZyzkfaeDEVgAW9O	14.0	1975	0.7440000000000001	0.434	0.0	1.0	0.7390000000000001	105.82	298933
r63ZKgpzyU6j9Nck	15KUDgDxvkghmtB6FxI7Dt	41.0	2012	0.665	0.5710000000000001	0.0	1.0	0.636	104.03	199907
r6fF5pebWtAmdM62	6OkFkFIOQ42FqdHnZVEqZj	35.0	1998	0.613	0.77	5.0	0.0	0.182	134.971	286600
r9pC8dmwu4kuBr5q	4D7z8kIRUOZnEzM8vwWjSy	25.0	2018	0.248	0.946	7.0	1.0	0.207	88.588	301504
rBRNYPe0NPTTs0yt	0MrRAUcB8AZiB9ue2VOBYe	70.0	2018	0.6	0.767	5.0	0.0	0.291	164.079	228147
rDGwk4sPntHOWox9	7nO2pVDwUASgEUwQPaHYo9	23.0	2015	0.7659999999999999	0.795	11.0	1.0	0.8059999999999999	115.009	221133
rE3PsUTtnKlyF1wn	6vAyorp6mmYW6CjgsCtL03	33.0	2000	0.6890000000000001	0.778	9.0	1.0	0.8490000000000001	121.911	329093
rEWX59HPtwBwN6ew	29hBRadFZf9QTGRHZmxm65	68.0	1998	0.7020000000000001	0.898	9.0	1.0	0.731	112.845	169760
rExcqzEU4MTlkBiK	62wtttQzoIA9HnNmGVd9Yq	50.0	2004	0.442	0.807	6.0	1.0	0.446	84.649	266213
rEzoRvygERCE82QB	1OolhlC40SrPyo06hQTqXT	23.0	2008	0.478	0.4270000000000001	8.0	1.0	0.0643	92.519	517656
rFJl0J6qKPImZWOQ	62udu2Wo8jTlKtWpsZByBM	36.0	2006	0.187	0.8320000000000001	2.0	1.0	0.114	128.739	591307
rFSozk04fLjG9WJG	3lkTMb5Crwh99F9zLUMFzR	36.0	2012	0.49	0.79	10.0	0.0	0.522	141.984	266067
rHqHaA2u9CuXAgIk	2DO82EQRe1NfLvQKY5znWF	24.0	2003	0.4270000000000001	0.977	11.0	0.0	0.579	161.21200000000005	196760
rJ5il1eVXxHqyBad	5t2XszsbXVsweWaGvjHHWy	20.0	1984	0.3	0.823	7.0	1.0	0.544	107.078	232533
rJJlmbVNsXAEH5hE	3YNFRvI0WnbvFdxUCQiKjR	44.0	1976	0.6859999999999999	0.764	0.0	1.0	0.7659999999999999	126.872	276333
rJL7MNjIVHb4di3y	7KjJzQKzHv8TkItJsTHRLr	26.0	2010	0.2739999999999999	0.902	11.0	0.0	0.3389999999999999	176.61900000000003	203253
rJZHW0CqgJfx7raC	4KhEP3fYJ6vg3qBydeoZrB	33.0	2013	0.785	0.382	5.0	0.0	0.741	101.993	216253
rK4DAgNAHJaV9HtE	2GpQFLgG4s4372Pwe7Q2ij	20.0	1998	0.461	0.357	4.0	1.0	0.205	73.804	241333
rLoba8KVXSarHEbw	5g2cylVMI57PM06exAtNnz	34.0	2017	0.5539999999999999	0.978	1.0	1.0	0.4379999999999999	96.655	289520
rM34SdJtkGaIxRHy	3xXBsjrbG1xQIm1xv1cKOt	71.0	2017	0.593	0.2	8.0	1.0	0.17	83.96600000000002	255067
rN37xSmOPrnvxjNr	3yWIPGvQ7QcOhKx2gNImQW	26.0	2005	0.415	0.8809999999999999	6.0	0.0	0.342	132.015	274627
rPEtKHJnHSFag9Lr	2uvleQRrxdxouiXE6BFZaW	30.0	1998	0.4370000000000001	0.467	3.0	1.0	0.406	172.405	261227
rPmIeCC4l1xukMCh	1nrX903hwRGFc2G0hHb8iv	35.0	2006	0.311	0.99	4.0	0.0	0.278	138.686	283813
rQN3ufKi2Aw3OmhB	2l0JuZRzFQXUfc3fXtbwZE	35.0	1973	0.613	0.315	5.0	1.0	0.366	119.416	227040
rTTx4mjBL4W2oDPf	5sD3j721OW2zLYi7NSWzIa	32.0	2014	0.201	0.996	10.0	1.0	0.0651	108.424	207280
rTnl6IWC8abB1CS5	2MKLbFPQ3QDXpQ0KnS06Kl	57.0	2004	0.7979999999999999	0.2339999999999999	2.0	1.0	0.4029999999999999	103.152	202640
rUOa6iuWCYLXkULy	4UZcgvJOSPKojNLQOT6vIn	32.0	2013	0.603	0.711	6.0	1.0	0.764	82.98700000000002	252507
rVx4Uy4O3w2MkAKV	5fIGsUTmNIfJLZhqCd4D5h	35.0	2003	0.561	0.911	9.0	1.0	0.6609999999999999	112.015	204627
rXCE073CqMVnXXtq	19cjuo0y4w2my2GcybUunG	39.0	1997	0.535	0.952	0.0	1.0	0.526	120.502	234667
rXH5BNYLNrqLzR0Y	3RLC8jJmDOZwrJ5izaISXr	48.0	2011	0.662	0.8190000000000001	6.0	1.0	0.8009999999999999	122.951	210200
rXVqXdQYSGUWcTD0	6ecYMVP02DTtmAguzuGIhQ	26.0	2016	0.315	0.873	1.0	1.0	0.228	97.924	250102
ra1xtQWcOyAxm8eY	64Xs4BdnWKaoloWnxuavw2	31.0	2019	0.522	0.726	9.0	1.0	0.589	96.656	144867
rbgD4dMcYSMZXpkJ	0qlAureWHln3vDCsqnkyRE	49.0	2015	0.579	0.759	2.0	0.0	0.127	127.875	296280
rc2kztl1OlHlz73f	6DtT4umjjqAhX6L5X2Y7tC	19.0	2001	0.253	0.3	2.0	1.0	0.0327	100.975	790880
rc8PYpsvaD5ZdZAx	3Uq06PHpVt4T9KYceuPYZn	34.0	2011	0.396	0.725	10.0	1.0	0.505	159.931	250813
rd3Kht9Huvy2So0R	2nvZv4qatgsDIbEqqbQLUT	54.0	2007	0.532	0.597	10.0	1.0	0.345	80.031	210106
rgu547R8C85Si9OM	7j2Bmzpnf6RwEWEQ2sv8Ho	56.0	2006	0.445	0.977	0.0	1.0	0.239	105.825	184000
riUExC9uMFnzzWqb	6cc51rDYn6G9lahsZk3Fsh	1.0	2008	0.306	0.243	8.0	1.0	0.2	104.611	191347
rinpmvgfsp8bscHd	00IzogGfoqa0rsIHQMNETG	17.0	2013	0.65	0.546	6.0	0.0	0.203	124.053	243991
rjKvo8FxR7FRvK49	0oLoMth0ZxawM4pFry2AKp	8.0	2001	0.551	0.909	7.0	1.0	0.177	123.963	345587
rkhqw7M9XEm6B6EZ	7a6dNBkRHict66PWnCqbqT	37.0	1963	0.351	0.321	4.0	0.0	0.315	146.903	200733
rlGCvRgJpLfjqY0A	10kh9WpO4XlJWhJKfW4I7t	46.0	2010	0.76	0.595	11.0	0.0	0.745	137.993	278640
rlMcTiHz9HSidm55	4VyrxHIpMHb4hIKfl8VxhD	17.0	2012	0.535	0.732	2.0	1.0	0.467	136.991	199325
rlYEWOpYxNrY5rHO	2bCDjVF0utbJIHpG7osTvY	30.0	2009	0.693	0.4679999999999999	0.0	1.0	0.386	113.987	182893
rlaflF4Pcim0lfAh	7nffcPuKQ4oxJIzxJHDkdm	14.0	1978	0.74	0.619	2.0	1.0	0.785	124.418	158533
rm2tvk5mqKsYsJZz	6CqmencKN0UsB67DzZAP8f	32.0	1994	0.322	0.23	8.0	0.0	0.0577	113.378	500067
rmM9fIUpj8WW76F8	0oZObEr6GJ8bnf6fs6w12G	26.0	2012	0.416	0.738	4.0	1.0	0.963	178.55599999999995	198920
rmPupjl0UzjnWAly	4Aeh42a4loddk27Oe3pSF2	30.0	2015	0.632	0.899	10.0	0.0	0.752	139.969	225373
rmmey99kSxC0Ca78	7cITfGsdjGaTP0b5oiLL0z	54.0	2006	0.4579999999999999	0.845	2.0	0.0	0.175	119.994	238053
rnPFHBjH130GHppv	1yZdPcGLJUXEyjU0b9t3Zz	30.0	2007	0.3329999999999999	0.8140000000000001	9.0	1.0	0.3	180.123	206680
rqSDt9FRXNgVaZAX	51qWzz8tfP9AK7q4b9JxP8	57.0	2017	0.5329999999999999	0.4379999999999999	4.0	1.0	0.107	116.053	273667
rquJNwUiT52f91gF	1WeoeHh0TSzsApyJ6Q8OOK	64.0	1986	0.516	0.2769999999999999	10.0	1.0	0.412	82.16799999999998	229880
rqwTHLni7ulf6SqR	6Tjzc0qbM0cnFHzHkOxdCV	27.0	2004	0.523	0.7090000000000001	9.0	1.0	0.317	86.03299999999999	175107
rrrGRm9YfqdZmItY	3VtYIMxaZEdrydYAofTN04	33.0	2014	0.501	0.488	3.0	1.0	0.264	184.096	202938
rv9c5nbm6WsG0ZJl	2LfonCFEOzFedikP12rTeo	42.0	2008	0.313	0.993	11.0	0.0	0.4970000000000001	129.255	399547
rwMnR8ahu1ejc39M	2I2hOCoHXWQyyj2y4WuRTy	22.0	2004	0.4639999999999999	0.805	7.0	1.0	0.534	168.144	233587
rxxyZJ7dFZ288LHf	40FBvcPdz84RpbCOx2lHQV	33.0	1972	0.8420000000000001	0.256	2.0	1.0	0.612	113.221	175600
ryIHhmWVKFYle2H9	1NhPKVLsHhFUHIOZ32QnS2	72.0	2009	0.515	0.767	2.0	1.0	0.38	148.024	224693
ryKUGv9CqFhwCfFA	7wVdKwd0CZkzLT2cRcTSqz	42.0	2016	0.428	0.947	7.0	1.0	0.12	94.5	261400
rysmxYZVR1Z4i0Xy	28H24GURvUF2PQ6275xudN	50.0	2019	0.486	0.743	10.0	1.0	0.422	179.75400000000005	177522
s0qEdhUODZdJ4K96	5JoUwqXt9IPLbiJ6pXwarL	48.0	2018	0.565	0.7170000000000001	11.0	0.0	0.341	75.505	178027
s279pLCLNB68c5k7	4a2TzBgxp5cmL2qgSLH8ZO	21.0	2014	0.231	0.955	8.0	1.0	0.309	163.234	197187
s3Q02ICm2s8aF44b	3cDqayp0cCIO76NJuzAHWU	43.0	2011	0.528	0.944	1.0	1.0	0.511	99.994	265423
s3eFX6HDysVCWfCp	1na2MOlie83rN9sTNRuEOj	52.0	2014	0.105	0.5429999999999999	2.0	1.0	0.0735	68.486	181280
s5VkZVhFxqFZrlDj	4fbHQuPWhUTcAS7vGMHQ1j	30.0	2004	0.261	0.27	5.0	0.0	0.25	187.246	234933
s7XaVBgrzvZGterx	0k9Bz6pdjy3i8TQM4iCxpS	25.0	2007	0.804	0.547	0.0	0.0	0.8690000000000001	91.698	168213
s8jJJEeNKB5WAn7H	2O6X9nPVVQSefg3xOQAo5u	48.0	1994	0.649	0.488	11.0	1.0	0.469	164.236	306200
s8kcJT0HkL5s12Em	7v5s7YFXrwzytRan0HtZGb	55.0	2011	0.4029999999999999	0.45	8.0	1.0	0.1159999999999999	147.694	212640
sCtgP58LVgV97k28	4Pwbmdi0Q2RwktwTjMK5WA	28.0	2015	0.6759999999999999	0.722	0.0	1.0	0.7240000000000001	104.99	195800
sCwoW8T7fM3YWLSp	6pdV9QPzTmrFbrlUw5BV8Q	28.0	1995	0.5479999999999999	0.177	4.0	0.0	0.171	141.77700000000004	298467
sD4BO4UvRDFCpO1N	46lBnks031OQX05mUWBOmZ	41.0	2000	0.523	0.7959999999999999	1.0	0.0	0.879	149.481	189333
sDW48b1hchCUlMc9	1k5Jr3Ir3tXJLrI5ZsJ0fo	43.0	1996	0.475	0.942	1.0	0.0	0.178	80.35600000000002	255400
sDuizta8HiGTaZHn	0GmkiJnO9y6FUxWpygHcsu	36.0	2013	0.4029999999999999	0.883	4.0	1.0	0.767	202.013	201720
sEaW9dGX94N6rGs7	7zs5aog6tlIeniHcnoB0HJ	32.0	2001	0.604	0.851	0.0	0.0	0.649	144.015	244067
sFL3W0ImJ3UlIhbn	3zOk1kIr2wF0YVfdBUVCfS	32.0	2005	0.361	0.211	9.0	1.0	0.181	175.62900000000005	357402
sFNZfc0JOjhFJXAJ	4ZpXHlV2vQVfPXUvbDSZ92	65.0	1989	0.345	0.531	0.0	1.0	0.49	176.30200000000005	313693
sGD0zOgtbcrwZZO6	55jQMevNp7aWtiW5LPlPoa	54.0	2018	0.805	0.7190000000000001	8.0	1.0	0.906	137.096	135766
sHnwqL4HR2HB5Iut	0jcm2f6GYa7m6wtYG8aoMF	26.0	2009	0.284	0.5539999999999999	0.0	1.0	0.0874	117.882	146520
sIODpb3zyBHdlt0i	2t93dWkWdBhRW4SunWopTJ	17.0	2004	0.614	0.498	0.0	1.0	0.5579999999999999	113.609	199267
sIT13L4j9ECEU3wM	2kz1QRCZnhCumXOJ2693pu	26.0	1970	0.479	0.7909999999999999	9.0	1.0	0.835	144.216	158773
sIdgM3ViUqhQmfy9	5Ppz1M3Ok7Yu2UgCyzAwNC	22.0	1995	0.701	0.918	4.0	0.0	0.672	120.069	267160
sJDazuJ0CEnZVnZz	5sLdiwwREMJdaCWIoqnJt2	22.0	1983	0.2689999999999999	0.976	1.0	1.0	0.23	97.253	32090
sKIuKEExlAgMiesY	2ZJxnYQp0VEZKDhBshwQV0	37.0	2003	0.841	0.364	0.0	1.0	0.569	131.048	256707
sMg0MnZ5xyAtgI5O	0Hb4KV0zjIuW4J3ZckBsOH	36.0	2014	0.7140000000000001	0.828	11.0	0.0	0.867	137.984	206467
sN69P1rPgykLK42A	3aDLTIgOoi21boHt8KXIKB	26.0	2012	0.602	0.3779999999999999	10.0	1.0	0.259	96.121	229400
sOk5gN9NdnlGisfD	01dzjaQXu0xdScPi9AodvR	21.0	1980	0.3979999999999999	0.74	9.0	1.0	0.627	92.769	184027
sP1S3wvw4rfgUoG0	0VhD3O4edOl0k5ADBfg7N5	13.0	2008	0.7490000000000001	0.682	11.0	1.0	0.6659999999999999	127.917	264413
sPLc43wWsETphfLa	5776LqwiAk5PQEXSw8v4Pa	34.0	2005	0.428	0.909	7.0	0.0	0.435	81.745	251827
sQqi4JqXF7qMjs1Q	6YEA9FtTGgunfhH9AcXlGi	26.0	2015	0.486	0.4370000000000001	5.0	1.0	0.27	141.076	265680
sT08WjTOOJaCho67	6J1sxaRmlhqYMx9REYEyi0	29.0	2009	0.27	0.931	1.0	0.0	0.41	87.35799999999998	217867
sTlwTjzsh27NPYVa	0XeykwLHk7IEEy1sAUA6Om	29.0	2006	0.706	0.914	2.0	1.0	0.444	93.013	163960
sUE2sIScnRfCYMaa	7s4qhv3Txiv4oFWUccJsci	42.0	2008	0.69	0.288	6.0	0.0	0.316	141.899	256813
sUtbAwZK1Zd5uAoc	6aUAFC6ldgKCeSL3qcSVZQ	30.0	1967	0.377	0.444	4.0	1.0	0.518	132.74200000000002	143173
sV28KC5eAeNiTPYn	7bppBAD4NHqVqzXkrkZVxY	35.0	2008	0.5770000000000001	0.336	5.0	1.0	0.154	95.927	176520
sWmNFRNMpNbFB1kV	4TPDqoA9k7jFtdigCgM2VT	35.0	2013	0.513	0.906	0.0	1.0	0.556	147.967	182787
sXFRgsaj5mPgKB3T	3SKzTIl9mW0DadTys9SFo3	66.0	2015	0.5489999999999999	0.675	4.0	0.0	0.206	119.898	214762
sXwTEDDoCn8rZzUq	7ozuW6dcv5jcmwjx23ZeMs	35.0	2014	0.244	0.674	6.0	1.0	0.309	141.184	316720
sXwuwgEq5bdAaahX	2loweLvzkHJTe7sbbw1nO8	37.0	1972	0.445	0.264	7.0	1.0	0.225	114.69	247747
sY43Vcsj6bSeYs3G	4Gc2XKO9iqAGSaQqeG8TUk	17.0	2001	0.0647	0.804	10.0	0.0	0.114	197.114	283000
sYw9fcqJkrPOhFAD	3iT4vWUWxqsn4hFTkEaJCi	55.0	2007	0.546	0.8320000000000001	1.0	1.0	0.633	96.019	202360
sZRtaZ7ibHrqxTT5	3IUEZsFIQv3QbE5K15SbJu	52.0	2014	0.3879999999999999	0.3329999999999999	7.0	1.0	0.231	79.05	237680
sZkrm3eCoSzbBEfO	1qiNke0FEhbXlxmhjRkZTC	13.0	2005	0.288	0.726	4.0	1.0	0.3979999999999999	142.314	333573
sb8ULf4OH9FatySd	0QZ5yyl6B6utIWkxeBDxQN	71.0	2015	0.441	0.379	2.0	1.0	0.105	174.118	208227
scNfQBAuRCqtDfOi	735Trwo0j3Erp6naCU1kXv	31.0	1967	0.607	0.1689999999999999	7.0	1.0	0.17	113.288	182296
scdB4T606h7kxHjJ	79OXRCoWuv9YG8WUjyGDZB	12.0	1996	0.462	0.489	5.0	0.0	0.275	110.354	328720
sdK4PIwuXgP8av8U	2hfBefasNaEEgnxD4Pdsar	56.0	2004	0.615	0.423	7.0	1.0	0.16	143.985	209093
seCqXRP7JrOkxiHz	0dJL53qS9Vc4hLONKPJ7tj	34.0	2008	0.7140000000000001	0.42	0.0	1.0	0.618	148.04399999999995	242693
sekrnqQ6X8UCDGqw	1oKpxxe1L6YdriO8SnV6I1	48.0	2008	0.69	0.852	8.0	1.0	0.887	137.83	282627
sfdmrvDRhf1uDLB9	0DRJwSmnsMT8CCbbcze07Q	32.0	1999	0.713	0.774	2.0	1.0	0.7859999999999999	120.004	252360
sg8sZZHqiIEY7D5S	2jUGx86MKoqUdggswinzSf	10.0	1992	0.165	0.816	4.0	0.0	0.657	150.889	94960
shG7bbU5p0XBPXTn	4kbDYMLy5qdn1UqaNiNWsM	38.0	2012	0.621	0.857	6.0	1.0	0.889	126.034	225413
shRm9hpwmMMuPXaE	4GGbJ60q5HIN8wKOp9Xabz	47.0	1995	0.794	0.873	11.0	1.0	0.602	90.841	279200
shjm5lpCb2kYN9Kt	0Fq2qjyXlxTdip6Nrso4TP	1.0	2003	0.301	0.993	1.0	1.0	0.0763	108.075	256573
shoNdWVMxQvmuEL2	1B8hYc78Uzh1FxK3wJ8GnP	29.0	1994	0.611	0.517	2.0	1.0	0.638	100.365	255840
si71Ib3E3MAVNFyA	1PxE9RK6FBEp42F9QwzZyn	58.0	2018	0.517	0.391	5.0	1.0	0.342	139.764	180320
siWsTs8ymHkLik2x	19Ba4C1oVJfjxGFLiPEbsJ	52.0	2015	0.536	0.988	1.0	1.0	0.369	105.028	204587
skpKEDkrKPTihKGC	2fNakZ6rm1CAbfowfLBPJ4	16.0	2010	0.62	0.721	6.0	0.0	0.135	105.004	242320
slDShqXa6aqyecQd	4lMKWisWVYR6aev2oUdZz6	12.0	2014	0.617	0.741	3.0	0.0	0.485	129.95600000000002	221743
spSvaSLAy114Y23f	2VqhtcC3YZWtZcgxjDxwdw	36.0	2013	0.603	0.289	6.0	0.0	0.342	97.892	221013
srT66xcTBVRc3AP1	6VMT3SzIMbNoR5lsUsniQY	54.0	2016	0.475	0.835	11.0	1.0	0.473	74.971	225853
srjYkYyODYIjZzYQ	2eCKInLAAoItTk9GGfH3yS	17.0	2003	0.287	0.992	7.0	1.0	0.0375	120.767	259640
sroWtFR5FZTHwavm	1QCUrXrY1qlxRhL3a9LYCA	44.0	1937	0.7170000000000001	0.111	11.0	1.0	0.15	82.181	154667
srrZn2fLa7OOHDCr	40vxDAueOakeH7tcAiD6Si	15.0	1994	0.547	0.737	4.0	1.0	0.853	122.827	180080
srsns1RKo2wyyDzL	1nkIo1CTEE4YkDWD40JxCF	29.0	2012	0.466	0.309	6.0	1.0	0.0933	131.215	187973
ssCSbi7sk1Y2lkmC	5UrtWWzLXqrMCiiB4SGuq3	32.0	2012	0.701	0.521	0.0	1.0	0.312	131.005	225200
su2dj3wvaEiD2dQl	1nkxGKPaWHRTx4kTgerXVU	32.0	2015	0.787	0.922	3.0	1.0	0.889	115.042	189878
suC3RxxVEjeuxU7U	6gTdrud3duWIBg8r2YdjOL	45.0	2006	0.374	0.988	4.0	1.0	0.405	149.14600000000004	224440
sv3OBxcUOGauPEiR	6K1vOL5CcooLyoybcjfXtc	22.0	2015	0.465	0.903	4.0	0.0	0.3379999999999999	129.806	225161
svVsN7Mi0rdhMsNC	4uVUa5yCpYwIiS6qouJiAz	9.0	1981	0.541	0.878	0.0	1.0	0.507	136.94799999999998	249947
svnvH5zbEQTLaACI	6e4Qlf9TKDTbhxIWXGHOIj	34.0	1998	0.446	0.905	7.0	1.0	0.6779999999999999	161.035	238840
sxlF5zsaV3LGkdUs	4oRj89T5IB1lHbiyrwhzEv	19.0	1965	0.52	0.321	4.0	1.0	0.3979999999999999	80.82600000000002	146067
syqwpHcKpSeNJSUI	51iBBQYl062Nqsin3ruvo6	27.0	2015	0.423	0.931	1.0	1.0	0.136	120.037	289747
t0oe2B99HZP4l2bG	37LNThlFJaNmi9SeLrv8H6	52.0	2006	0.654	0.469	1.0	1.0	0.698	144.11700000000005	226253
t17uZBq3KsYjOXs8	4vHVfwVi2CEc4r7P1Pr9iu	53.0	2015	0.435	0.565	0.0	1.0	0.8590000000000001	203.739	196519
t2JG09uhhWwH5CI5	7vSh5YzbU6c2bxYqX0Qhnv	22.0	2011	0.665	0.812	0.0	1.0	0.4679999999999999	148.98	324187
t2Y36kOOGH7JxDMn	2Jv0U6cRrB2lvyGHyuNSBx	28.0	2010	0.396	0.967	6.0	1.0	0.244	97.686	284605
t30RNwgYCMT9k0Nr	3wuJOi4N0Dd0QtBW0wZUwJ	46.0	2006	0.3339999999999999	0.976	10.0	0.0	0.547	195.177	195120
t380pB5woEB1iWOn	5qII2n90lVdPDcgXEEVHNy	68.0	2002	0.605	0.782	0.0	1.0	0.8009999999999999	88.051	244880
t39ohKKUjq2u9KA5	22Mmr6bWntkodqm5CELKsm	53.0	2013	0.623	0.8909999999999999	11.0	0.0	0.2319999999999999	142.04	299027
t3ii22DX9lbXblqc	7cOLm2VMd1hKadKzw41dmB	47.0	2012	0.476	0.953	8.0	1.0	0.244	124.929	236267
t61gRUmCesgyaG6K	4c4cZvkE0dyAP7vsluVkzB	26.0	2015	0.4479999999999999	0.913	0.0	1.0	0.304	89.96700000000001	443867
t6EIxhBsnltHiSC2	0Nby3sP8ns6K37DsVCio5B	46.0	2017	0.588	0.865	6.0	1.0	0.306	123.062	226520
t79ZBHGAN1A2NbOg	6QRQd3I52HHXy59OWAqKNa	30.0	1984	0.583	0.928	11.0	0.0	0.652	142.859	274507
t8M8yJHyRlalRn4E	6tu2FHuKL9C8pwNrityweQ	68.0	1985	0.736	0.711	2.0	1.0	0.7190000000000001	112.309	225760
tAHXrXoZTC8qkroj	4G8wt3fUBpgBjI35TBF2eQ	40.0	2008	0.4589999999999999	0.14	9.0	1.0	0.146	128.89700000000002	241120
tBDRHhhcyHYnr6QT	0TRMfz6PF3yIlYOnEPkRdZ	33.0	2007	0.507	0.8740000000000001	9.0	0.0	0.4589999999999999	160.122	225227
tBO9u8VG5NNB3s0z	5mb3e18hyqxyyMLbYXy39e	37.0	1989	0.684	0.4629999999999999	9.0	0.0	0.6829999999999999	115.563	250600
tBdr2WlA4J6heOxH	7xLlSz79Lpsfx3FwS9vrCP	28.0	1993	0.14	0.885	9.0	1.0	0.0409999999999999	140.586	490800
tBvltDHwIq7YAcRg	5PezAM0uy0cqmyeYv44RGW	38.0	2002	0.467	0.725	5.0	1.0	0.7340000000000001	170.125	247240
tGTirpqfEaQTCRkB	5bJIPK8vjtyDCP9lEXW3Zl	21.0	1991	0.336	0.904	11.0	1.0	0.629	176.002	195933
tGnHytOxYRySK4xB	27OmWMokezZgoeVZgFhSdy	26.0	2017	0.18	0.7829999999999999	4.0	1.0	0.285	98.881	305770
tHEHwo4w4Ds9qrwl	307kcWJQNMdiYYKj1LgClU	61.0	1964	0.73	0.504	7.0	1.0	0.883	126.282	163093
tHuCJF1NxmshRru2	0fBrOyJj7gEAyXevVq69xv	41.0	2013	0.407	0.915	7.0	0.0	0.741	170.084	191133
tIhetvX0oVSiledY	2JxQrH09OLPOJzouf2LbFx	31.0	1983	0.7859999999999999	0.3339999999999999	2.0	1.0	0.379	107.982	211906
tIpBYVD4FfVuzb5v	7CBMeOrdftJPpzmNOe53Xi	25.0	2010	0.746	0.505	0.0	1.0	0.461	95.981	220280
tIpLPRZtXWBHINDG	2VspVkHity8i4H9jammhhR	50.0	2003	0.512	0.615	11.0	1.0	0.193	115.884	279227
tLAR3bxOczw7gEMK	59tkibMNF12uc6qHpMPhtO	16.0	2015	0.503	0.6809999999999999	2.0	1.0	0.295	69.007	208693
tLb6xzRxNJJWAJvM	28nrOocj11pS0UVH2VM6b5	55.0	2018	0.8220000000000001	0.611	0.0	1.0	0.5670000000000001	105.052	176944
tMB1n5Gby4LfxOl6	1HV6BXfbAeA5Vz5XPnlRCw	13.0	2007	0.6890000000000001	0.8759999999999999	7.0	0.0	0.8420000000000001	101.993	224520
tMBlIUvYLXGKUJVo	6V5hIhgiIfgXqQp1xJ4phc	30.0	1988	0.411	0.978	9.0	1.0	0.8079999999999999	141.112	124667
tMD0sldP84XdwwEV	42Da622nCy4WpuIR3cO2Ue	35.0	2010	0.357	0.922	9.0	1.0	0.205	159.929	266947
tMTAFV1bwys4S3wf	3nn6UD1JIeLe7KmK5cv6rd	17.0	1971	0.501	0.271	11.0	0.0	0.39	97.731	456373
tOKLROJ6FAswhrTw	6Hs4HG9PkpqVyrfaX9f24G	32.0	2009	0.247	0.926	0.0	1.0	0.21	132.695	264173
tP9GWTDSQyLlRAYo	6qBSGvyUzqNQv8XtnzCr9n	48.0	1986	0.736	0.612	9.0	1.0	0.731	128.84799999999998	287360
tPNrNoLg1TH2zQ0A	0wXChK4XMimMGPHVJzgZ0X	15.0	1998	0.534	0.735	8.0	0.0	0.289	101.984	272307
tPR5Ai9IkeHwd32t	4InBHqCKjlB86YSAwAblvp	21.0	1988	0.7509999999999999	0.7909999999999999	10.0	0.0	0.715	102.491	302463
tQssckHhsqZHyfMV	3HSzwyeLCDpd1FqIUx3tcS	28.0	2016	0.461	0.81	1.0	1.0	0.138	101.204	291187
tRReq49KdtL2K32x	3PbHle8KhJp6GuO1jLdEmQ	56.0	2000	0.487	0.7020000000000001	7.0	1.0	0.306	95.973	265907
tRXfx15CxJPxRoaY	6ov8WwVdJz9HLRyTaNubqk	40.0	2002	0.892	0.144	5.0	0.0	0.591	132.73	183533
tTTB02zXLvB6B8Yn	1nqalcEAA9ZaAkmkQ7oYjj	22.0	2010	0.487	0.938	1.0	0.0	0.311	126.038	231925
tULp3YuYJDraRSWx	3lWU0u5AZTmr0vm3m8VV2R	34.0	2009	0.2	0.518	9.0	0.0	0.3289999999999999	89.038	199720
tUbitkK2FifThlov	0mTftzPRyTN311VgIutM2S	27.0	2001	0.58	0.927	4.0	0.0	0.79	188.001	227427
tUkOs2zG9lino3Ow	2BcBRQk7ODkwWmLgVmcdoW	33.0	2002	0.293	0.7859999999999999	7.0	1.0	0.411	182.342	219333
tV4ita8M4V0BVUp0	3XsYJu7hRhj7Awg3rB0AnL	40.0	2007	0.545	0.349	2.0	1.0	0.347	79.168	178320
tVNqx0pUIdBM8T2q	5Ftbraika50jHubFuGkuaW	35.0	2004	0.414	0.873	9.0	1.0	0.435	169.923	262707
tXJHzoQa51DdyOX7	79KmwQ0GWEl4mNRxjTXq5r	23.0	1981	0.445	0.952	9.0	1.0	0.7040000000000001	144.575	222693
tXWD0vd37Ik71jx5	4w9TBRGhvbhiLQB8jVCusl	60.0	2018	0.5329999999999999	0.967	2.0	1.0	0.603	95.008	219482
tYqA0cNBAk7I6yOm	2sGbWFw923NlxNd7NAU5JH	28.0	2015	0.816	0.8759999999999999	4.0	0.0	0.863	130.005	172262
tZjLHYdgOOsBESiG	2PRsh2LNPxoxC9OnErnelg	57.0	1994	0.7659999999999999	0.7929999999999999	4.0	0.0	0.647	91.925	260800
tZt6MtqaTOYcwTph	3ey93ZIRXSgmEImF4FtGIU	16.0	2012	0.602	0.924	2.0	1.0	0.433	134.977	248227
taRE0UBuqiwzxehg	2iX0zYCnQIheeIzRDNxK19	30.0	2000	0.318	0.86	2.0	0.0	0.446	96.262	174267
tbF2tUUkAXDzk7sZ	3ZB6gNXfC4ispRAaAhM1MU	31.0	1993	0.479	0.78	4.0	0.0	0.648	132.548	402120
tbfBvx4x11y3Ab95	2fNxbkv7w4qa7RqtexO2eC	28.0	2016	0.143	0.927	5.0	0.0	0.0687	140.159	687852
tcw4mGkGQ5YqlX3y	7zZkPiqHnL7icGGb4Almf6	43.0	2011	0.428	0.8240000000000001	7.0	1.0	0.275	124.006	235374
tddx4dWD9zLD1viM	2Xwwheye32MVjDST1GHSu1	7.0	2005	0.6920000000000001	0.826	6.0	0.0	0.703	89.04899999999998	229693
tdfSE1wAvWfPSNic	0mtPNQl5vePVwiI9Vykp7L	50.0	2011	0.691	0.846	9.0	0.0	0.7040000000000001	127.011	228200
tdrWV3tSsbRkGz2n	5em2K6FyVjfJGkRRKlKOLj	13.0	2001	0.257	0.95	1.0	1.0	0.146	102.452	262893
tdt9EFaqLekRv6ZV	0jUhGZxqrjjWatkoAPrgi3	19.0	2017	0.4270000000000001	0.225	5.0	0.0	0.0398	125.431	266760
tdurlXOJoeDaOpVu	6KLAVFlcTrUt9IteOXzsT8	39.0	2008	0.44	0.644	1.0	0.0	0.206	135.83	246907
tfYC5coGJHVVq041	1B7CtKfVAJUAxZmzYjY8N8	20.0	2018	0.215	0.895	8.0	1.0	0.103	148.736	249740
tfsbTT4scqsWIKE3	4XHJRcNzCJuVFIbekXmYRH	31.0	2014	0.7879999999999999	0.611	5.0	1.0	0.5589999999999999	115.992	300600
thPQjkdYIlTTVwgO	5MFO9lwRDQy2Z85AvdwsL3	39.0	1997	0.326	0.73	4.0	0.0	0.425	152.099	289907
thnL0H0GIMwNdd6o	45Su4fwARC3cIgS50lfosy	34.0	1982	0.254	0.139	5.0	1.0	0.0399	141.246	130120
tiuAmyX8XBjHvQYa	6s8PRmROPJHlqZmu9Bbviz	55.0	2015	0.431	0.836	5.0	1.0	0.75	74.473	201549
tjNPxbvWlphgi1JA	2HLq0XpKeKuFi6mC1CZr6P	46.0	2012	0.612	0.74	4.0	1.0	0.254	105.045	219680
tjX1dmjgcBmFhIFf	0e0VfGeL2sfoQXUoYkxMx7	2.0	2008	0.6829999999999999	0.708	8.0	1.0	0.589	118.024	215533
tjYZbc75JKfrd1zu	4CKqqKUKsjNTTNF3veSiWi	40.0	2014	0.602	0.292	11.0	1.0	0.319	119.081	161067
tjfPeXTj92fY1qz8	1JvYTg18R90GZ5wXOfNn1U	22.0	2006	0.237	0.603	1.0	1.0	0.157	140.114	267200
tkwc6wiBvkiVYm8F	0Etdshb7TsPs3kPII6V0cR	46.0	2013	0.7659999999999999	0.747	10.0	1.0	0.861	147.213	201227
tkyyuomS4ND9ptAD	6NuARFDT4HsCHPTVRwp0zt	7.0	2018	0.401	0.612	1.0	1.0	0.779	175.842	199116
tmNm9OOiuntHNPhd	6yV3MV7VJYhnMwWAE7mMVS	14.0	2015	0.6759999999999999	0.918	1.0	1.0	0.7140000000000001	112.023	248613
tmagWcCdiHGE4hjG	5aQ1MBlUpD0G6F954BfW2s	23.0	2015	0.455	0.988	2.0	1.0	0.456	173.965	229999
tn1zaGGsAY7gDc6G	4zP7ADsgJgHGY6VzxbNp1z	66.0	2019	0.659	0.857	11.0	1.0	0.7979999999999999	106.965	201960
tnB6uCl2CTvyIywa	04yH4KdODb3Tl2Zzd3Oo1H	28.0	2016	0.171	0.809	6.0	0.0	0.0642	111.962	428292
tnEkkF6rJXGe0hmT	1wRQqmZwiF4thdQ8N7FiNv	44.0	2007	0.606	0.423	8.0	1.0	0.182	173.77700000000004	277667
tnVoxroEqQJpakCS	21MwEJ8tHezcPy77BaELJ6	36.0	1977	0.157	0.989	9.0	1.0	0.196	157.609	183000
tohuw5dK9hVU0AxI	1dF9pukydQttkMGDGcPyro	36.0	1999	0.769	0.914	0.0	1.0	0.872	135.03799999999998	226800
tq9Iglg9nNXRChQv	51X7mOWIB4XE4DNimvwVOe	36.0	2013	0.621	0.3979999999999999	7.0	1.0	0.778	127.028	236813
tt7XTyGLkbn4fq9T	4mYjDXwOUL8sxWepdrnE6U	45.0	2012	0.184	0.3989999999999999	7.0	1.0	0.136	66.983	322219
ttB8NjIbbhfFThmx	5GsDw8rD0LJ9XF4dEzUPDK	56.0	2018	0.851	0.405	1.0	1.0	0.292	149.98	193907
ttBikMxBNCqQXjWa	4hUn5Zuj9JkXwL6egSy4jI	34.0	1975	0.472	0.769	9.0	0.0	0.5579999999999999	97.778	192667
tth33Hdm7wER6kkA	4v9NCI9dlHtRwUknN2ywKK	17.0	2011	0.307	0.902	8.0	1.0	0.38	136.967	231853
tvdTg0KsoJgXbqs2	5hpnDwwgd16krey1a1LVzn	35.0	2002	0.457	0.951	10.0	1.0	0.8220000000000001	164.19099999999997	122693
tvw3z0yYIP1pX7wQ	2Ndn6kNr7hc0wEm8y1OcPq	16.0	2015	0.893	0.809	0.0	0.0	0.856	119.001	218778
tw6Z9JF1xXTdjx8M	4uYeKlfkLQMubZ9FhcbDfP	39.0	1989	0.613	0.64	2.0	1.0	0.614	146.15200000000004	214627
twZa5028OAb1bOmd	4AU7z13HYmPMetlWbq1mys	55.0	2013	0.555	0.682	0.0	1.0	0.3829999999999999	105.987	266960
twpn9IqNaNxGe9IG	7B2FSjhlVgW6xFmbH1AGag	22.0	2016	0.511	0.998	5.0	0.0	0.2019999999999999	99.967	304145
txGuMXdwWvy1zQg3	3ATVQAILuzTCSb1nqcLCuK	32.0	2012	0.449	0.8390000000000001	4.0	0.0	0.504	174.956	264238
tzdHVVgyoHxucIZU	7DHaf24CxsjF8mbXmoJv7G	42.0	2018	0.361	0.991	5.0	1.0	0.261	173.979	205427
tzjl2VUCR64XhxKY	04tSWZo4MLebMbf7RwSmyE	31.0	1989	0.7190000000000001	0.8190000000000001	7.0	0.0	0.794	103.078	303200
u2WkiidQPoI56eQG	4OJvuT1u3N4pFUJ4K1PZFj	22.0	2015	0.537	0.7759999999999999	2.0	1.0	0.479	171.896	200978
u2sh1718A58EyVQ7	1H3RdBmefHc0B8Dtv9aClH	9.0	1999	0.371	0.924	8.0	1.0	0.135	110.031	469627
u2wuDqBqj3BhCTAi	2VEsmoek0sol9MnJFyoG9e	69.0	2008	0.6629999999999999	0.958	2.0	1.0	0.883	113.989	175093
u3D2sSD4ze8tFEPC	4czopM9AcLjrH4IunzRoBg	53.0	2007	0.75	0.474	6.0	0.0	0.425	164.889	387307
u4B3zLepPO5eoWnM	2drEUEg0TYQR6dDEHkpuPE	70.0	2019	0.546	0.8590000000000001	1.0	1.0	0.645	99.965	292267
u6NtZfPArPnfwGXL	2MgefjgzhPfBjLdQ0lJchF	38.0	1988	0.188	0.988	11.0	0.0	0.159	141.19299999999996	288693
u6dc5apNt2nFvHJa	0mvtBgpiAg6fPg7ec7lxE9	41.0	2002	0.508	0.318	8.0	1.0	0.141	122.04	288640
u6r6rw2RiyPqva3J	3sX3c6QUPSAiKf77RZRf5B	40.0	1987	0.7709999999999999	0.7490000000000001	5.0	0.0	0.8540000000000001	119.875	261667
u74yue7uxdxpU2zQ	2tGWCEx7HRd22XKIN5quos	20.0	2012	0.27	0.894	10.0	1.0	0.165	135.001	249466
u8yIiM7FDH5dmGZv	3EJyfMGD2w8lSXLcCoDwA1	20.0	2003	0.716	0.895	10.0	0.0	0.911	114.945	196373
uAKN48U463n003lL	3jmdY3jGMYrtXpa47TmvIk	29.0	2010	0.695	0.8740000000000001	7.0	1.0	0.7440000000000001	121.97	219507
uB2ElnNLngpQxnh4	06N6MhUlurBOamI1rK9u2U	32.0	1997	0.6859999999999999	0.871	11.0	0.0	0.7709999999999999	119.018	261973
uBAGjjSGQJbu2tl1	7hOBm77BfrkKKto2z2CTuE	16.0	2007	0.5820000000000001	0.784	7.0	1.0	0.965	188.903	198147
uBgg2UNiF402DSTt	7DSYAH31QYdj5QDr3HUNHY	16.0	2009	0.73	0.444	1.0	1.0	0.818	88.029	299560
uBsNLypOvAi09xif	6vgg6aik7LnUoGElnrqv6q	7.0	2003	0.173	0.999	7.0	1.0	0.0248	144.261	765960
uCW7C8FsVCTqQlbW	19FIvvbnJLW4RY3fiIHPNE	49.0	2015	0.327	0.286	10.0	1.0	0.207	84.738	235105
uG6aYedGfSjxy41C	3fHZJOvXmyHeFLFS1sDE30	55.0	2018	0.5920000000000001	0.674	9.0	0.0	0.3379999999999999	78.454	194960
uGCB56obHVwaxQXc	0xUbrvxYljD4OZ02BbuPpK	50.0	2018	0.326	0.923	10.0	0.0	0.799	170.949	66120
uGYJvFA3PvU3NJQ0	2CEjWJ4lPiodKXXS2bhVyP	54.0	2018	0.557	0.8859999999999999	0.0	1.0	0.638	127.982	202401
uGbV8UCANcNdhpyT	3HAf2DbkugamZxwOqFo1bn	30.0	2016	0.584	0.8440000000000001	8.0	1.0	0.8809999999999999	149.982	228680
uHae14byJf6PLAxI	1MK5FOmm5ppLIS2Ga3jHlT	46.0	1988	0.737	0.967	7.0	1.0	0.8859999999999999	116.082	202413
uJ5WTynUXdI9HIa2	4fx5S5bnCPoAqfMFEVE5G9	24.0	1995	0.506	0.51	11.0	1.0	0.3879999999999999	146.017	235427
uJAWMf4CJE4a35i4	1Si3xvqoaKeVguQNi9G1UN	7.0	2011	0.1639999999999999	0.243	11.0	0.0	0.135	130.194	387690
uLOFl34Gs2vCwFb5	1Vm4cPqMS50k2zM70viOOl	24.0	1985	0.541	0.789	0.0	1.0	0.83	156.263	219427
uNEQ3egXIK7qJms7	1TqSckVfkPVo2CWDcEvvT2	43.0	2007	0.669	0.862	0.0	1.0	0.847	120.066	219000
uOSewn2d2iAVXr4h	4Tv5OM5CvlTa1FKKDtacCz	11.0	2011	0.583	0.89	1.0	0.0	0.509	124.957	274547
uPuioLojPcr3Ytk1	5XAyFI4O8p1pItse95sbbM	20.0	2012	0.7190000000000001	0.667	9.0	0.0	0.609	118.01	206040
uRNge3sN74NdIaYi	5ptFpFPLIEANgoSVb0qPJ6	25.0	2009	0.504	0.691	6.0	0.0	0.8420000000000001	86.90100000000002	199360
uSOullp859hpzmeG	5zNCFqfUZ0qsrnDRjcJLdW	37.0	1969	0.327	0.654	5.0	1.0	0.718	160.759	528560
uSPCHtFMpkIN23X0	3z9wI1I2BGxSgES0tDPTOD	23.0	2009	0.5429999999999999	0.659	2.0	1.0	0.94	157.885	123173
uTAVPPO2SanNaovd	01uaUL6sJuMycjd9wnNJsZ	29.0	2013	0.46	0.936	7.0	0.0	0.429	74.192	129947
uUMe3R4awXKOHBwH	5G0hAj0rpho7WCGjNzeiPu	25.0	2003	0.3289999999999999	0.99	0.0	1.0	0.4629999999999999	191.905	206760
uUinb1esT5h4elIH	1AmYC6YsrtkxpTfiv3nFBn	35.0	2000	0.481	0.266	1.0	1.0	0.256	139.154	156160
uVz7uls8NduSQdDg	3F8OmCcFxVdFsgo68JlBLu	44.0	2019	0.27	0.96	9.0	0.0	0.155	134.162	424520
uX7W4pgeP2bbbC43	2FxnsB6GuZgKbMNbCQkoQG	20.0	2016	0.629	0.596	11.0	0.0	0.179	156.001	261891
uXjTnKARhO6Ivaui	7Fwnn8npShUzE9HtVp9Y1H	27.0	1994	0.602	0.557	9.0	1.0	0.8690000000000001	112.341	102693
ua5A3mFX6oxgFKuz	1fRKUO6PvzxNbwjzp51TW5	47.0	2015	0.425	0.4589999999999999	3.0	1.0	0.3670000000000001	152.09799999999996	237870
uaOlgELHIIHYMsAw	4m2HvlrZ1kKsgFpcLh5h0V	41.0	2002	0.5	0.545	10.0	1.0	0.118	123.974	246053
ubgh0xX9rtuvnfkW	4EQdCzwULQOJJkpUSWEbkX	26.0	2016	0.39	0.982	7.0	0.0	0.2	150.08100000000005	315440
ueYf3Kxj7ogpHkeE	5uMHnkSFTkYV764nfjoGKM	45.0	2019	0.588	0.65	0.0	1.0	0.183	117.999	201760
ug6oOWCydLYjIiWa	1cz778pbazfBkgseZAPno7	28.0	1999	0.163	0.8959999999999999	0.0	1.0	0.0805	84.11200000000002	362733
ugMbC4GKZjKfDxWN	112gP3mthdcaWWQ9vXVQlz	33.0	2018	0.263	0.7390000000000001	2.0	1.0	0.13	150.428	436896
uh9vcPY20szwqcVM	2nvOeJSDrYfUqPsX1QV31m	26.0	1995	0.146	0.156	2.0	1.0	0.0363	87.208	152760
uhLNPGOP3K7TDmk1	5mVlmsqLocXe6ridVyT6m3	13.0	1978	0.526	0.5329999999999999	7.0	1.0	0.607	118.208	187600
uhLfj1fxjnKJJDHF	2w9K8zyrxcAwRKRti0BvFa	47.0	2011	0.693	0.6759999999999999	0.0	0.0	0.461	143.058	241853
uhUVOhnflUBcVO5V	4edKwFwgSVKyxmvq9CGw0o	16.0	2011	0.12	0.278	7.0	1.0	0.125	65.006	177493
ui8msllr0nOM56Am	3OYuHSIBy3KrBDXG9Au5r8	42.0	2018	0.708	0.6759999999999999	6.0	0.0	0.491	118.984	217596
ui9JWZVl6nJOhQOQ	1R25Vjg2Kb723DtwJx9OUh	27.0	1985	0.445	0.946	8.0	0.0	0.23	92.342	384347
uiAJ7vm1zCL6Mva6	3MMtUPg8rwPrgKnn5cLb1t	22.0	2015	0.377	0.937	8.0	1.0	0.311	147.918	185676
uiWABvq4xBw6iHZ4	6Ok1iGWO9wd5XFD3mA5lEv	57.0	2019	0.415	0.3339999999999999	7.0	1.0	0.359	199.895	187742
ujHudaNAWXffv3aB	617t7JMMmEkqS2n9h96DQa	47.0	2017	0.593	0.415	4.0	0.0	0.3929999999999999	75.999	233487
ujMAMj9ZMKy4RzTA	0whdond5Y89cdcNiXQT9bj	42.0	2001	0.659	0.922	1.0	1.0	0.898	96.497	240693
uk88L5gLKvOfjmIA	3QCNDusgteS3LdSpjLZdli	45.0	2007	0.489	0.611	6.0	1.0	0.186	140.95600000000005	218333
uqeZqLAGIa00XcO2	2wmbtQiBjzps6uc5e3AK8v	41.0	2013	0.472	0.284	7.0	1.0	0.1169999999999999	112.313	319387
uqzDlBRriO8xZgdY	7DtWwldvUq9N3Oo3wCBxjx	34.0	2011	0.4589999999999999	0.7440000000000001	2.0	0.0	0.255	138.985	213587
ur0p82QhF3hbCNKq	0eU2e1Qc7BieWs1mEdywku	18.0	2018	0.675	0.956	5.0	0.0	0.861	125.999	201507
urZ936Ggbtk727BR	7lj6UtoorYeYsfMO6XbCrf	37.0	2007	0.56	0.993	2.0	1.0	0.53	139.43200000000002	339867
uxPYFbqe1CZZx0fX	7JRrYPNOZoueb2Et51oQRi	21.0	2018	0.251	0.17	2.0	0.0	0.0388	112.9	160600
uyMzxxGWUbuZ7CnC	2OmLMKUUQitEYDZOba6Xfu	29.0	1992	0.501	0.754	3.0	1.0	0.502	95.693	250640
uzD0ZdGlEKPm2mQv	6olKv2HP3XgBpvVxAswowe	59.0	2014	0.626	0.936	11.0	0.0	0.6559999999999999	101.01	198267
uzKXLSxiAgaOlHcV	5jkd3e1qgmsTWJm3NvQ7X4	43.0	1989	0.44	0.147	8.0	0.0	0.354	132.613	256867
v0bGIv2F0scTMetg	09QcX1GC5LylW50EaLBAT5	42.0	1990	0.7659999999999999	0.877	3.0	1.0	0.919	129.933	324600
v0zrIQFMbASFWGMH	7gsn3NxWLA0s0g9TmQlMri	46.0	2015	0.479	0.8540000000000001	11.0	1.0	0.535	136.067	230560
v1cMVOSDwx72rsqy	0UJSqvoNqME71nlzSa3H7E	42.0	2011	0.611	0.906	9.0	1.0	0.505	124.977	243187
v2ToYBkCI8s9M8MH	6cVxGzo7214XabSXFGasNl	38.0	1996	0.306	0.297	9.0	0.0	0.148	137.516	234707
v2qkWvK3044x6EvG	06jSEWSPjIowiquOM7Q1L8	40.0	2007	0.214	0.888	4.0	0.0	0.141	174.017	210867
v5LjTLdaFWrF0hQI	1GUZZ8Z04qoRLtcCYkYxIM	39.0	2004	0.6609999999999999	0.79	0.0	1.0	0.8220000000000001	91.812	214147
v5jpfTPj9Hpra4IC	3PCOmnszBDEATLo8grdErD	41.0	2018	0.4539999999999999	0.893	0.0	0.0	0.299	147.97799999999995	214794
v5lrdxBlpIc0tGN1	588RGyR1f4Plc8nm7SrdCa	48.0	2003	0.727	0.736	10.0	1.0	0.687	85.1	256000
v6DUbIyHS2035Bwb	7Hr1Ignop7cymbE3FbOtXa	62.0	2010	0.286	0.703	4.0	0.0	0.259	151.297	326813
v8GhY6YbdVEBDlIz	5zXln9RP9AYK3eva2Lkj8w	47.0	2014	0.501	0.845	8.0	1.0	0.43	161.64700000000005	234933
v8g7vxp84rRbUS5S	3pgainA2dH9c7e8JVYGRCN	57.0	1990	0.654	0.8140000000000001	9.0	0.0	0.8420000000000001	118.773	272147
v9aEPQsZ0d6FlVt6	50b1SWqzBcwIpBropLMh0o	46.0	2002	0.698	0.8320000000000001	5.0	0.0	0.951	90.479	226133
vAEoypmEu5hAkPyn	3bQ3g7uap3wJyU0Pp02C54	25.0	2012	0.59	0.877	0.0	0.0	0.4970000000000001	119.984	281578
vAKORidvo9gDhcu0	1mxTCArq9EhSg4QPGqhjhT	58.0	2000	0.696	0.8740000000000001	10.0	0.0	0.747	104.196	204800
vApxY0ToltZgneYn	0mzqrv0bY7d5ECDfsRMUpf	50.0	2006	0.315	0.967	10.0	0.0	0.765	186.335	200440
vCBgO0r5jQIBKnt3	62jJnZHh7G7Ne7YYehrxLV	23.0	2004	0.435	0.905	7.0	1.0	0.493	118.677	330493
vCLl3yVhzNUd6PdM	4Q1grs5HY4n8uDIdoqYHCl	39.0	2015	0.674	0.535	2.0	0.0	0.255	88.98	202307
vDFq9wlVD9BZgWuU	4G6E84lvx8jJh4lWv7Fecm	49.0	2012	0.29	0.629	1.0	1.0	0.289	179.797	168750
vDXodggcmGNc08aX	4jjTtBiuvpJ8X6xTIsHM0O	21.0	1998	0.489	0.5589999999999999	2.0	0.0	0.127	112.93	328400
vH24ejuJAwTYfa0e	6YUUQapDEqBF1yP3iHlsut	50.0	2001	0.628	0.884	1.0	1.0	0.595	125.375	207307
vJxpiRcgDkE7WsoT	25aUn2fekP8MN2y4WcseVL	39.0	2000	0.435	0.991	11.0	1.0	0.3979999999999999	131.869	169493
vKbfimgfMQtFkCFg	5xphO8cbL4bZ5k0zmahKV5	32.0	2004	0.425	0.319	6.0	1.0	0.3	179.98	244520
vKcn4YVoBAKliLa7	1zsOS6dP0DW303QJfQHoBF	30.0	2015	0.6729999999999999	0.742	4.0	0.0	0.617	121.979	267067
vLOuLgimcTFIzO4l	2x6ztBh9TsTqAS5mX9ttEw	12.0	1971	0.748	0.77	4.0	0.0	0.7659999999999999	110.216	156440
vLV93B0O6u6YVaVT	3svBKSy1pru9EEvnRrNqzf	49.0	2001	0.504	0.522	4.0	1.0	0.222	81.047	278733
vLcLw2wIsr1F3esl	63OC8cNa4ZnFB3bbvbWCOc	57.0	2014	0.675	0.409	0.0	0.0	0.308	79.954	248920
vMIexSFSxwRD5JGs	77Jo0LLt7KmCshe4WOazYx	56.0	2016	0.732	0.963	0.0	1.0	0.735	128.035	231562
vNApUXLy879kT1Np	01PiQmG1Ct8Rd21uZGGaYJ	29.0	1968	0.659	0.6659999999999999	0.0	1.0	0.484	88.411	241467
vNLLYK3Zn6l2aQj0	2rh9JMJbtCvNpHwLEZP86l	34.0	2003	0.203	0.672	4.0	1.0	0.121	181.66	341473
vO48409mbFVE8W77	6SlnEnfXXRN56646HSFcO5	20.0	2002	0.465	0.375	2.0	0.0	0.233	131.164	263293
vOGoMtp0LQ2fzS3F	0x7L1Jp3nvOeaKVg0GGSyt	49.0	2008	0.466	0.8370000000000001	0.0	1.0	0.16	119.873	225253
vOv3DUaWsF5t14WL	2eNz0RVTnVhleCBrZETeDG	8.0	2004	0.544	0.466	2.0	0.0	0.2789999999999999	87.6	170773
vOz6bvWeTHQOjsbW	6IAfQUFWaQdqoTz0P1jk9W	52.0	2010	0.6890000000000001	0.789	11.0	1.0	0.895	130.01	197187
vOzq1Mj8Ww9bJ7NV	1mAfaiS8yke7hG73sp3keZ	29.0	2011	0.196	0.171	11.0	0.0	0.049	72.717	470907
vRM2NmtzpFswD9wD	5DJTYOAHZEKjNqXpOwnomi	50.0	2007	0.7070000000000001	0.6829999999999999	0.0	1.0	0.5670000000000001	116.009	243627
vRsKRiVWV6ejPQRP	2dtK02TSAuTvVYU2wGAVG0	55.0	1976	0.565	0.615	4.0	1.0	0.591	143.928	234040
vT5BftjClbQJ9wMB	7AIXQxMd8zi7M6wWOZ8O0M	23.0	2010	0.387	0.965	2.0	1.0	0.2789999999999999	114.66	311373
vVMN4kCHjfI34Mx6	7aLMYOA41mr6G4JdK4Ay0p	27.0	2015	0.679	0.809	6.0	0.0	0.6759999999999999	126.024	250333
vVaI2cEqDWHM7naV	6TtN9cU9bK6TJX0DBSu6pd	41.0	2002	0.452	0.1639999999999999	4.0	1.0	0.355	85.156	237707
vW0tJWYAv84cCtxG	62sdgDFhfoEJOmz4jkYMZs	30.0	2001	0.607	0.93	1.0	1.0	0.345	125.008	315840
vW9Zb7zXNDDizoDw	3x7WkZ3hChulffEgIO0Fqf	38.0	1997	0.525	0.261	2.0	1.0	0.146	124.687	213667
vWE0IiSmp2lGcUjy	53ETzLQQKFCzykRbqWb1ph	57.0	2005	0.6779999999999999	0.5720000000000001	11.0	0.0	0.444	87.165	186827
vWPsf84gF2QmUGgD	6IPDeuzjnlKUfxDwJUHrzD	29.0	1974	0.6559999999999999	0.532	9.0	1.0	0.507	133.026	234947
vWdXkXYZ0SQtSoZJ	5mmRMVbHG50OQK0XyWFuIF	34.0	2017	0.486	0.863	8.0	1.0	0.111	98.065	253653
vXA1Wh1zgeMMmGKf	7GZU63bY3ZbRWd35IkXfZI	15.0	1979	0.389	0.495	4.0	1.0	0.0397	103.016	357653
vXF6F8a0LAmR39bz	0bpXQ5CZ9rzAaGUSPKzI1r	40.0	1971	0.416	0.369	8.0	1.0	0.794	82.10799999999998	172600
vYPxtdtxMiYm19la	0Yfo9oTY2kFNUrgUB3XnRz	10.0	2000	0.4	0.747	8.0	1.0	0.596	165.96400000000003	187800
va9VhrfmOQ2hfqNu	20C3a7ZlRE3rOHIoy4iGKu	24.0	2007	0.643	0.867	6.0	1.0	0.961	100.466	224933
vaVl8NO7guwLPxnz	4axy0XazW2TXlgSA9AbYJJ	38.0	1973	0.313	0.312	7.0	0.0	0.341	71.018	209973
vcfCYD1fYIL6wIf1	64aO8TbjJew43QHwgHJ2Jy	45.0	2017	0.419	0.977	3.0	0.0	0.3879999999999999	153.03	249227
vd5aaf7cegVM9FLB	12C6ufD5zOWsQGHQY7aXRM	60.0	2017	0.294	0.92	10.0	0.0	0.5820000000000001	184.007	228720
ve2kXnsp3kOmiAzp	1UFGMQ5NoRZvOfu7OedGvk	19.0	2003	0.389	0.541	3.0	0.0	0.262	86.72399999999998	299067
vf4kdyfDFl9jHDb3	5fQa04cwDF11Giq5N2tGdU	62.0	2016	0.467	0.412	11.0	0.0	0.2769999999999999	132.77700000000002	294000
vfAzRRogJDf40kSJ	2tLqh0Y49XoaM8fYz1VFR5	40.0	2013	0.579	0.649	2.0	1.0	0.184	114.593	184173
vfJ7uGPAUG8GLvWr	5i559orX0oL7i4AuZGKott	41.0	2012	0.574	0.8740000000000001	4.0	1.0	0.799	134.963	221720
vfuoIaQmljR683I4	5HCekw54kMKcIWnnp1fHPt	21.0	1995	0.442	0.624	7.0	1.0	0.556	115.837	271733
vgBHGyIxVVHABY5W	1e6GFjm3eYtcnMg4akp6ze	37.0	1988	0.703	0.935	7.0	1.0	0.938	124.723	252933
vgWYtda8B3FcxUsA	1lS4gwrIdt27IpKD7PdVP4	46.0	2011	0.534	0.6829999999999999	7.0	1.0	0.276	119.929	246773
vigYsaJVEaHROFji	778MKf4UaxKYlmPGotZHhA	27.0	2006	0.496	0.93	10.0	0.0	0.281	145.19299999999996	208680
vjUR24FBM8YCtRe6	5T8sMuNzpxsZlmOKFhGayj	38.0	2004	0.312	0.98	7.0	1.0	0.288	172.956	203827
vjkaT5dKknSZY00H	7dibRgpc8nYwYsl65YWQrU	28.0	1992	0.6679999999999999	0.516	2.0	1.0	0.6890000000000001	136.424	201560
vjyPZiyyZCFM6aiR	2YD9ge4vpiztCSCLfRWzMn	27.0	2003	0.523	0.963	8.0	0.0	0.561	98.046	187893
vkXRSUJmTiu1QWze	2FEKztfrg6ZdCGmbjNCQEG	20.0	2011	0.653	0.5710000000000001	7.0	1.0	0.297	102.003	203067
vkeSbRWczyhtThwz	3Xmvz2fKDMfe4qI5qF7ryi	37.0	2011	0.42	0.99	1.0	0.0	0.308	118.024	219880
vmtsLBhhDC4qPONE	3u1w9G4MYMG5EnfoOjaM3j	45.0	2019	0.624	0.43	0.0	1.0	0.241	122.969	233907
vnQzBX4FAi2KDXwp	6iywI1870JvnLwbQJEvh2o	36.0	2009	0.241	0.583	6.0	1.0	0.35	153.122	205547
voxecDbd682MLP4V	2v1K4hAyyKQpRIDWhya8dJ	34.0	2013	0.42	0.8109999999999999	7.0	1.0	0.128	125.119	314747
vptqUoc2OQDmrxMK	3ZxtJxj45lSs29dZjncz6M	47.0	2015	0.444	0.953	1.0	0.0	0.511	140.981	241440
vqcmb7oulGyB524O	2sSy6HctlLYrvGFcWYld2y	26.0	2008	0.532	0.926	8.0	1.0	0.381	120.323	202240
vtvEv5dVNGlj5axf	4S8kmLxfwBufN1wFuUAtG2	32.0	2000	0.4	0.88	6.0	0.0	0.8340000000000001	171.88	148067
vu76tzWGcjFy5jTk	1GnbkZfYWAQGnHnY1GUpz8	35.0	2008	0.395	0.726	0.0	1.0	0.1159999999999999	152.971	267285
vz0iIfl3E1bCb3ht	7H4ERkzeXUSBX10FSxXwl3	25.0	1992	0.366	0.915	9.0	0.0	0.467	117.715	256667
vzd0iaf05QC1Tt8O	0jI9zBVMYlbOsl1VyXOO3E	21.0	2014	0.474	0.607	0.0	0.0	0.628	160.692	253213
vzq0Dw0gazUaWo7L	6d7PjDfqOJzqDRmq46UFHh	29.0	1992	0.431	0.952	2.0	1.0	0.407	160.952	212400
w1DNGoZLFFnLQO7L	5F7IJrXD6Fa3EmqoYE0gU4	63.0	2005	0.8	0.502	1.0	1.0	0.3879999999999999	115.091	289760
w27Z0tEdYFJJVg86	1xQZtbipNLyP0e0hihE5F5	56.0	2008	0.489	0.748	2.0	1.0	0.385	147.998	262627
w3C6EfJAHVosmE6T	0HMjXBAZmSYOTTi33WpMso	70.0	2015	0.655	0.6990000000000001	11.0	1.0	0.802	86.704	187427
w5Iy6LBB9Du9snHu	1xT7BgMUViPxdkF8YTQNJN	29.0	2013	0.55	0.304	8.0	1.0	0.21	82.945	210573
w5y1THbmbvzzBRBs	2JzI278tX8YUCelGMZjPO8	47.0	1998	0.546	0.929	10.0	1.0	0.7090000000000001	167.543	160893
w63puXmP8eWJJeQi	34NxpUqK4BZmVB9Pe6VuUZ	34.0	2003	0.465	0.936	7.0	1.0	0.5329999999999999	125.603	308947
w6isdUYz7jsuDwXe	1XqFeKizL2NiafRDSZKj7U	43.0	2018	0.546	0.973	4.0	0.0	0.49	99.967	200819
w8DUu6DPPkoeUAdv	0xtu9tJlzxiPfHF82g6Xrp	52.0	2018	0.469	0.309	0.0	0.0	0.265	165.88	196907
w9ODQqJAMcEC3q8t	66SinP8JWXAFkQM2Est0Wa	7.0	2000	0.774	0.928	10.0	0.0	0.665	115.746	274427
wAQVEZ56p73f0UBJ	4u4T951heqfGONjeKzP32j	36.0	2013	0.727	0.6559999999999999	1.0	0.0	0.316	86.01799999999999	237493
wAYHQE3rVs2sl32W	0dMVKxrvUqGcfEkxZrmRw1	14.0	1974	0.515	0.722	9.0	0.0	0.408	145.122	255935
wC2eSHnbt1guRuav	2TuYKPKUe1MuwwMf4yHAl8	15.0	2009	0.669	0.774	8.0	0.0	0.662	98.483	203720
wDGNxY33wVBqikW2	3LIwnakr43o8zMLnsHVye9	28.0	2015	0.509	0.7979999999999999	1.0	0.0	0.341	116.966	171147
wDua3A962HzJmt5u	01enyHIxGijVS56im5qZaH	41.0	2016	0.4920000000000001	0.921	1.0	1.0	0.545	123.521	455547
wFbMhviwqN6UzlOq	4UHTXB3cN4jzH5OdkpIUwX	46.0	2018	0.7040000000000001	0.706	10.0	1.0	0.231	143.968	217493
wHI7eVohHgXssE31	0hpTxcKVbKWP1b629LVrrc	27.0	2005	0.472	0.73	7.0	1.0	0.204	104.081	276680
wIdFwKaBaNtDmpk3	2cP8RV40nIufHrVQRWwnkG	40.0	2015	0.479	0.93	0.0	1.0	0.387	110.021	169520
wK6RurxnSQpz2vtD	3dpcjIhY7EbEjN3th8HMmP	13.0	2011	0.2289999999999999	0.86	4.0	1.0	0.3	137.175	123773
wKN0JZC5sIHZxNw7	1GNYdCljVysaihacr6Y0Wt	45.0	2017	0.33	0.653	0.0	0.0	0.4039999999999999	78.781	162444
wL62NYvOD82gkK0b	3AOOVxouqeEMRAEN7JGEAg	14.0	2009	0.619	0.947	3.0	1.0	0.762	140.007	220360
wPbDesasKWWTmBBR	5Di9MiY5PnRbhfT9S8NBGW	35.0	1971	0.423	0.066	9.0	1.0	0.0717	78.143	230147
wQHADhciwyTy3QGt	3buOItugju7mwOyL63aTbc	45.0	1997	0.757	0.6729999999999999	0.0	1.0	0.6609999999999999	110.136	203133
wQHymu2uKuakUbHU	0b70aSwE2mIEXKL5OYG0us	32.0	2018	0.529	0.861	10.0	1.0	0.205	145.976	198627
wRA8fO9XmITYuccS	06hNjTThF575UgFeWq2VTZ	39.0	2005	0.395	0.893	5.0	1.0	0.436	154.922	184893
wSb3Es3IgM2Tak7Q	2SGmVE90PzF7iSbRbToHnk	46.0	2009	0.298	0.968	6.0	1.0	0.221	100.004	244533
wSpTOEZ2v79E2shB	3NMU74T6ZvZQ8KJayrCWPo	50.0	2010	0.488	0.7490000000000001	1.0	0.0	0.48	170.69	170960
wTSBUYyNWyBFCVLy	7uiLbz4HbJBnY3KbswCMPE	39.0	2006	0.2739999999999999	0.7709999999999999	5.0	0.0	0.494	94.851	206173
wUJYvHO1OtsCwl84	20oenBXlmwIfK0F3fQIjhM	53.0	2000	0.5489999999999999	0.919	4.0	0.0	0.0956	142.72799999999995	377893
wZ0p4OYnMpz2QNTQ	3fibIzbkYbvTmdoD5u2nPm	50.0	2013	0.71	0.8220000000000001	1.0	1.0	0.353	129.967	235733
wb8pOkg5iBJzpwMn	6KR9NaynH8bF9w727wKQBL	44.0	2001	0.238	0.932	4.0	1.0	0.186	150.899	363267
wcTTGNAG7Xjy1MqM	1fpKUGaLvUhKQoXI7oqcer	20.0	1969	0.409	0.6779999999999999	0.0	1.0	0.542	170.453	189947
wfm2TCP3XLeLG0rX	22BH6K8RlpwNzIINvWS4Jj	52.0	2017	0.61	0.731	8.0	1.0	0.7240000000000001	97.935	181674
wfqqGorkznI1BXQo	0BEmR6EyGWsaHDh78nAjGO	20.0	2002	0.688	0.835	5.0	1.0	0.772	92.014	229853
wftq7K53bgQ88GlU	7p0HdYQ6IdbmNyoS650iN7	28.0	2015	0.634	0.831	11.0	0.0	0.8420000000000001	107.967	213787
wgO3LIapdSrwy7o2	3lPWJkc5u3CJId2zPDPK43	4.0	2012	0.486	0.952	6.0	0.0	0.5489999999999999	149.886	207147
wiw2rM2xb4CJ5sVP	34j4OxJxKznBs88cjSL2j9	55.0	2004	0.4589999999999999	0.816	11.0	0.0	0.643	80.293	324440
wmd2I5VJi0lUEYR8	5FZJuO5h2jaW08ajHYJIz0	32.0	1969	0.4629999999999999	0.416	10.0	0.0	0.601	78.632	304440
wmnz8qGYVg80RZit	2oaK4JLVnmRGIO9ytBE1bt	70.0	2016	0.7	0.742	5.0	0.0	0.1969999999999999	91.959	302000
wnstPKIxQDiuVbl9	5EHy3Ek4nyt5cIRXRfll1X	13.0	2011	0.49	0.903	10.0	0.0	0.622	108.293	239453
wnzPQewgljNm9FPR	0Opu86ApGccAwYL02yOEsj	41.0	2010	0.708	0.802	0.0	0.0	0.913	98.036	192547
wphv1U1ekjDB4WBE	7N1TeSgZGfsuBK1Vzv6ODC	22.0	2015	0.214	0.911	8.0	1.0	0.3779999999999999	78.10600000000002	336227
wsSc4cUK3mNFU3LE	56oqz7vyezleFI1jymwtrQ	38.0	2013	0.481	0.753	8.0	0.0	0.4	139.023	201480
wsatM5TIocuWEOjd	16pmJwwNFVCqdXWPZtwZzh	57.0	2007	0.4639999999999999	0.963	0.0	0.0	0.528	160.071	230027
wsc4e5KtxTuWSZQg	2M9PoKjIXeRnjZfYeuhNFk	38.0	2009	0.4579999999999999	0.904	0.0	1.0	0.611	164.332	182533
wthZJWSU9CZmQ8XX	7DnxZVAmo8jIbozvxlj5aq	13.0	2008	0.718	0.7120000000000001	9.0	0.0	0.3389999999999999	129.974	193453
wtrTosHCPP0Gt6gI	5bGmuxShUba9maPswDnhCs	59.0	1999	0.754	0.8190000000000001	0.0	1.0	0.818	142.137	215800
wu1LSZk1VMK51cZF	2fdd8W8eTym1gWO1dl1nxo	49.0	2012	0.65	0.8190000000000001	8.0	1.0	0.895	95.958	179334
wuB7aI3R99xVAVHU	4zvHZWOGyL7WcmqHOgtGCW	67.0	2017	0.431	0.669	2.0	1.0	0.855	203.906	172941
wuUb7FsCokHqz5wp	6xmYCwzQMWf8czU2HowiCQ	24.0	2017	0.148	0.883	1.0	1.0	0.057	66.285	132132
wuUoux0bgSjXaxrX	6V6Nk6D4KKSQCWdHpJ23qp	18.0	2017	0.8590000000000001	0.365	1.0	1.0	0.461	150.039	204460
wvfDUHWIsWPPb9VV	1QK06BoMwWscsZpjyXQ1KL	49.0	2018	0.594	0.762	0.0	1.0	0.574	154.791	230728
www0UPxJVI5i9M1Q	7K54eJJHfZZih2u5taVyhc	24.0	2011	0.48	0.927	6.0	0.0	0.598	115.909	215014
wx6Bs5BxgaQmOByE	2GEQqMDoLOmaKHEjnCJfJq	44.0	2016	0.423	0.488	11.0	0.0	0.179	183.536	226533
wx8nPbuwNRq1neoM	0rmAXcIuayZKrcEpho5ogA	10.0	2011	0.266	0.959	0.0	1.0	0.122	135.06	276040
wxb4xJcS5EVPsBeZ	12ii1NM8TjpkyGBE6OOOLj	15.0	2010	0.4920000000000001	0.902	6.0	0.0	0.617	174.065	199828
wyPLoC6mZhiIrU5x	4YD5RuRjByJ6Sz0srp5Aii	42.0	2013	0.626	0.8859999999999999	7.0	1.0	0.7240000000000001	109.993	235720
wymZmup38iSwySLM	0mIl1CNDr8Ky3y3Y77Y5yk	18.0	1999	0.475	0.706	3.0	0.0	0.255	102.964	304600
wzG5e1s4l2nlFStJ	6JQo0WS1p6joLV8GtRsEea	0.0	2014	0.431	0.6559999999999999	0.0	0.0	0.348	139.99	184959
wzfgpOLmPhkSx8PP	6OKZLJfIGpSZmE0R7hBHBI	36.0	2014	0.655	0.674	1.0	1.0	0.5329999999999999	110.014	287387
x07yUSk5pSiWBDSn	5eJ0DG8hnSZkSixPVQvNDl	33.0	2000	0.3979999999999999	0.606	9.0	0.0	0.177	77.521	311640
x12yfBG3KjqUawzl	67Xqp5bB4wfzGgoMEccFlM	17.0	2013	0.307	0.8220000000000001	6.0	1.0	0.209	116.039	294342
x1k1grlFBvmkYw3E	66IQ0mkE79F2G8UJoTZ8Wh	25.0	2011	0.2269999999999999	0.975	9.0	1.0	0.264	147.172	271080
x1lYeflN0UfkRpWY	0BXs801V5eWL0ObGwY3gCP	9.0	1984	0.23	0.445	6.0	0.0	0.447	128.68	279693
x1zHAZQ1XEIOYluZ	7mpv1n5mMpqZLWTmltMB1i	35.0	2017	0.483	0.982	10.0	1.0	0.5489999999999999	109.98	231126
x2AFbVbFJ8Na3lQg	6J212smZzpeOCYQ9DITMSC	48.0	1986	0.738	0.662	2.0	1.0	0.88	110.304	248747
x2udXvrt0a982gcR	1I63yRjYrgKJUexmwYJBrB	14.0	2017	0.3389999999999999	0.787	8.0	0.0	0.598	128.483	252360
x2zgTDMJsmPSYhUG	3qrL4SVEq9pQiEm3A40YDj	12.0	2019	0.27	0.3329999999999999	9.0	0.0	0.122	107.013	285681
x3wfcyxEQjeCrl8b	4nVBt6MZDDP6tRVdQTgxJg	75.0	2013	0.6	0.6629999999999999	3.0	1.0	0.286	121.07	245493
x4LWBTz4hGEailqi	7xzmJPFQAn0O1ZYYtbGRlz	52.0	1983	0.557	0.843	0.0	1.0	0.547	138.339	198800
x57Ux1JnLdBVBjZJ	4SE4yewyGpOYfxfx59Yjc5	66.0	2010	0.679	0.908	8.0	1.0	0.687	85.91799999999998	279013
x71S4uofSolcNPFt	4Dlb3TR2DCRHUz35WYG9qO	44.0	2014	0.63	0.657	7.0	1.0	0.789	92.015	183693
x7K0HvapOexFPT0o	10eDxSTjwMBq1ZjZK5b1cK	48.0	2014	0.46	0.951	3.0	1.0	0.214	143.036	224053
x7VJwzSyRISBpAQi	3l9zGL9JXEOyH5fHEDMoaC	38.0	2009	0.784	0.539	11.0	0.0	0.962	122.53	221227
x80cOUQIrinuJG1P	0lhiTK8UW6cUIgSqYk0M2l	14.0	2002	0.634	0.148	4.0	0.0	0.2769999999999999	103.227	221893
xBHnTopyZGowd1ix	53ibNhfoPYBPRY8TUmKHSj	51.0	2003	0.768	0.917	8.0	1.0	0.977	124.844	307604
xBcBT5eYwKGXd8Nx	6zcOM1i0QIKeTn8CUHWRQ2	26.0	2002	0.8029999999999999	0.56	7.0	1.0	0.879	126.164	255560
xC9CGsJKWPCpU3iJ	1dbRgKPEqltUMv524tkI3R	28.0	2013	0.5489999999999999	0.604	4.0	1.0	0.222	124.993	212373
xDBer8lasU1LbnVz	7cBkZ5cBvMUrHoCtsoDotj	27.0	2012	0.457	0.968	5.0	0.0	0.335	109.993	262547
xDV3kVCD3a7zPhwS	0gdLTqxAY4DDUQxXzmwj1z	47.0	2001	0.7490000000000001	0.429	2.0	1.0	0.954	80.325	84827
xDYoZgGKgqTJaC3A	17lJlBTeJZEC5r4m8kqrE4	52.0	2005	0.7090000000000001	0.555	2.0	1.0	0.638	106.0	231187
xE2N4kfcqEs2KAKR	415kh5SMinhvKaaJ2eUybm	29.0	2010	0.474	0.518	2.0	1.0	0.29	71.048	202613
xEF92kiWmmHEpihx	7E9jg2ygFRYPI1vJ5uR3hI	15.0	2011	0.603	0.5379999999999999	2.0	0.0	0.145	99.986	321000
xEbmBtcR1wQcnk3y	2cIO8gKMYHKe7JjIoictxl	41.0	2003	0.759	0.628	0.0	1.0	0.828	119.98	193867
xFHmLuGPrHQpfw5b	3eBOL3oWoqZUjTjZNbs6Nu	42.0	2017	0.669	0.5589999999999999	5.0	0.0	0.563	168.09799999999996	250375
xGqovyGX6LHiid9l	7bNuOPNIzik6yGLqGj0ueG	26.0	2011	0.297	0.988	11.0	0.0	0.171	160.005	561573
xHmuEydXz0tdNXUi	18T7Fo6VI9qYrs0ZEdly8q	30.0	2016	0.461	0.4370000000000001	11.0	1.0	0.27	135.846	239269
xHnTwTI6R3PwrQiC	0vPgtJDAhapyJFqIAEBWnL	39.0	2014	0.4589999999999999	0.845	7.0	0.0	0.423	124.005	231187
xImaz0herKDKCsDq	0istexEuMNx1ZXD73MI8R6	14.0	1987	0.5870000000000001	0.583	9.0	1.0	0.923	166.94099999999997	180547
xK7GTX5kwpzWCz3K	3FteycP8CaXS1MhjcXekVT	68.0	1997	0.722	0.845	2.0	0.0	0.965	130.13	204754
xKCdp20lNfYzx9tT	1iMOLNyzKtIMucwZzQSjZi	45.0	2010	0.42	0.7879999999999999	6.0	1.0	0.242	142.98	229813
xKoIQXEMwkI5l8rm	6d4fH4pJlPLJBZ21LgkA3W	22.0	1968	0.4629999999999999	0.126	7.0	1.0	0.153	118.147	200693
xKpl0eKgCSRzabu4	3SQhmctWreNM0X6Zkm2K5R	51.0	1959	0.7559999999999999	0.768	0.0	1.0	0.7829999999999999	118.208	143240
xLSp3vQqnzEcam1c	7L4G39PVgMfaeHRyi1ML7y	49.0	1972	0.4629999999999999	0.273	0.0	0.0	0.293	146.42600000000004	239960
xLfQdC8ZOzkzuyWD	1XhEEhMUmlEYU1yYwBniWB	30.0	2014	0.588	0.488	9.0	1.0	0.2239999999999999	111.981	306347
xMc4WVrW4BVrVM3B	6uWp8yAt8dN5ZaT7REJ6RV	48.0	1995	0.254	0.995	1.0	1.0	0.843	159.336	90227
xN9RzxHRD81yP8Kz	4KGyQfes7t5BiaoBvs380e	44.0	2006	0.4539999999999999	0.778	9.0	1.0	0.7040000000000001	127.158	177947
xQ68W8P3CC0HzyRg	2ToscqU2LFp01p7OA8319M	30.0	2003	0.38	0.411	7.0	1.0	0.1889999999999999	114.732	290560
xQ961GanXhQACrM3	3Lbz9WyYIFxYMNsurXD1WR	10.0	2002	0.7090000000000001	0.809	4.0	1.0	0.451	95.995	305413
xQBNtKsL20mNDHqZ	50RbMynS1mmpGLzKSRPehf	29.0	2001	0.3	0.995	1.0	0.0	0.143	131.118	206573
xS5QSLNJ3SOVCFUK	22ML0MuFKfw16WejbxsLOy	55.0	1979	0.466	0.588	5.0	0.0	0.882	156.131	209360
xSoqKWmkteO0JYra	3O02KGbzUvHYa1YkaGyHzK	25.0	1967	0.59	0.852	9.0	0.0	0.588	122.453	176107
xTB5FLZYOJoRF3Lm	60q6TXEMst3hzZSbF4Sy2G	37.0	1972	0.758	0.3939999999999999	11.0	0.0	0.7440000000000001	124.404	233933
xTkNXKaWbD5Koq8M	7wfQfnNFGWLD0BzcDngCRg	58.0	2017	0.938	0.59	7.0	1.0	0.465	100.07	175147
xUjqXrsiCLb8tPkC	2UjNsh4ipNrmog6wdS2JVv	55.0	2010	0.68	0.857	11.0	0.0	0.924	94.928	175507
xUsrGbjirGDzbtdB	0ROwoz82DIW4tOzkxYnSjf	59.0	1983	0.521	0.349	5.0	1.0	0.267	131.76	195133
xVeQ8q5TCklNk5HQ	4I2LmzpztFJF6JQijNwCjL	35.0	2014	0.688	0.552	0.0	1.0	0.586	142.026	279627
xWiOsPbEMh5AGBcO	6iPDBwtiOZGlfQt9HD0jAG	64.0	2002	0.6579999999999999	0.639	9.0	0.0	0.741	149.334	225360
xY3OHMENRBWvF4dF	7v8bt4JDFiYTtOI98sBdlH	2.0	2007	0.445	0.196	4.0	0.0	0.0676	61.758	207560
xYJySAftyT1YBQ8V	5DHQKZCOZhGNTbYBCekWx0	70.0	2015	0.507	0.635	0.0	1.0	0.0496	129.965	270453
xZfKhGT9dEbT1ESv	4Lxn1JlGJwmmXpODrNvPA6	50.0	2002	0.575	0.906	8.0	1.0	0.672	92.693	178667
xbPROldsip73RSkA	2dje9P5vO8e4vu0K4RjR2x	7.0	2003	0.132	0.998	0.0	1.0	0.0202	93.975	277413
xcRMLQyZmL7tnKoA	2KYyhbWmfbW4z8eMhFzme4	49.0	2015	0.6459999999999999	0.422	5.0	0.0	0.614	111.696	187107
xcWYLAbgy0udCFmC	30DUuHyJLCgf7W7ilUKSOK	21.0	2015	0.15	0.916	0.0	0.0	0.23	164.843	244752
xeUNHwOZoqNrQS0f	4mCylFsCR5KDE1OYhkLhou	36.0	2008	0.623	0.251	0.0	1.0	0.165	112.474	203013
xf9WfXxEpkwo13Sa	4DgsWbo20FacH2ovF9hWrc	40.0	2006	0.578	0.946	2.0	0.0	0.579	99.411	220467
xhR5W3K53lEOizCM	6bfPo8Ge3VoD4dEGSDs0R9	49.0	2007	0.4920000000000001	0.611	0.0	1.0	0.933	182.529	74960
xk0Smig2qyV1CWXH	2PoB2neKgCS51eUZybllha	31.0	1972	0.5429999999999999	0.0705	0.0	1.0	0.342	84.699	121867
xlcJoxKyEyvhIYTi	5jQsvSuvkLmnx54DidiSZ5	45.0	2018	0.693	0.77	11.0	1.0	0.7959999999999999	132.969	236880
xnLVhE998Fsd5T9n	2YEdYkua6YQhn9ywJfRhsi	19.0	2012	0.166	0.7290000000000001	10.0	1.0	0.0808	112.777	710960
xoKcHrbwYkD2pyW5	6GdcufewrMy18Q8yXeuVsl	22.0	2012	0.743	0.82	0.0	1.0	0.961	149.99200000000005	150465
xqh7LMW3sxlrBmYN	1vZtjVjaW86BJPzAmFncCp	38.0	2006	0.467	0.99	5.0	0.0	0.597	144.999	197467
xr17TNVjRfsN0SxU	08nhxjVxAq9Q37qiskGKlW	29.0	2008	0.474	0.735	2.0	1.0	0.557	79.718	245737
xsT4uiJbiPwaZL74	7aJZxI6TVdIvQSuWxQ4rqp	64.0	1969	0.799	0.662	7.0	1.0	0.7170000000000001	120.082	196000
xsk4Eo8jSHj0SRvu	0EQuu6hyNACWI7LT7N5pRv	44.0	2003	0.753	0.516	6.0	1.0	0.826	122.019	257787
xtMqh95j0EAjIl2Y	3AJ0TERUpofwM3fNxP9ZHN	30.0	1987	0.84	0.4379999999999999	2.0	1.0	0.54	115.815	285360
xuvOIIAf7xHY4tvm	0QZ2SEvrHCkdXx4uo1HBFU	5.0	2018	0.316	0.603	9.0	0.0	0.643	140.921	259710
xvCLvz9UZWSXuKG6	7bhSQqbyUvFVfmXgkF028O	54.0	2016	0.69	0.867	1.0	1.0	0.77	103.033	198400
xvrh9Bl3QEpJec6v	5DWaUCipAPsEQEYNyQF2H1	15.0	1993	0.499	0.877	1.0	1.0	0.561	143.954	307093
xwtzOtisRUakj0Xc	2HXDYLKetrIFjHhHAABnoM	40.0	1996	0.55	0.51	7.0	1.0	0.675	80.013	200093
xztHDlSqyTrGXakZ	59Hu9TYFYSUyyKpHkPZqNj	30.0	2017	0.8270000000000001	0.433	6.0	1.0	0.5870000000000001	109.618	256120
y05dHD9K6O3sCk2F	4DRQBzgiM3SQqO5bXXPGpb	45.0	2015	0.426	0.7659999999999999	0.0	1.0	0.345	120.178	204720
y16ceYuRGrjP3If0	5cfe277hqv4FEIZ58yEj58	32.0	2009	0.324	0.95	2.0	1.0	0.079	124.741	328920
y1wKnUGrDCaY4pYz	55q4rJmS8eSCvWKKQuU7SC	12.0	1993	0.251	0.604	9.0	1.0	0.351	136.75799999999998	254293
y3GYmvxf6YHJiJdz	6RL4yr3zt4CIbcz9ZZQ8iA	30.0	2006	0.5760000000000001	0.922	11.0	0.0	0.733	172.96900000000005	331747
y7wjEOq4a6FnwhXu	44BNr4lddIlY3LoiSK8CqA	4.0	2013	0.679	0.695	2.0	1.0	0.908	86.024	251562
y8WknAhGzZh4D24p	6utCu8ELXIwTBRNr00z5c9	31.0	2007	0.444	0.536	9.0	0.0	0.392	172.003	273508
y8lmwipz9oldFxS5	7jdzEA44GdSp4laVCF3Ztw	59.0	2005	0.5529999999999999	0.637	10.0	0.0	0.667	181.704	251547
y8n0jmGDTveNeIt0	3arKRnq9OUd7yq6LRwVW8I	62.0	2003	0.6629999999999999	0.546	5.0	1.0	0.6559999999999999	88.171	289533
y8wp2cUBzIEYsouc	07AiWpzE3B8aAuFAIfrlQ7	45.0	2015	0.6709999999999999	0.843	10.0	0.0	0.5670000000000001	121.973	205467
y9SEGMu4E3iUNvqA	7vIWC2buNsgC9Dx4rzBgrf	35.0	2012	0.532	0.422	0.0	0.0	0.304	99.035	160933
y9ffMY2ajzA6ehgR	73XEi2vkcuHWF2m9wiOfbu	55.0	2018	0.256	0.965	6.0	0.0	0.5479999999999999	157.034	265606
yDcSeJgnlYcSHumC	4onzXRK6Dtd1N69zEb7JJB	24.0	2011	0.743	0.885	1.0	1.0	0.635	124.938	212627
yFJONyH8gTHh4twI	6MlYQ2wTknOenhhYhofmdy	15.0	2015	0.275	0.387	3.0	0.0	0.0387	74.944	604853
yFW0KNy8lvqf3rK7	0xuNp3kLHwXvpRZEE0Aqe7	24.0	2009	0.614	0.478	7.0	1.0	0.8270000000000001	156.681	260733
yKK2DA8DfGApSgSp	6dOoikuJq30KBbNPAGXvDf	43.0	2018	0.6459999999999999	0.172	11.0	0.0	0.424	76.304	178909
yL3UJz4IgOVhcts2	5ujJ6u1CVjV0N0XhQ4aymV	35.0	2017	0.5539999999999999	0.451	10.0	1.0	0.3329999999999999	73.946	290743
yM0XX34xe4D6mcJB	48xr2tBd7u2rMH7UaRH4zr	17.0	2018	0.228	0.952	7.0	1.0	0.423	160.215	589120
yMH3YEovIpSP3qZF	45Qd0hxV9IeDfn9TE63g2Q	29.0	1990	0.126	0.87	7.0	1.0	0.283	170.338	457440
yMjT7BJyoeUTkuBd	5SWESNwRZatJiH6yVijn56	37.0	2007	0.2319999999999999	0.996	3.0	1.0	0.0563	92.513	234587
yMnXBw2y2hPNdYio	4GMCZUi6cVQJ5wPWwJ36rW	53.0	2010	0.381	0.961	1.0	1.0	0.787	156.06799999999996	143080
yNDNLQKfldKkOqhl	5TRugjx4cKvypzIe4QRk1c	55.0	2018	0.405	0.569	4.0	1.0	0.392	80.119	162800
yNsvIpsX3N7SBWnd	5bBrbeCtAntjU0SOUXnIC8	41.0	2011	0.8370000000000001	0.516	7.0	1.0	0.213	138.976	289400
yNzOlQZxlZ9wxtZW	7ayAsgiJEX0LQ2HmITxTN6	38.0	2016	0.435	0.902	0.0	0.0	0.485	139.994	187720
yQsyFSYtG7hkGdk7	4l6uTQ4A2eWZrOzjgm1bey	54.0	1978	0.303	0.262	3.0	1.0	0.599	164.584	176800
yRkXMyJccHkf7j1B	6uQL0epVs9N9Bergafaf6x	36.0	2006	0.302	0.799	4.0	0.0	0.141	152.1	201907
yRsKR8ectIxgSt78	4ESWJepzBtY2lR9oZDYVaP	57.0	2014	0.921	0.48	1.0	0.0	0.317	120.043	234787
ySbJvOEnuQXnfgFM	5EV242C6qESxCeMh9amzjd	23.0	2011	0.377	0.927	7.0	1.0	0.85	178.015	187400
ySsIhC0CziFwIiFL	6nR1XJxwiZlsDMnOsdlh5m	48.0	1995	0.742	0.299	9.0	1.0	0.51	121.997	240227
yTXxCvIddzEJihNX	1IFdbhwnSFog91YrBkVdXL	26.0	2012	0.3379999999999999	0.488	5.0	1.0	0.25	79.293	227227
yTrTVKDUiQOH1th1	4yFhRgR9S6QutTtCJGwivL	32.0	2015	0.362	0.977	11.0	1.0	0.8590000000000001	167.987	155361
yV0HEitNbSOOVUzd	0ZUPWnw89a0iLfNdcUiIm3	41.0	2011	0.4539999999999999	0.954	3.0	0.0	0.287	163.995	294613
yW7HaFbUjGvjhptq	3frjkX634GnJa3YJ0ht6Cp	29.0	2016	0.231	0.931	9.0	0.0	0.321	179.96900000000005	373347
yY3wA5gAC2EQQmEk	44jJCNW8frQLEWpYuAQz47	46.0	2008	0.3989999999999999	0.7609999999999999	9.0	1.0	0.243	140.084	304907
yY6AbJhiY7HXlPtf	4DPLEoup3RgoR5js4yTSvn	26.0	1968	0.551	0.54	2.0	0.0	0.55	101.714	261240
yY8nyOOdiR43G2X2	6dW75XbJ1WAMljOXWjTK46	52.0	1994	0.52	0.449	5.0	0.0	0.364	189.243	303960
yYY1jeyfKyuxSwoW	2djY65hifu2a4R2WqcXqKL	56.0	2013	0.623	0.716	11.0	0.0	0.203	116.914	270000
yZ7y5PFKxC1XlBLB	2SEEXKberdYHCiKCAoUXyF	46.0	2010	0.192	0.91	10.0	0.0	0.363	162.639	234773
yaPlo3XRb17GQjz1	54ywXltRO2c0H7Rv33hJ2j	28.0	1974	0.511	0.0394	4.0	0.0	0.121	74.846	159987
yaYJUCUXjfFQvrmo	4rP43Jrl0iXYPrnMQLlyXg	16.0	2015	0.665	0.698	5.0	0.0	0.605	119.982	198002
ybykwswgftxuoUP2	5d4ERnrRRe9o4I7aFLFTvP	46.0	2017	0.479	0.4629999999999999	9.0	1.0	0.649	105.189	43613
ydS4NguMgrD2NgdG	3Gy1tNeogQ28BpgSBU7i7u	30.0	2009	0.442	0.962	6.0	0.0	0.18	130.953	269133
yf4lHIy5eaOp9U2I	4De5Byq14KZbeQtWYayUb5	33.0	2008	0.542	0.7170000000000001	11.0	1.0	0.483	134.991	216607
yhoyAVAJ53Igmh4j	0DKNNR9iDjwfCEpMiFXMJq	62.0	2003	0.597	0.931	11.0	0.0	0.534	92.003	235200
yhpTlaoFlj6GAKdN	6I39hUKfIBsPBLX42jE3Dk	45.0	2011	0.774	0.429	7.0	0.0	0.5820000000000001	128.96	228720
yiGvBYasTxkxSY0K	6wZzPeqsx8wJTZcngbxW59	24.0	2005	0.856	0.743	0.0	1.0	0.933	105.035	209027
yiLeQr0aRUIubTPw	6JBCcqV0IQq57z95LtDVOV	31.0	2006	0.422	0.7879999999999999	2.0	0.0	0.125	114.953	373760
yjo9RiyzrQBIlvuo	1rCo0xUGMYYjaAYbQGVcDw	17.0	1978	0.573	0.416	0.0	0.0	0.498	130.29399999999998	372959
yjukN7LXGdkGUZYf	2ivExgZt9Inzro5wa4yAYy	26.0	1981	0.64	0.455	9.0	1.0	0.354	110.114	327640
ykA9xUPdjN6jayrF	3nBmy2hAqIDmMOD0VZGB7I	40.0	2014	0.47	0.292	6.0	0.0	0.168	66.109	198387
ykv5xRERVB3u6W3w	5yaCquc7koPqtgj7v0lwHX	58.0	1999	0.695	0.945	10.0	0.0	0.84	125.013	246427
yn8oAEHt4CidqM76	0f1eP6SfBHUmWPPmktodtk	38.0	2004	0.684	0.541	2.0	1.0	0.379	175.905	176840
ynOnBqKs9FjgYw7B	3KZ7kMSh6a2uVlW97WUvxT	37.0	2017	0.472	0.947	1.0	1.0	0.38	160.054	176250
ynSeHp6z35tIyT9N	2i04VnXg1v18K0dw7DqOt1	44.0	2018	0.72	0.546	10.0	1.0	0.214	80.96300000000002	266943
yodN31oJa6WJFB37	1i5c5PXgKEBQbMTgaIQwqn	28.0	2004	0.534	0.447	5.0	1.0	0.206	129.03	235747
yq6tFPvxC60H4DtK	1I98CzExh9HtZjt3Akz1q4	33.0	1998	0.466	0.366	9.0	0.0	0.12	97.511	326027
yqYHN9XGQJy9IQ1j	12rXJh9PExYniCUYwOZBhS	31.0	2017	0.665	0.271	4.0	0.0	0.0397	111.007	227286
yqsgfrY1HleCNCts	1iOBCjc1IekAWnemXHuc4M	24.0	1972	0.7440000000000001	0.635	5.0	1.0	0.813	106.829	191360
yr6vUBZd00KqmEyE	5LbAeKBfLr8VLISj4pHS7e	22.0	1996	0.66	0.7979999999999999	0.0	1.0	0.652	126.343	297800
ytZSmDRwaE9cQekP	6EGr2v9ECsfbdMcbxmaBSv	27.0	2006	0.423	0.985	11.0	0.0	0.433	173.33	95267
yuNZU1DeQKqZnnIi	2tBepKim58vAVEKlQhLJNP	57.0	2018	0.574	0.738	5.0	1.0	0.439	124.004	188252
yudSUyr6oaxsnQ9A	7Cx4OW8ovx6F2qrtxIniXB	39.0	2013	0.706	0.748	9.0	1.0	0.181	101.93	171787
yxlT14XNR7F6hunt	5aCGyvFrbtBD1mav3FHOd5	16.0	2009	0.363	0.944	4.0	0.0	0.312	164.88	259120
yyA3Za4koCGecYSB	2taDNIRVQzyGllj3aH0HJB	26.0	2016	0.486	0.479	0.0	1.0	0.248	132.063	253373
yyIk3K2YzzqjofLC	56yOrFMTDiRfGGygjBsO1r	16.0	2003	0.493	0.888	2.0	1.0	0.579	94.966	280773
z0UqEOsRBaWGWnqi	78z9ELDMUD1rMAo5Qoxwjn	50.0	2014	0.4529999999999999	0.973	1.0	0.0	0.262	94.999	255604
z1BAMmuIQbofobp8	375O4HjBf8mKrySZVZhbpm	8.0	2011	0.512	0.981	5.0	0.0	0.0595	102.959	254267
z1yQsZtnoyBC9ir1	1DgHVOq15mmso5RY0YQy6l	61.0	2017	0.8059999999999999	0.831	0.0	1.0	0.928	94.038	167234
z2PsEGIE1m348dMd	2N3vUnZi5Nj54ELyI8wAJ7	39.0	2017	0.473	0.809	9.0	0.0	0.281	87.62299999999998	261407
z31ccZ71kuP55GCM	6w579BXxL4z5OmQKS427Hk	27.0	2007	0.627	0.885	10.0	1.0	0.381	130.013	262987
z3EiE0NmcDImyh3B	10eBRyImhfqVvkiVEGf0N0	54.0	2010	0.455	0.623	8.0	1.0	0.208	163.893	352187
z4XkNgjq3kkOHd8I	3d6UefBBvhqHxJLZdm8scF	31.0	1984	0.5479999999999999	0.356	5.0	1.0	0.2769999999999999	139.536	333267
z4pfNCH1xUBerW1h	1PIoSHsERoVqCsg155joml	34.0	1980	0.847	0.3939999999999999	6.0	0.0	0.638	97.037	274053
z5JjR5elJdSz32i8	6ZWHoGwgcyx8Y2MSkLrikJ	42.0	2004	0.48	0.995	9.0	1.0	0.16	99.238	239464
z6v87WSfjQK8bNKv	30LmFDBAfpy6N5O5oNpqEf	17.0	2005	0.494	0.782	1.0	0.0	0.48	141.95	195387
z7L9lXo1gIFl7L6C	55O2krAAa87BgTuuASCU1m	37.0	2014	0.659	0.865	2.0	0.0	0.787	150.034	217120
zANDquBlUyMx28rd	0yPtrsxbNOqmYJrJFV0DlY	26.0	2010	0.466	0.989	9.0	0.0	0.385	153.02	207640
zBLnLkRQK4nzmlPf	24mneB7dgyhjc0PciU2F7V	21.0	2005	0.2319999999999999	0.706	7.0	0.0	0.216	101.478	302627
zDqNW4zTvRb78Jnk	5w3NgfV8v1nNZFLUBlGHIL	62.0	2017	0.602	0.929	6.0	0.0	0.677	130.024	177306
zEBVrrQF02bX2NSa	2Z8p9IOdCGfFHhBhqoP9In	23.0	2004	0.118	0.7390000000000001	4.0	1.0	0.17	149.967	267680
zFK4RSCvR3oglaMh	60YxOoRjmZ7286VqrJubnP	29.0	2008	0.622	0.3939999999999999	9.0	1.0	0.4639999999999999	81.978	190213
zFT7HXaRLvrhE64n	27Ol0Mb3vPswTd6j1S0gau	29.0	1996	0.373	0.607	2.0	1.0	0.494	108.867	232867
zHUYkKQGLWU26P1r	7mIycpf6R0f0BoirdQrBIL	23.0	1998	0.6759999999999999	0.7090000000000001	0.0	1.0	0.428	150.11	253760
zHozLx4GhJsG7xLJ	6V4jDRc7vz1mxMaGlD4sFM	6.0	1998	0.733	0.903	5.0	1.0	0.836	122.569	211467
zI9DjkxOs5x1EhJQ	26zkmF12NR0aXZiNbziIFt	9.0	2011	0.5720000000000001	0.416	0.0	0.0	0.152	108.036	231013
zIZgBz2zLYDfg6iL	5Eacqhvav5yxAvH7ad668k	31.0	2010	0.402	0.964	1.0	0.0	0.4679999999999999	168.12099999999995	240093
zIagtjh2pMr8HBiY	33jDWSi3Dvb12xfojksReF	29.0	2009	0.542	0.73	5.0	1.0	0.541	118.213	212427
zIzvSchzmfB7kNXx	2Wa8j5DWs4RrRd3hSAEtgB	40.0	2018	0.586	0.7809999999999999	2.0	1.0	0.284	124.051	235920
zJHVctRv5Cc6A6kj	3q6yzAePQwXCCHdCRHLhMs	19.0	2017	0.687	0.862	10.0	1.0	0.708	128.135	243185
zJrLudtjuoTngLd0	2SFq0UIiBWkBgky0fkrHP0	41.0	1986	0.8490000000000001	0.415	1.0	1.0	0.831	114.044	299493
zKBHAHBff5zCQltk	3Q2WWj798f8gxJTK2pkQp1	32.0	2009	0.353	0.962	6.0	1.0	0.331	116.136	272880
zKPxu12v5BGKC5QL	0ttj1wwcdP9qeQGWV7s1S9	20.0	1993	0.142	0.286	9.0	1.0	0.0377	72.183	183809
zKi72tOou1efJzXV	17Qrg32WidadZLdd60jNSW	33.0	1991	0.303	0.92	11.0	1.0	0.231	91.83	394400
zL3PfhwhsQMypXtX	0AXHS2kTSc3U4Ocw1OJ4Rq	40.0	2012	0.546	0.945	9.0	1.0	0.701	112.445	144533
zL9bilYev1zOZOwg	7HUWpVXaWyF2lxecb0f615	20.0	2014	0.402	0.7809999999999999	7.0	1.0	0.413	134.562	201213
zLAHHVG1ajV9Ttk2	3pO37BXsjMC2wApALxGbuB	60.0	2005	0.391	0.8009999999999999	6.0	0.0	0.341	146.72899999999996	229867
zLIZEr0zFataPTEI	4guOQnBd4qNmWV1z3ApAmf	21.0	2003	0.6940000000000001	0.8759999999999999	6.0	0.0	0.5489999999999999	130.093	194560
zMzPlLlGdn90dZeo	1e1krgHCTUGDhhIgsRVHJ0	47.0	2003	0.557	0.901	11.0	1.0	0.357	93.98	183787
zNLVakHQFQGWkQ24	3c13ucL6ziDiGD68rqoBNF	36.0	2009	0.61	0.735	10.0	1.0	0.1	115.007	301213
zODMkQZR2uQ5hfNN	3dQKepUZWJzQxKTTcXsVKX	22.0	1982	0.1689999999999999	0.965	7.0	1.0	0.2019999999999999	153.093	61000
zPnDmTeGC4vikUDP	77ytnawf5W8AOmmK7lqxpG	26.0	2009	0.6829999999999999	0.439	7.0	1.0	0.573	113.004	245453
zQ3hZKsvO5MSOZdJ	3gbP63XL6lUrIDYvNyyBjJ	15.0	2010	0.627	0.615	11.0	1.0	0.292	81.991	247307
zRhDC7SLdVSUC6dB	1WyyVzGqPMR55nnRrI2i4s	27.0	2004	0.3339999999999999	0.991	7.0	1.0	0.6579999999999999	181.479	115800
zSDooPUvSq35sd3h	0iXdF8F7htTErXSKEA2piV	8.0	2008	0.397	0.89	0.0	1.0	0.235	129.953	339213
zTdC3xWJNtaYyjV2	7DUpuAzGUyJaJB3p9BC3Ms	50.0	2003	0.792	0.797	0.0	0.0	0.491	123.993	276360
zTxCINaydSvXbYha	4C8KdkMWnXqEWfG6ZPY8eE	42.0	2000	0.737	0.8440000000000001	4.0	0.0	0.939	130.861	285600
zXN9nUA3jsHprGdO	4iAZHgJy9dbiswzswB04E1	12.0	2007	0.794	0.929	1.0	0.0	0.645	104.65	231880
zXcaCZoKnWbu9HQF	4jMj7rLEvT2ygN5TKva0f0	33.0	1995	0.752	0.645	11.0	0.0	0.0768	109.033	215467
zYLPylpOxSkbP3dS	5ek7B40dJ0AVmC81lyTAJY	38.0	2002	0.884	0.59	8.0	1.0	0.797	103.03	250373
zb2YG5SP0IoaHIPq	2aLwnE68RfhO8Z6bwKWSEr	8.0	1968	0.47	0.527	4.0	1.0	0.447	126.24	157840
zc0de8jOQzVtc0fN	00tIenSH3ie9GEjOzUC8M6	22.0	1986	0.747	0.525	11.0	0.0	0.768	125.616	208067
zcRqATRcssHILwXO	1bn9Zym5wOUDrK8SaQHIeP	35.0	2006	0.609	0.655	11.0	0.0	0.352	79.079	225787
zeoIIrQqqA7dMJ7s	26y3XUwvY6c6sGu4Dfsg65	44.0	2005	0.535	0.951	2.0	1.0	0.69	145.67	214693
zf6cXW4e4URhsNmb	39fUc1PFMJdOUJrSWrPuYp	37.0	1967	0.429	0.602	8.0	1.0	0.632	157.10299999999995	156080
zfVNX9IiwSpdeVGK	4dP90SAmFzv9hjyaqgVVDG	35.0	2009	0.757	0.8270000000000001	0.0	1.0	0.8370000000000001	144.931	196587
zhEWbWRLGsnvVaga	6va3HLKrGQWBLZnD7wozvg	10.0	2007	0.414	0.118	0.0	1.0	0.482	110.072	266360
zkfa2n6DQZOzD6D9	3sc9YIcDSPCXsQ0zzX3JLW	52.0	1996	0.481	0.391	2.0	1.0	0.357	89.889	243333
zouQdm6DhqT3aD6x	4qGK21F2n8zYRNsllinNaS	47.0	2010	0.598	0.672	0.0	0.0	0.3379999999999999	125.086	280287
zpahhSN2PshaUsLG	6LQzYkmd8ADbKOOEVDnlG4	54.0	2014	0.6559999999999999	0.8420000000000001	0.0	1.0	0.384	101.364	193987
zq4iGQ6XY9e62zxw	3mvE6342MSu7wJvXUpTamG	16.0	2005	0.462	0.67	9.0	0.0	0.352	133.024	272307
zqglVIowjob0jRtl	3hbkRucgqWDHW9w8Dts5Iq	34.0	2015	0.7040000000000001	0.639	2.0	1.0	0.698	115.0	210130
zrxSYjVqwJrc2YGG	3uGdQUIgiOQ2YupuxFtNOu	24.0	2014	0.59	0.884	11.0	0.0	0.539	123.973	193413
zsBSl3gUPiEZzfvu	2ASMRdulqfuFhYAIw1dOUM	31.0	2018	0.1969999999999999	0.907	5.0	1.0	0.3429999999999999	84.61399999999998	607835
zsCTNZk7vynXWcR9	2e9wVSClNF9ddehdjIIUMS	27.0	2000	0.3779999999999999	0.948	4.0	1.0	0.816	137.376	199840
zsCzLWXLeXjQdNfM	1eVlxXRgXud4Ro0ZFNUtI1	37.0	2015	0.621	0.619	1.0	1.0	0.267	134.056	257480
zsKr7YjZT1jEReIH	2y82wIIM4BsJnlwi1tG09X	18.0	2015	0.4589999999999999	0.953	7.0	1.0	0.196	112.027	184613
zsgfGTmU8sZ4dIid	0oFLfvr9urU0uqK8xL34Fi	19.0	2002	0.407	0.872	3.0	1.0	0.359	120.072	226502
zu435IwGtNr9JjMF	47nJdvSobIGBYdN7y2caLM	46.0	1979	0.615	0.405	4.0	0.0	0.645	118.531	354627
zuH2w66p0IO9Udee	59rWOvuBELmfqvVBI9NiWf	39.0	2014	0.356	0.214	1.0	1.0	0.0382	139.957	397827
zxYtSeZzEVgPczJz	5ryqM9rQsZdOStCNyhmUX7	20.0	1984	0.461	0.6859999999999999	1.0	1.0	0.687	104.659	163067
zxlnGZoud2KCmSaw	5RHa3VjASOPK9MOOPQ7doa	14.0	2012	0.0818	0.909	7.0	0.0	0.0507	205.843	249360
zyzILCQvVeUFIINi	3inU2bLDJluBCUhDvpGFxv	34.0	1988	0.421	0.698	9.0	1.0	0.527	121.157	285667
zzpkRCGA5ud8q4mv	3bmUD0LSCvR3uzFnOe2JQw	36.0	1965	0.486	0.291	10.0	1.0	0.245	200.941	207400
zzx8CWdM7qkxKQpC	02ePLmR1A5hSSkIuD2S3Zq	29.0	2004	0.351	0.916	4.0	0.0	0.45	100.077	187478
